-- phpMyAdmin SQL Dump
-- version 4.1.14
-- http://www.phpmyadmin.net
--
-- Host: 127.0.0.1
-- Generation Time: Feb 28, 2017 at 09:12 AM
-- Server version: 5.6.17
-- PHP Version: 5.5.12

SET SQL_MODE = "NO_AUTO_VALUE_ON_ZERO";
SET time_zone = "+00:00";


/*!40101 SET @OLD_CHARACTER_SET_CLIENT=@@CHARACTER_SET_CLIENT */;
/*!40101 SET @OLD_CHARACTER_SET_RESULTS=@@CHARACTER_SET_RESULTS */;
/*!40101 SET @OLD_COLLATION_CONNECTION=@@COLLATION_CONNECTION */;
/*!40101 SET NAMES utf8 */;

--
-- Database: `sms_private`
--

-- --------------------------------------------------------

--
-- Table structure for table `actions`
--

CREATE TABLE IF NOT EXISTS `actions` (
  `id` int(11) NOT NULL AUTO_INCREMENT,
  `safety_recommendation_id` int(11) DEFAULT NULL,
  `details` text,
  `modified` timestamp NOT NULL DEFAULT CURRENT_TIMESTAMP ON UPDATE CURRENT_TIMESTAMP,
  `deadline` varchar(128) NOT NULL,
  `date_action_taken` varchar(128) NOT NULL,
  `status` tinyint(4) NOT NULL DEFAULT '1',
  `incident_id` int(11) DEFAULT NULL,
  `reported_by` varchar(32) NOT NULL,
  `accepted` varchar(3) NOT NULL,
  `comment` varchar(256) NOT NULL,
  `notification` varchar(20) DEFAULT 'NOT YET',
  `current_user` int(11) DEFAULT NULL,
  `current_user_id` int(11) DEFAULT NULL,
  PRIMARY KEY (`id`),
  KEY `incident_id` (`incident_id`)
) ENGINE=InnoDB  DEFAULT CHARSET=latin1 AUTO_INCREMENT=27 ;

--
-- Dumping data for table `actions`
--

INSERT INTO `actions` (`id`, `safety_recommendation_id`, `details`, `modified`, `deadline`, `date_action_taken`, `status`, `incident_id`, `reported_by`, `accepted`, `comment`, `notification`, `current_user`, `current_user_id`) VALUES
(1, NULL, 'Stop using trolleys', '2016-02-21 12:54:03', '2016-02-21', '2015-07-21', 1, 11, 'Test', '', '', 'Final Sent', NULL, NULL),
(2, NULL, 'Tile the floor', '2016-02-21 13:17:32', '2016-02-23', '2015-07-21', 1, 11, 'Kraiba', '', '', 'Final Sent', NULL, NULL),
(3, NULL, 'Replace floor tiles.', '2016-10-08 05:39:29', '2015-07-27', '2015-07-24', 1, 10, '', 'YES', '', '', NULL, NULL),
(4, NULL, 'Replace the air conditioner', '2015-07-25 20:29:59', '2015-07-27', '2015-07-24', 1, 1, '', '', '', '', NULL, NULL),
(5, NULL, 'Call the service provider to do the maintenance works.', '2015-07-27 17:47:11', '2015-07-30', '', 1, 13, '', '', '', '', NULL, NULL),
(6, NULL, 'Internal I.T team is trying to handle', '2015-07-27 17:53:39', '2015-07-28', '', 1, 13, '', '', '', '', NULL, NULL),
(7, NULL, 'Contact service provider', '2015-08-10 18:25:24', '2015-07-30', '2015-07-24', 1, 39, 'admin', 'Yes', 'No comment.', '', NULL, NULL),
(8, NULL, 'Replace all plastic material with metal', '2015-08-11 10:19:10', '2015-08-12', '2015-08-10', 1, 37, 'admin', '', 'NO COMMENT', '', NULL, NULL),
(9, NULL, 'Replace all plastic material with metal', '2015-08-11 14:03:22', '2015-08-11', '2015-08-11', 1, 42, 'admin', 'N/A', 'NO COMMENT', '', NULL, NULL),
(10, NULL, 'Replace all plastic material with metal', '2015-08-11 15:32:44', '2015-08-19', '2015-08-11', 1, 24, 'admin', 'Yes', 'NO COMMENT', '', NULL, NULL),
(11, NULL, 'Replace tank with new one', '2015-09-25 16:32:05', '2015-09-25', '2015-09-25', 1, 46, 'admin', 'Yes', 'Passed', '', NULL, NULL),
(12, NULL, 'sleeping', '2016-02-09 10:32:21', '2016-02-23', '2016-02-18', 1, 83, 'Samuel.B', 'Yes', 'unable to sleep ', 'Final Sent', NULL, NULL),
(13, NULL, 'b1', '2016-02-09 10:42:22', '2016-02-09', '2016-02-09', 1, 86, 'admin', 'No', 'b1', '', NULL, NULL),
(14, NULL, 'aaa', '2016-02-09 16:59:17', '2016-02-09', '2016-02-09', 1, 88, 'admin', 'N/A', '', '', NULL, NULL),
(15, NULL, 'tesr', '2016-02-21 14:19:13', '2016-02-21', '2016-02-21', 1, 108, 'admin', 'Yes', '', 'Final Sent', NULL, NULL),
(16, NULL, 'TESR', '2016-02-21 14:21:07', '2016-02-21', '2016-02-21', 1, 108, 'admin', 'N/A', 'TT', 'Final Sent', NULL, NULL),
(17, NULL, 'TESTRD', '2016-02-21 14:22:34', '2016-02-21', '2016-02-21', 1, 108, 'admin', 'N/A', '', 'Final Sent', NULL, NULL),
(18, NULL, 'Replace tile floors with something more rough', '2016-07-26 16:14:58', '2016-07-27', '', 1, 214, 'admin', 'N/A', '', 'NOT YET', NULL, NULL),
(19, NULL, 'Planned for under Current Budget', '2016-08-23 11:14:49', '2016-08-23', '2016-08-31', 1, 222, 'admin', 'Yes', 'To monitor', 'NOT YET', NULL, NULL),
(20, NULL, 'Mitigation implementation', '2016-10-05 09:55:14', '', '2016-10-03', 1, 226, 'admin', 'YES', 'No comment', 'NOT YET', NULL, NULL),
(21, NULL, 'Details of mitigatin implementation', '2016-10-05 10:32:06', '', '2016-10-04', 1, 226, 'guest', 'NO', 'some comment', 'NOT YET', NULL, NULL),
(22, NULL, 'GPS instrument was installed', '2016-10-10 09:13:31', '', '2016-10-11', 1, 224, 'admin', 'YES', 'Needs constant monitoring', 'NOT YET', NULL, NULL),
(23, NULL, 'GPS instrument was installed', '2016-10-16 21:46:43', '', '2016-10-10', 1, 233, 'kakama', 'YES', 'No comment', 'NOT YET', NULL, NULL),
(24, NULL, 'MITIGATION 30', '2016-11-03 10:59:41', '', '2016-11-03', 1, 30, 'admin', 'NO', '', 'NOT YET', NULL, NULL),
(25, 73, 'DETAILS 30', '2016-11-03 11:26:02', '', '2016-11-03', 1, 30, 'admin', 'YES', '', 'NOT YET', NULL, NULL),
(26, 76, 'Mitigation implementation', '2016-11-03 14:56:41', '', '2016-11-30', 1, 69, 'admin', 'YES', '', 'NOT YET', NULL, NULL);

-- --------------------------------------------------------

--
-- Table structure for table `actions_audit_form`
--

CREATE TABLE IF NOT EXISTS `actions_audit_form` (
  `id` int(11) NOT NULL AUTO_INCREMENT,
  `details` text,
  `modified` timestamp NOT NULL DEFAULT CURRENT_TIMESTAMP ON UPDATE CURRENT_TIMESTAMP,
  `deadline` varchar(128) NOT NULL,
  `date_action_taken` varchar(128) NOT NULL,
  `status` tinyint(4) NOT NULL DEFAULT '1',
  `audit_form_id` int(11) DEFAULT NULL,
  `reported_by` varchar(32) NOT NULL,
  `accepted` varchar(3) NOT NULL,
  `comment` varchar(256) NOT NULL,
  `notification` varchar(20) DEFAULT 'NOT YET',
  `current_user` int(11) DEFAULT NULL,
  `current_user_id` int(11) DEFAULT NULL,
  PRIMARY KEY (`id`),
  KEY `audit_form_id` (`audit_form_id`)
) ENGINE=InnoDB  DEFAULT CHARSET=latin1 AUTO_INCREMENT=5 ;

--
-- Dumping data for table `actions_audit_form`
--

INSERT INTO `actions_audit_form` (`id`, `details`, `modified`, `deadline`, `date_action_taken`, `status`, `audit_form_id`, `reported_by`, `accepted`, `comment`, `notification`, `current_user`, `current_user_id`) VALUES
(1, 'Details of implementation', '2016-10-08 07:09:41', '', '2016-10-05', 1, 4, 'admin', 'NO', 'some comment', 'NOT YET', NULL, NULL),
(2, 'Details of mitigatin implementation', '2016-10-08 07:14:46', '', '2016-10-02', 1, 4, 'admin', 'NO', 'some comment', 'NOT YET', NULL, NULL),
(3, 'GPS instrument was installed', '2016-10-11 08:48:15', '', '2016-10-17', 1, 10, 'admin', 'YES', 'some comment', 'NOT YET', NULL, NULL),
(4, 'Mitigation implementation', '2016-10-17 05:33:45', '', '2016-10-18', 1, 12, 'kakama', 'NO', 'some comment', 'NOT YET', NULL, NULL);

-- --------------------------------------------------------

--
-- Table structure for table `actions_investigation`
--

CREATE TABLE IF NOT EXISTS `actions_investigation` (
  `id` int(11) NOT NULL AUTO_INCREMENT,
  `safety_recommendation_id` int(11) DEFAULT NULL,
  `details` text,
  `modified` timestamp NOT NULL DEFAULT CURRENT_TIMESTAMP ON UPDATE CURRENT_TIMESTAMP,
  `deadline` varchar(128) NOT NULL,
  `date_action_taken` varchar(128) NOT NULL,
  `status` tinyint(4) NOT NULL DEFAULT '1',
  `investigation_id` int(11) DEFAULT NULL,
  `reported_by` varchar(32) NOT NULL,
  `accepted` varchar(3) NOT NULL,
  `comment` varchar(256) NOT NULL,
  `notification` varchar(20) DEFAULT 'NOT YET',
  `current_user` int(11) DEFAULT NULL,
  `current_user_id` int(11) DEFAULT NULL,
  PRIMARY KEY (`id`),
  KEY `investigation_id` (`investigation_id`)
) ENGINE=InnoDB  DEFAULT CHARSET=latin1 AUTO_INCREMENT=9 ;

--
-- Dumping data for table `actions_investigation`
--

INSERT INTO `actions_investigation` (`id`, `safety_recommendation_id`, `details`, `modified`, `deadline`, `date_action_taken`, `status`, `investigation_id`, `reported_by`, `accepted`, `comment`, `notification`, `current_user`, `current_user_id`) VALUES
(1, NULL, 'Details of implementation', '2016-10-08 06:47:37', '', '2016-10-03', 1, 1, 'admin', 'YES', 'No comment', 'NOT YET', NULL, NULL),
(2, NULL, 'Mitigation implementation', '2016-10-08 05:42:15', '', '2016-10-04', 1, 1, 'admin', 'YES', 'some comment', 'NOT YET', NULL, NULL),
(3, NULL, 'Mitigation implementation', '2016-10-08 05:37:18', '', '2016-10-04', 1, 1, 'admin', 'NO', 'some comment', 'NOT YET', NULL, NULL),
(4, NULL, 'Safety Recommendations Implementation', '2016-10-11 08:42:53', '', '2016-10-14', 1, 4, 'guest', 'YES', 'no comment', 'NOT YET', NULL, NULL),
(5, NULL, 'Mitigation implementation', '2016-10-14 01:23:00', '', '2016-10-11', 1, 5, 'admin', 'NO', 'No comment', 'NOT YET', NULL, NULL),
(6, NULL, 'aircraft implementation update', '2016-10-14 01:46:45', '', '2016-10-13', 1, 227, 'admin', 'YES', 'comment', 'NOT YET', NULL, NULL),
(7, NULL, 'aircraft implementation update', '2016-10-16 22:02:00', '', '2016-10-15', 1, 106, 'kakama', 'YES', 'No comment', 'NOT YET', NULL, NULL),
(8, 46, 'Some details here', '2016-11-02 15:55:02', '', '2016-11-02', 1, 106, 'admin', 'YES', 'some comment', 'NOT YET', NULL, NULL);

-- --------------------------------------------------------

--
-- Table structure for table `actions_safety_recommendations`
--

CREATE TABLE IF NOT EXISTS `actions_safety_recommendations` (
  `id` int(11) NOT NULL AUTO_INCREMENT,
  `details` text,
  `modified` timestamp NOT NULL DEFAULT CURRENT_TIMESTAMP ON UPDATE CURRENT_TIMESTAMP,
  `deadline` varchar(128) NOT NULL,
  `date_action_taken` varchar(128) NOT NULL,
  `status` tinyint(4) NOT NULL DEFAULT '1',
  `sr_id` int(11) DEFAULT NULL,
  `reported_by` varchar(32) NOT NULL,
  `accepted` varchar(3) NOT NULL,
  `comment` varchar(256) NOT NULL,
  `notification` varchar(20) DEFAULT 'NOT YET',
  `current_user` int(11) DEFAULT NULL,
  `current_user_id` int(11) DEFAULT NULL,
  PRIMARY KEY (`id`),
  KEY `sr_id` (`sr_id`)
) ENGINE=InnoDB  DEFAULT CHARSET=latin1 AUTO_INCREMENT=3 ;

--
-- Dumping data for table `actions_safety_recommendations`
--

INSERT INTO `actions_safety_recommendations` (`id`, `details`, `modified`, `deadline`, `date_action_taken`, `status`, `sr_id`, `reported_by`, `accepted`, `comment`, `notification`, `current_user`, `current_user_id`) VALUES
(1, 'Mitigation implementation', '2016-10-19 06:34:41', '', '2016-10-03', 1, 60, 'kakama', 'YES', 'some comment', 'NOT YET', NULL, NULL),
(2, 'GPS instrument was installed', '2016-11-03 16:46:03', '', '2016-11-03', 1, 80, 'admin', 'NO', '', 'NOT YET', NULL, NULL);

-- --------------------------------------------------------

--
-- Table structure for table `actions_taken`
--

CREATE TABLE IF NOT EXISTS `actions_taken` (
  `id` int(11) NOT NULL AUTO_INCREMENT,
  `description` varchar(256) NOT NULL,
  `status` tinyint(4) NOT NULL DEFAULT '1',
  `incident_id` int(11) DEFAULT NULL,
  `date` timestamp NOT NULL DEFAULT CURRENT_TIMESTAMP,
  `reported_by` varchar(128) NOT NULL,
  `current_user` int(11) DEFAULT NULL,
  `current_user_id` int(11) DEFAULT NULL,
  PRIMARY KEY (`id`)
) ENGINE=InnoDB  DEFAULT CHARSET=latin1 AUTO_INCREMENT=4 ;

--
-- Dumping data for table `actions_taken`
--

INSERT INTO `actions_taken` (`id`, `description`, `status`, `incident_id`, `date`, `reported_by`, `current_user`, `current_user_id`) VALUES
(1, 'Some action was taken', 1, 235, '2016-10-04 09:36:05', 'admin', NULL, NULL),
(2, 'Some action was taken', 1, 235, '2016-10-04 09:39:42', 'admin', NULL, NULL),
(3, 'Some action was taken', 1, 224, '2016-10-10 09:03:57', 'admin', NULL, NULL);

-- --------------------------------------------------------

--
-- Table structure for table `aircraft_incident_investigations`
--

CREATE TABLE IF NOT EXISTS `aircraft_incident_investigations` (
  `id` int(11) NOT NULL AUTO_INCREMENT COMMENT 'No',
  `date_of_occurence` date NOT NULL COMMENT 'Date of occurence',
  `aircraft_involved` varchar(20) NOT NULL COMMENT 'Aircraft involved',
  `description` text COMMENT 'Description',
  `form_of_notification` varchar(30) NOT NULL COMMENT 'Form of Notification',
  `category` varchar(30) NOT NULL COMMENT 'Category',
  `level_of_investigation` varchar(30) NOT NULL COMMENT 'Level of Investigation',
  `investigators` text COMMENT 'Investigator(s)',
  `tor` text COMMENT 'tor',
  `date_of_assignment` date DEFAULT NULL COMMENT 'Date of Assignment',
  `deadline` date NOT NULL COMMENT 'Deadline',
  `transcript` date NOT NULL COMMENT 'Transcript',
  `preliminary_report` varchar(20) NOT NULL COMMENT 'Preliminary report',
  `SAG_submission` date NOT NULL COMMENT 'SAG',
  `SAG_reviewed` date NOT NULL,
  `forwarded_to_DANS_and_Mgrs` date NOT NULL COMMENT 'SRC or forwarded to DANS and Mgrs',
  `final_report` text COMMENT 'Final report',
  `status` tinyint(4) NOT NULL DEFAULT '1',
  `transcript_submitted` varchar(32) NOT NULL,
  `controller_report` varchar(32) NOT NULL,
  `controller_report_submitted` varchar(32) NOT NULL,
  `sodf` varchar(32) NOT NULL,
  `sodf_submitted` varchar(32) NOT NULL,
  `fps` varchar(32) NOT NULL,
  `fps_submitted` varchar(32) NOT NULL,
  `preliminary_report_submitted` varchar(32) NOT NULL,
  `SAG_submitted` varchar(32) NOT NULL,
  `SAG_reviewed_by` varchar(32) NOT NULL,
  `forwarded_to_DANS_and_Mgrs_sent` varchar(32) NOT NULL,
  `incident_id` int(11) DEFAULT NULL,
  `root_cause` int(11) DEFAULT NULL,
  `assigned_to_investigator` tinyint(4) NOT NULL DEFAULT '0',
  `investigator_assigned` int(11) DEFAULT NULL,
  `administrator_assigned` int(11) DEFAULT NULL,
  `invesitagor_done` tinyint(4) NOT NULL DEFAULT '0',
  `assigned_to_officer` tinyint(4) NOT NULL DEFAULT '0',
  `officer_assigned` int(11) DEFAULT NULL,
  `officer_done` tinyint(4) NOT NULL DEFAULT '0',
  `current_user` int(11) DEFAULT NULL,
  `current_user_id` int(11) DEFAULT NULL,
  PRIMARY KEY (`id`)
) ENGINE=MyISAM  DEFAULT CHARSET=latin1 AUTO_INCREMENT=6 ;

--
-- Dumping data for table `aircraft_incident_investigations`
--

INSERT INTO `aircraft_incident_investigations` (`id`, `date_of_occurence`, `aircraft_involved`, `description`, `form_of_notification`, `category`, `level_of_investigation`, `investigators`, `tor`, `date_of_assignment`, `deadline`, `transcript`, `preliminary_report`, `SAG_submission`, `SAG_reviewed`, `forwarded_to_DANS_and_Mgrs`, `final_report`, `status`, `transcript_submitted`, `controller_report`, `controller_report_submitted`, `sodf`, `sodf_submitted`, `fps`, `fps_submitted`, `preliminary_report_submitted`, `SAG_submitted`, `SAG_reviewed_by`, `forwarded_to_DANS_and_Mgrs_sent`, `incident_id`, `root_cause`, `assigned_to_investigator`, `investigator_assigned`, `administrator_assigned`, `invesitagor_done`, `assigned_to_officer`, `officer_assigned`, `officer_done`, `current_user`, `current_user_id`) VALUES
(1, '2016-06-01', '5ZUAN', '<p>Going around due to runway incursion</p>', 'Voluntary', 'serious', 'Full', 'Mwesigye Henry', '<p>2016-07-26</p>', '2016-06-25', '2016-06-30', '2016-07-26', 'submitted on 27th Ju', '2016-07-26', '2016-07-26', '2016-07-26', 'Pending', 1, 'NO', '', 'Not submitted', '', 'Not submitted', '', 'Not submitted', 'NO', 'Not Forwarded', '', 'Not Forwarded', 1, NULL, 0, NULL, NULL, 0, 0, NULL, 0, NULL, NULL),
(2, '2016-06-15', 'Boeng  44545', '<p>Investigation 23232</p>', 'Operational logs', 'CATEGORY', 'Full', 'Samuel', '2016-07-07', '2016-06-16', '2016-06-17', '2016-07-07', 'Not attached', '2016-07-07', '2016-07-07', '2016-07-07', 'Pending', 1, 'Submitted', '', 'Submitted', '', 'Submitted', '', 'Submitted', 'Completed', 'Forwarded', '', 'Forwarded', NULL, NULL, 0, NULL, NULL, 0, 0, NULL, 0, NULL, NULL),
(3, '2016-07-26', 'AIRCRAFT INVOLVED', '<p>DESCRIPTION</p>', 'Operational logs', '', 'Full', NULL, '<p>TERMS OF REFERENCE</p>', '0000-00-00', '0000-00-00', '0000-00-00', '', '0000-00-00', '0000-00-00', '0000-00-00', 'Pending', 1, 'Not submitted', '', 'Not submitted', '', 'Not submitted', '', 'Not submitted', 'Not Completed', 'Not Forwarded', '', 'Not Forwarded', 1, NULL, 0, NULL, NULL, 0, 0, NULL, 0, NULL, NULL),
(4, '2016-07-26', 'AIRCRAFT INVOLVED', '<p>DESCRIPTION</p>', 'Operational logs', '', 'Full', NULL, '<p>TERMS OF SERVICE</p>', '0000-00-00', '0000-00-00', '0000-00-00', '', '0000-00-00', '0000-00-00', '0000-00-00', 'Pending', 1, 'Not submitted', '', 'Not submitted', '', 'Not submitted', '', 'Not submitted', 'Not Completed', 'Not Forwarded', '', 'Not Forwarded', 214, NULL, 0, NULL, 2, 0, 1, 3, 1, NULL, NULL),
(5, '2015-07-07', 'AQB123', 'Crossing 12/30', 'Mandatory', 'UNKNOWN', 'Brief', NULL, '<p>None</p>', '2016-10-10', '2016-10-20', '0000-00-00', '', '0000-00-00', '0000-00-00', '0000-00-00', NULL, 1, '', '', '', '', '', '', '', '', '', '', '', 223, NULL, 0, NULL, 2, 0, 1, 3, 0, NULL, NULL);

-- --------------------------------------------------------

--
-- Table structure for table `aircraft_incident_investigation_investigators`
--

CREATE TABLE IF NOT EXISTS `aircraft_incident_investigation_investigators` (
  `id` int(11) NOT NULL AUTO_INCREMENT,
  `aircraft_incident_investigation_id` int(11) DEFAULT NULL,
  `investigator_id` int(11) DEFAULT NULL,
  `status` tinyint(4) NOT NULL DEFAULT '1',
  `date` timestamp NOT NULL DEFAULT CURRENT_TIMESTAMP,
  `current_user` int(11) DEFAULT NULL,
  `current_user_id` int(11) DEFAULT NULL,
  PRIMARY KEY (`id`)
) ENGINE=InnoDB  DEFAULT CHARSET=latin1 AUTO_INCREMENT=2 ;

--
-- Dumping data for table `aircraft_incident_investigation_investigators`
--

INSERT INTO `aircraft_incident_investigation_investigators` (`id`, `aircraft_incident_investigation_id`, `investigator_id`, `status`, `date`, `current_user`, `current_user_id`) VALUES
(1, 2, 3, 1, '2016-07-11 10:07:42', NULL, NULL);

-- --------------------------------------------------------

--
-- Table structure for table `aircraft_types`
--

CREATE TABLE IF NOT EXISTS `aircraft_types` (
  `id` int(11) NOT NULL AUTO_INCREMENT,
  `name` varchar(256) NOT NULL,
  `status` tinyint(4) NOT NULL DEFAULT '1',
  `current_user` int(11) DEFAULT NULL,
  `current_user_id` int(11) DEFAULT NULL,
  PRIMARY KEY (`id`)
) ENGINE=InnoDB  DEFAULT CHARSET=latin1 AUTO_INCREMENT=3 ;

--
-- Dumping data for table `aircraft_types`
--

INSERT INTO `aircraft_types` (`id`, `name`, `status`, `current_user`, `current_user_id`) VALUES
(1, 'AIRCRAFT TYPE A', 1, NULL, NULL),
(2, 'AIRCRAFT TYPE B', 1, NULL, NULL);

-- --------------------------------------------------------

--
-- Table structure for table `audit_form`
--

CREATE TABLE IF NOT EXISTS `audit_form` (
  `issue_no` int(11) NOT NULL AUTO_INCREMENT COMMENT 'Issue Number',
  `issue_date` date NOT NULL COMMENT 'Issue Date',
  `auditor_technical_assessor` varchar(200) NOT NULL COMMENT 'Auditor/Technical Assesor',
  `area_audited` varchar(200) NOT NULL COMMENT 'Area  Audited',
  `area_audited_date` date DEFAULT NULL COMMENT 'Date of Area Audit',
  `auditees_representative` int(11) NOT NULL COMMENT 'Auditee''s Representative ',
  `detailed_observation` text COMMENT 'Part 1: Detailed Observation',
  `classification_of_non_conformance` varchar(256) NOT NULL COMMENT 'Classification of Non-conformance( Major/Minor/Observation)',
  `reference_number_of_iso_9001_or_procedure` varchar(200) NOT NULL COMMENT 'Reference number of ISO 9001 or Procedure/Regular/Standard',
  `root_cause_analysis_of_non_conformance` text COMMENT 'Root Cause Analysis of Non-conformance',
  `suggested_corrective_action` text COMMENT 'Part 2: Suggested corrective action. Note(Corrective action shall follow to be indicated overleaf)',
  `proposed_date_of_realisation` date DEFAULT NULL COMMENT 'Proposed date of realisation',
  `verification_of_proof` text COMMENT 'Verification of proof of effective corrective action and close-out by the auditor',
  `verification_of_proof_date` date DEFAULT NULL COMMENT 'Date of Verification of proof ',
  `lead_auditors_comments` text COMMENT 'Lead Auditor''s Comments',
  `lead_auditors_comments_date` date DEFAULT NULL COMMENT 'Date of Lead Auditor''s Comments',
  `user_id` int(11) DEFAULT NULL COMMENT 'User ',
  `status` tinyint(4) NOT NULL DEFAULT '1',
  `audit_plan_id` int(11) DEFAULT NULL,
  `questionnaire` int(11) DEFAULT NULL,
  `questionnaire_sub_element` int(11) DEFAULT NULL,
  `priority` int(11) NOT NULL,
  `current_user_id` int(11) DEFAULT NULL,
  `open_close` tinyint(4) NOT NULL DEFAULT '0',
  `type_of_control` int(11) DEFAULT NULL,
  PRIMARY KEY (`issue_no`),
  KEY `user_id` (`user_id`)
) ENGINE=InnoDB  DEFAULT CHARSET=latin1 AUTO_INCREMENT=23 ;

--
-- Dumping data for table `audit_form`
--

INSERT INTO `audit_form` (`issue_no`, `issue_date`, `auditor_technical_assessor`, `area_audited`, `area_audited_date`, `auditees_representative`, `detailed_observation`, `classification_of_non_conformance`, `reference_number_of_iso_9001_or_procedure`, `root_cause_analysis_of_non_conformance`, `suggested_corrective_action`, `proposed_date_of_realisation`, `verification_of_proof`, `verification_of_proof_date`, `lead_auditors_comments`, `lead_auditors_comments_date`, `user_id`, `status`, `audit_plan_id`, `questionnaire`, `questionnaire_sub_element`, `priority`, `current_user_id`, `open_close`, `type_of_control`) VALUES
(1, '2016-07-26', 'Mark Lubega', 'Try', NULL, 1, '', '', 'PHR56777', '', '', '2016-07-26', '', '2016-07-26', '', '2016-07-26', NULL, 1, NULL, NULL, NULL, 0, 3, 0, NULL),
(2, '2016-06-28', 'Kraiba', 'Kabalagala', '2016-06-28', 1, '-Good , more room for improvement', '', 'HF/30/2015', '- Late submission', '- Submit Early', '2016-06-28', 'Verified', '2016-06-28', '-Good\r\n', '2016-06-28', 2, 1, NULL, NULL, NULL, 0, 3, 0, NULL),
(3, '2016-07-11', 'AUDITOR', 'AREA_AUDITED', '2016-07-11', 1, '', 'minor', 'REFERENCE', '', '', '2016-07-01', '', '2016-07-07', '', '2016-07-07', 2, 1, 1, NULL, NULL, 0, NULL, 0, NULL),
(4, '2016-06-20', 'Wanzu', 'App', '2016-06-20', 1, '<p>The radar Screens are too bright</p>', 'minor', 'MANSOPS I section5', '<p>Light adjustment on screen is unservicaeble</p>', '<p>Replace screens</p>', '2016-10-30', '<p>&nbsp;Non conformity corrected</p>', '2016-11-12', '<p>This CAP has effectively resolved the non conformity</p>', '2016-12-03', 2, 1, 1, 2, NULL, 0, NULL, 0, NULL),
(5, '2016-10-01', 'advisor', 'area', '2016-10-05', 4, '<p>observation</p>', 'major', 'reference', '<p>root cause analysis</p>', '<p>corrective actions</p>', '2015-12-12', '', '0000-00-00', '', '0000-00-00', 2, 1, 1, NULL, NULL, 0, NULL, 0, NULL),
(6, '0000-00-00', 'advisor', 'area', '2016-10-05', 3, '<p>detailed observation</p>', 'major', 'reference', '<p>root cause analysis here</p>', '<p>suggested corrective actions</p>', '0000-00-00', '', '0000-00-00', '', '0000-00-00', 2, 1, 4, NULL, NULL, 0, NULL, 0, NULL),
(7, '0000-00-00', 'Auditor, Technical Assesor', 'Area Audited ', '2016-10-04', 2, '<p>Detailed Observation</p>', 'major', '3432', '<p>Root Cause Analysis of Non-conformance</p>', '<p>Suggested corrective action.</p>', '0000-00-00', '', '0000-00-00', '', '0000-00-00', 2, 1, 2, NULL, NULL, 0, NULL, 0, NULL),
(8, '0000-00-00', 'Auditor, Technical Assesor', 'Area Audited', '2016-10-03', 5, '<p>Detailed Observatio</p>', 'major', 'reference', '<p>Root Cause Analysis of Non-conformance</p>', '<p>Suggested corrective action</p>', '0000-00-00', '', '0000-00-00', '<p>Some comment</p>', '0000-00-00', 2, 1, 2, NULL, NULL, 0, NULL, 0, NULL),
(9, '0000-00-00', 'Auditor, Technical Assesor', 'Area Audited', '2016-10-05', 1, '<p>Detailed Observation</p>', 'minor', 'reference', '<p>Root Cause Analysis of Non-conformance</p>', '<p>Suggested corrective action</p>', '0000-00-00', '', '0000-00-00', '', '0000-00-00', 2, 1, 3, NULL, NULL, 0, NULL, 0, NULL),
(10, '2016-10-03', 'Auditor, Technical Assesor', 'Area Audited', '2016-10-10', 2, '<p>detailed observation</p>', 'observation', '398a', '<p>cause analysis</p>', '<p>action corrective</p>', '2016-10-31', '', '0000-00-00', '<p>somecomment</p>', '2016-12-01', 2, 1, 1, NULL, NULL, 9, NULL, 1, NULL),
(11, '2016-10-13', 'ronald', 'area 51', '2016-10-26', 3, '<p>details go here</p>', 'minor', 'non', '<p>root cause analysus34 nj</p>', '<p>actions... from above</p>', '2016-10-25', '<h3 class="box-title">Verification of proof of effective corrective action and close-out by the auditor</h3>', NULL, '<p>lead auditors comments</p>', NULL, 2, 1, 5, NULL, NULL, 6, NULL, 0, NULL),
(12, '2016-10-17', 'Auditor, Technical Assesor', 'Area Audited', '2016-10-16', 10, '<p>Details</p>', 'minor', 'REF213', NULL, NULL, NULL, NULL, NULL, '<p>LEAD AUDITOR''S COMMENTS</p>', '2016-10-25', 2, 1, 1, NULL, NULL, 0, 10, 1, NULL),
(13, '2016-11-02', 'Auditor, Technical Assesor', 'Area Audited', '2016-11-30', 2, '<p>DETAILED OBSERVATION</p>', 'minor', 'REF', NULL, '<p>SUGGESTED CORRECTIVE ACTION</p>', NULL, NULL, NULL, NULL, NULL, 2, 1, 1, NULL, NULL, 0, 2, 0, NULL),
(14, '2016-11-02', 'Auditor, Technical Assesor', 'Area Audited', '2016-11-08', 2, '<p>DETAILED OBSERVATION</p>', 'minor', 'REF', '<p>ROOT CAUSE ANALYSIS</p>', NULL, NULL, NULL, NULL, NULL, NULL, 2, 1, 4, NULL, NULL, 0, 2, 1, NULL),
(15, '2016-11-03', 'Auditor, Technical Assesor', 'Area Audited', '2016-10-05', 2, '<p>DETAILED OBSERVATION</p>', 'minor', 'REF', NULL, NULL, NULL, NULL, NULL, NULL, NULL, 2, 1, 2, NULL, NULL, 0, 2, 0, NULL),
(16, '2016-11-03', 'Auditor, Technical Assesor', 'Area Audited', '2016-11-03', 2, '<p>Detailed Observation</p>', 'minor', 'REF', NULL, NULL, NULL, NULL, NULL, NULL, NULL, 2, 1, 4, NULL, NULL, 8, 2, 1, NULL),
(17, '2016-12-02', 'Auditor, Technical Assesor', 'Area Audited', '2016-12-02', 1, '<p>detail</p>', 'minor', 'REFERENCE', NULL, NULL, NULL, NULL, NULL, NULL, NULL, 2, 1, NULL, 35, 1, 0, 1, 0, NULL),
(18, '2016-12-02', 'Auditor, Technical Assesor', 'Area Audited', '2016-11-29', 2, '<p>detail</p>', 'minor', 'REFERENCE', NULL, NULL, NULL, NULL, NULL, NULL, NULL, 2, 1, NULL, 10, 1, 0, 2, 0, NULL),
(19, '2016-12-05', 'Auditor, Technical Assesor', 'Area Audited', '2016-12-05', 2, '<p>DETAILED OBSERVATION</p>', 'minor', 'REFERENCE', NULL, NULL, NULL, NULL, NULL, NULL, NULL, 2, 1, 2, NULL, NULL, 0, 2, 0, 1),
(20, '2016-12-05', 'Auditor, Technical Assesor', 'Area Audited', '2016-12-05', 2, '<p>OBSERVATION</p>', 'minor', 'REFERENCE', NULL, NULL, NULL, NULL, NULL, NULL, NULL, 2, 1, 1, NULL, NULL, 0, 2, 0, 1),
(21, '2016-12-29', 'Auditor, Technical Assesor', 'Area Audited', '2016-12-01', 2, '<p>DETAILED OBSERVATION</p>', 'minor', 'REFERENCE', '<p>ROOT CAUSE ANALYSIS</p>', '<p>SUGGESTED CORRECTIVE ACTION</p>', '2016-12-01', NULL, NULL, NULL, NULL, 2, 1, 6, NULL, NULL, 1, 2, 0, 1),
(22, '2016-12-30', 'Auditor, Technical Assesor', 'Area Audited', '2016-12-01', 2, '<p>DETAILED OBSERVATION</p>', 'minor', 'REFERENCE', NULL, '<p>SUGGESTED CORRECTIVE ACTION.</p>', NULL, NULL, NULL, NULL, NULL, 2, 1, NULL, 36, 1, 0, 2, 0, 1);

-- --------------------------------------------------------

--
-- Table structure for table `audit_form_work_flow`
--

CREATE TABLE IF NOT EXISTS `audit_form_work_flow` (
  `id` int(11) NOT NULL AUTO_INCREMENT,
  `audit_form` int(11) NOT NULL,
  `user` int(11) NOT NULL,
  `status` int(11) NOT NULL,
  `date` timestamp NULL DEFAULT NULL,
  `current_user` int(11) DEFAULT NULL,
  `current_user_id` int(11) DEFAULT NULL,
  PRIMARY KEY (`id`),
  KEY `user` (`user`),
  KEY `audit_form` (`audit_form`)
) ENGINE=MyISAM  DEFAULT CHARSET=latin1 AUTO_INCREMENT=17 ;

--
-- Dumping data for table `audit_form_work_flow`
--

INSERT INTO `audit_form_work_flow` (`id`, `audit_form`, `user`, `status`, `date`, `current_user`, `current_user_id`) VALUES
(1, 1, 1, 1, NULL, NULL, NULL),
(2, 1, 1, 1, NULL, NULL, NULL),
(3, 1, 1, 1, NULL, NULL, NULL),
(4, 1, 1, 1, NULL, NULL, NULL),
(5, 1, 1, 1, NULL, NULL, NULL),
(6, 1, 1, 1, NULL, NULL, NULL),
(7, 1, 3, 1, NULL, NULL, NULL),
(8, 1, 1, 1, NULL, NULL, NULL),
(9, 1, 2, 1, NULL, NULL, NULL),
(10, 1, 1, 1, '0000-00-00 00:00:00', NULL, NULL),
(11, 1, 1, 1, '2015-09-25 06:14:39', NULL, NULL),
(12, 1, 2, 1, '2015-09-25 13:15:30', NULL, NULL),
(13, 1, 2, 1, '2015-09-26 21:05:51', NULL, NULL),
(14, 1, 2, 1, '2015-09-26 22:17:17', NULL, NULL),
(15, 1, 7, 1, '2016-02-09 16:30:19', NULL, NULL),
(16, 1, 7, 1, '2016-02-09 16:32:48', NULL, NULL);

-- --------------------------------------------------------

--
-- Table structure for table `audit_plan`
--

CREATE TABLE IF NOT EXISTS `audit_plan` (
  `id` int(11) NOT NULL AUTO_INCREMENT,
  `title` varchar(256) NOT NULL,
  `date_created` timestamp NOT NULL DEFAULT CURRENT_TIMESTAMP,
  `user` int(11) DEFAULT NULL,
  `status` tinyint(4) NOT NULL DEFAULT '1',
  `current_user` int(11) DEFAULT NULL,
  `current_user_id` int(11) DEFAULT NULL,
  PRIMARY KEY (`id`)
) ENGINE=InnoDB  DEFAULT CHARSET=latin1 AUTO_INCREMENT=7 ;

--
-- Dumping data for table `audit_plan`
--

INSERT INTO `audit_plan` (`id`, `title`, `date_created`, `user`, `status`, `current_user`, `current_user_id`) VALUES
(1, 'SAMPLE AUDIT PLAN', '2016-07-11 08:40:49', 2, 1, NULL, NULL),
(2, 'DANS SMS INTERNAL AUDIT PLAN July 2016', '2016-07-19 12:22:13', 2, 1, NULL, NULL),
(3, 'sms INTERNAL eVALUATION', '2016-07-25 12:16:44', 2, 1, NULL, NULL),
(4, 'sms INTERNAL eVALUATION', '2016-08-09 08:50:03', 6, 1, NULL, NULL),
(5, 'plan a', '2016-08-25 14:27:26', 12, 1, NULL, NULL),
(6, 'TITLE OF AUDIT PLAN', '2016-12-29 15:15:57', 2, 1, NULL, NULL);

-- --------------------------------------------------------

--
-- Table structure for table `audit_plan_fields`
--

CREATE TABLE IF NOT EXISTS `audit_plan_fields` (
  `id` int(11) NOT NULL AUTO_INCREMENT,
  `name` varchar(256) NOT NULL,
  `description` text,
  `audit_plan_id` int(11) DEFAULT NULL,
  `date` timestamp NOT NULL DEFAULT CURRENT_TIMESTAMP,
  `current_user` int(11) DEFAULT NULL,
  `current_user_id` int(11) DEFAULT NULL,
  PRIMARY KEY (`id`),
  KEY `audit_plan_id` (`audit_plan_id`)
) ENGINE=InnoDB  DEFAULT CHARSET=latin1 AUTO_INCREMENT=3 ;

--
-- Dumping data for table `audit_plan_fields`
--

INSERT INTO `audit_plan_fields` (`id`, `name`, `description`, `audit_plan_id`, `date`, `current_user`, `current_user_id`) VALUES
(1, 'SAMPLE FIELD', '<p>"Lorem ipsum dolor sit amet, consectetur adipiscing elit, sed do eiusmod tempor incididunt ut labore et dolore magna aliqua. Ut enim ad minim veniam, quis nostrud exercitation ullamco laboris nisi ut aliquip ex ea commodo consequat. Duis aute irure dolor in reprehenderit in voluptate velit esse cillum dolore eu fugiat nulla pariatur. Excepteur sint occaecat cupidatat non proident, sunt in culpa qui officia deserunt mollit anim id est laborum."</p>', 1, '2016-07-11 08:41:35', NULL, NULL),
(2, 'TITLE OF SECTION', '<p>DETAILS OF SECTION GO HERE.</p>', 6, '2016-12-29 15:17:11', NULL, NULL);

-- --------------------------------------------------------

--
-- Table structure for table `audit_plan_work_flow`
--

CREATE TABLE IF NOT EXISTS `audit_plan_work_flow` (
  `id` int(11) NOT NULL AUTO_INCREMENT,
  `audit_plan` int(11) NOT NULL,
  `user` int(11) NOT NULL,
  `status` int(11) NOT NULL,
  `date` timestamp NULL DEFAULT NULL,
  `current_user` int(11) DEFAULT NULL,
  `current_user_id` int(11) DEFAULT NULL,
  PRIMARY KEY (`id`),
  KEY `user` (`user`),
  KEY `audit_form` (`audit_plan`)
) ENGINE=MyISAM DEFAULT CHARSET=latin1 AUTO_INCREMENT=1 ;

-- --------------------------------------------------------

--
-- Table structure for table `audit_report`
--

CREATE TABLE IF NOT EXISTS `audit_report` (
  `id` int(11) NOT NULL AUTO_INCREMENT,
  `title` varchar(256) NOT NULL,
  `date_created` timestamp NOT NULL DEFAULT CURRENT_TIMESTAMP,
  `user` int(11) DEFAULT NULL,
  `status` tinyint(4) NOT NULL DEFAULT '1',
  `audit_plan_id` int(11) DEFAULT NULL,
  `current_user` int(11) DEFAULT NULL,
  `current_user_id` int(11) DEFAULT NULL,
  PRIMARY KEY (`id`),
  KEY `audit_plan_id` (`audit_plan_id`),
  KEY `user` (`user`)
) ENGINE=InnoDB  DEFAULT CHARSET=latin1 AUTO_INCREMENT=5 ;

--
-- Dumping data for table `audit_report`
--

INSERT INTO `audit_report` (`id`, `title`, `date_created`, `user`, `status`, `audit_plan_id`, `current_user`, `current_user_id`) VALUES
(1, 'SAMPLE AUDIT REPORT', '2016-07-11 08:44:35', 2, 1, 1, NULL, 3),
(2, 'INternal audit of the ATM department', '2016-07-19 13:25:34', 2, 1, 1, NULL, NULL),
(3, 'SMS internal Evaluation ', '2016-07-26 11:08:53', 2, 1, 3, NULL, NULL),
(4, 'TITLE OF AUDIT REPORT', '2016-12-29 18:44:36', 2, 1, 6, NULL, NULL);

-- --------------------------------------------------------

--
-- Table structure for table `audit_report_fields`
--

CREATE TABLE IF NOT EXISTS `audit_report_fields` (
  `id` int(11) NOT NULL AUTO_INCREMENT,
  `name` varchar(256) NOT NULL,
  `description` text,
  `report_id` int(11) DEFAULT NULL,
  `date` timestamp NOT NULL DEFAULT CURRENT_TIMESTAMP,
  `current_user` int(11) DEFAULT NULL,
  `current_user_id` int(11) DEFAULT NULL,
  PRIMARY KEY (`id`),
  KEY `report_id` (`report_id`)
) ENGINE=InnoDB  DEFAULT CHARSET=latin1 AUTO_INCREMENT=4 ;

--
-- Dumping data for table `audit_report_fields`
--

INSERT INTO `audit_report_fields` (`id`, `name`, `description`, `report_id`, `date`, `current_user`, `current_user_id`) VALUES
(1, 'Sample Field', '<p>"Lorem ipsum dolor sit amet, consectetur adipiscing elit, sed do eiusmod tempor incididunt ut labore et dolore magna aliqua. Ut enim ad minim veniam, quis nostrud exercitation ullamco laboris nisi ut aliquip ex ea commodo consequat. Duis aute irure dolor in reprehenderit in voluptate velit esse cillum dolore eu fugiat nulla pariatur. Excepteur sint occaecat cupidatat non proident, sunt in culpa qui officia deserunt mollit anim id est laborum."</p>', 1, '2016-07-11 08:44:51', NULL, NULL),
(2, 'feild', '<p>details</p>', 2, '2016-07-19 13:27:35', NULL, NULL),
(3, 'TITLE OF SECTION', '<p>DETAILS OF SECTION GO HERE</p>', 4, '2016-12-29 18:45:35', NULL, NULL);

-- --------------------------------------------------------

--
-- Table structure for table `category`
--

CREATE TABLE IF NOT EXISTS `category` (
  `ID` int(11) NOT NULL AUTO_INCREMENT,
  `category` varchar(255) DEFAULT NULL,
  `current_user` int(11) DEFAULT NULL,
  `current_user_id` int(11) DEFAULT NULL,
  PRIMARY KEY (`ID`)
) ENGINE=InnoDB  DEFAULT CHARSET=latin1 AUTO_INCREMENT=3 ;

--
-- Dumping data for table `category`
--

INSERT INTO `category` (`ID`, `category`, `current_user`, `current_user_id`) VALUES
(1, 'Yii tutorial', NULL, NULL),
(2, 'Wordpress article', NULL, NULL);

-- --------------------------------------------------------

--
-- Table structure for table `causes`
--

CREATE TABLE IF NOT EXISTS `causes` (
  `id` int(11) NOT NULL AUTO_INCREMENT,
  `details` varchar(256) NOT NULL,
  `modified` timestamp NOT NULL DEFAULT CURRENT_TIMESTAMP ON UPDATE CURRENT_TIMESTAMP,
  `status` tinyint(4) NOT NULL DEFAULT '1',
  `incident_id` int(11) DEFAULT NULL,
  `reported_by` varchar(32) NOT NULL,
  `current_user` int(11) DEFAULT NULL,
  `current_user_id` int(11) DEFAULT NULL,
  PRIMARY KEY (`id`),
  KEY `incident_id` (`incident_id`)
) ENGINE=InnoDB  DEFAULT CHARSET=latin1 AUTO_INCREMENT=37 ;

--
-- Dumping data for table `causes`
--

INSERT INTO `causes` (`id`, `details`, `modified`, `status`, `incident_id`, `reported_by`, `current_user`, `current_user_id`) VALUES
(1, 'Unreliable communication  between Entebbe ACC and Kinshasa ACC', '2015-08-04 08:51:01', 1, 14, '', NULL, NULL),
(2, 'Non adherence to procedures ', '2015-08-04 08:52:10', 1, 14, '', NULL, NULL),
(3, 'Non adherence to procedures', '2015-08-10 14:50:33', 1, 39, 'admin', NULL, NULL),
(4, 'Unmonitored personel', '2015-08-11 06:32:02', 1, 37, 'admin', NULL, NULL),
(5, 'aging of door hinge', '2015-08-11 16:25:21', 1, 46, 'admin', NULL, NULL),
(6, 'Automatic loking system got damaged and we suggested it in meeting at tower', '2015-09-25 12:40:43', 1, 47, 'admin', NULL, NULL),
(7, 'Communication', '2016-05-11 07:51:56', 1, 59, 'admin', NULL, NULL),
(8, 'unknown', '2016-05-11 07:52:10', 1, 59, 'admin', NULL, NULL),
(9, 'Unreliable communication  between Entebbe ACC and Kinshasa ACC', '2015-10-01 09:49:39', 1, 65, 'admin', NULL, NULL),
(10, 'Unreliable communication  between Entebbe ACC and Kinshasa ACC', '2015-10-01 11:48:45', 1, 60, 'admin', NULL, NULL),
(11, 'Communication', '2016-05-11 07:51:49', 1, 60, 'admin', NULL, NULL),
(12, 'Communication', '2016-05-11 07:52:00', 1, 67, 'admin', NULL, NULL),
(13, 'no governing policy', '2016-05-11 07:53:08', 1, 77, 'admin', NULL, NULL),
(14, 'unknown', '2016-05-11 07:52:54', 1, 40, 'admin', NULL, NULL),
(15, 'lack of feedback', '2016-05-11 07:52:49', 1, 88, 'sms', NULL, NULL),
(16, 'old equipment', '2016-05-11 07:52:41', 1, 27, 'admin', NULL, NULL),
(17, 'poor maintainace', '2016-01-20 08:20:10', 1, 98, 'admin', NULL, NULL),
(18, 'poor maintenance', '2016-05-11 07:52:18', 1, 83, 'Samuel.B', NULL, NULL),
(19, 'unknown', '2016-05-11 07:52:23', 1, 99, 'admin', NULL, NULL),
(20, 'unreliable communication equipment', '2016-05-11 07:52:34', 1, 86, 'admin', NULL, NULL),
(21, 'Poor verification system', '2016-06-25 03:07:03', 1, 72, 'admin', NULL, NULL),
(22, 'Poor Power Installations', '2016-06-25 05:29:18', 1, 126, 'bwire', NULL, NULL),
(23, 'Poor Power Installations', '2016-06-25 07:32:18', 1, 122, 'admin', NULL, NULL),
(24, 'Poor maintenace', '2016-07-25 12:39:17', 1, 204, 'admin', NULL, NULL),
(25, 'Poor maintenace', '2016-07-26 11:49:20', 1, 128, 'admin', NULL, NULL),
(26, 'Poor workman ship', '2016-07-26 11:49:45', 1, 128, 'admin', NULL, NULL),
(27, 'Poor Legulatory land use frame work', '2016-08-03 08:27:51', 1, 215, 'admin', NULL, NULL),
(28, 'Natural Phenomena', '2016-08-03 08:56:51', 1, 203, 'admin', NULL, NULL),
(29, 'bad weather', '2016-08-03 08:59:30', 1, 48, 'admin', NULL, NULL),
(30, 'done', '2016-08-23 10:59:24', 1, 185, 'admin', NULL, NULL),
(31, 'Lack of Perimeter wideRoad', '2016-08-23 11:09:37', 1, 222, 'admin', NULL, NULL),
(32, 'lack of a safety assessment before implementation of the project', '2016-08-23 11:43:54', 1, 228, 'admin', NULL, NULL),
(33, 'Lack of Perimeter wideRoad', '2016-08-30 09:48:29', 1, 225, 'rogers', NULL, NULL),
(34, 'POOR PLUMBING', '2016-09-14 09:23:17', 1, 234, 'admin', NULL, NULL),
(35, 'POOR PLUMBING', '2016-09-14 09:23:41', 1, 234, 'admin', NULL, NULL),
(36, 'POOR PLUMBING', '2016-09-14 09:24:35', 1, 234, 'admin', NULL, NULL);

-- --------------------------------------------------------

--
-- Table structure for table `change_management`
--

CREATE TABLE IF NOT EXISTS `change_management` (
  `id` int(11) NOT NULL AUTO_INCREMENT,
  `originator_name` varchar(128) NOT NULL,
  `originator_title` varchar(128) NOT NULL,
  `system_equipment_concerned` varchar(256) NOT NULL,
  `date_raised` date NOT NULL,
  `reference_no` varchar(32) NOT NULL,
  `change_description` text,
  `change_justification` text,
  `back_out_plan` text,
  `affected_areas` varchar(256) NOT NULL,
  `costs` varchar(256) NOT NULL,
  `time` varchar(128) NOT NULL,
  `proposed_implementer` varchar(32) NOT NULL,
  `recommended_by` varchar(32) NOT NULL,
  `approved_by` varchar(32) NOT NULL,
  `reported_by` varchar(32) NOT NULL,
  `recommendation_date` date NOT NULL,
  `approval_date` date NOT NULL,
  `modified` timestamp NOT NULL DEFAULT CURRENT_TIMESTAMP ON UPDATE CURRENT_TIMESTAMP,
  `status` tinyint(4) NOT NULL DEFAULT '1',
  `title_of_change` varchar(256) NOT NULL,
  `division` varchar(256) NOT NULL,
  `areas_affected` text,
  `current_user` int(11) DEFAULT NULL,
  `current_user_id` int(11) DEFAULT NULL,
  PRIMARY KEY (`id`)
) ENGINE=InnoDB  DEFAULT CHARSET=latin1 AUTO_INCREMENT=10 ;

--
-- Dumping data for table `change_management`
--

INSERT INTO `change_management` (`id`, `originator_name`, `originator_title`, `system_equipment_concerned`, `date_raised`, `reference_no`, `change_description`, `change_justification`, `back_out_plan`, `affected_areas`, `costs`, `time`, `proposed_implementer`, `recommended_by`, `approved_by`, `reported_by`, `recommendation_date`, `approval_date`, `modified`, `status`, `title_of_change`, `division`, `areas_affected`, `current_user`, `current_user_id`) VALUES
(1, 'Sam Bwire', 'SMS Manager', 'Server room', '0000-00-00', '', 'Replacement of tiles', '', '', '', '', '', 'admin', '', '', 'admin', '0000-00-00', '0000-00-00', '0000-00-00 00:00:00', 1, '', '', '', NULL, NULL),
(2, 'Security', 'Security Manager', 'Automatic door locks', '0000-00-00', '232323', '', '', '', '', '', '24 hours', 'Roco systems', 'Mr. Mulindwa', 'Oboth Henry', 'admin', '0000-00-00', '0000-00-00', '2015-11-03 12:46:57', 1, '', '', '', NULL, NULL),
(3, 'Wanzunula Rogers', 'PAIMO SMS', 'AIM AUTOMATION PHASE 3', '0000-00-00', 'AIM3', 'Improving current AIM system to provide for digital NOTAM', '', '', '', '', '2 years ', 'Avitech ', 'Marion Tibenderana', 'Barongo Ronny', 'admin', '0000-00-00', '0000-00-00', '2016-05-26 10:55:09', 1, '', '', '', NULL, NULL),
(4, 'ANDREW MWESIGE', 'PTO-SMS/QA', 'VHF RADIOS', '0000-00-00', '0000011', 'TRANSFER VHF RADIO ANTENNA TO NEW MAST ', '', '', '', '', '1040UTC', 'STO-COM', 'PTO-M', 'MCNS', 'admin', '0000-00-00', '0000-00-00', '2016-05-26 10:55:44', 1, '', '', '', NULL, NULL),
(5, 'ORGINATOR', 'TITLE', '', '2016-07-11', '', '<p>n/a</p>', '<p>n/a</p>', '<p>n/a</p>', '', '', '', '', 'RECOMMENDED BY', '', 'admin', '2016-03-04', '2016-07-11', '2016-07-11 11:10:55', 1, 'VHF RADIOS REINSTALLATION', 'DIVISION', '', NULL, NULL),
(6, 'Wanzunula Rogers', 'PAIMO SMS', 'The SMS server', '2016-07-30', 'SMS1', '<p>To create the SMS database to improve monitoring of safety threats</p>', '<p>Monitor effectivenss of the safety risk controls</p>', '<p>adjust propcurement&nbsp;</p>', '', '100m', '2 years ', 'PC MAX', 'Matovu David', 'DANS', 'admin', '2016-07-27', '2016-07-31', '2016-07-19 13:35:31', 1, 'Installation of the SMS database', 'ANS', '', NULL, NULL),
(7, 'originator', 'title', '', '2016-08-25', 'ref', '<p>n/a</p>', '<p>n/a</p>', '<p>n/a</p>', '', 'costs', '', '', 'recomended', '', 'wabomba', '2001-01-01', '2016-08-25', '2016-08-25 14:39:18', 1, 'title of change', 'division', '', NULL, NULL),
(8, 'originator name', 'originator title', 'equipment', '2016-10-04', 'ref#', '<p>change description</p>', '<p>change justification</p>', '<p>backout plan</p>', 'sms department', '23139900', '4pm', 'rogers', 'admin', 'admin', 'admin', '2016-03-01', '2016-10-10', '2016-10-10 10:27:10', 1, 'title of changen', 'division', 'department sms', NULL, NULL),
(9, 'ORIGINATOR NAME', 'ORIGINATOR TITLE', 'SYSTEM EQUIPMENT', '2016-12-01', 'REFERENCE', '<p>CHANGE DESCPRIPTION</p>\r\n<p>&nbsp;</p>', '<p>CHANGE JUSTIFICATION</p>\r\n<p>&nbsp;</p>', '<p>BACK OUT PLAN</p>\r\n<p>&nbsp;</p>', 'AFFECTED AREA', 'COSTS', 'TIME', 'IMPLEMENTOR', 'RECOMMENDED BY', 'APPROVED BY', 'admin', '2016-03-01', '2016-12-30', '2016-12-30 03:52:36', 1, 'TITLE OF CHANGE', 'DIVISIN', 'AFFECTED AREA', NULL, NULL);

-- --------------------------------------------------------

--
-- Table structure for table `cm_affected_areas`
--

CREATE TABLE IF NOT EXISTS `cm_affected_areas` (
  `id` int(11) NOT NULL AUTO_INCREMENT,
  `change_management_id` int(11) DEFAULT NULL,
  `details` varchar(256) NOT NULL,
  `modified` timestamp NOT NULL DEFAULT CURRENT_TIMESTAMP ON UPDATE CURRENT_TIMESTAMP,
  `status` tinyint(4) NOT NULL DEFAULT '1',
  `reported_by` varchar(32) NOT NULL,
  `current_user` int(11) DEFAULT NULL,
  `current_user_id` int(11) DEFAULT NULL,
  PRIMARY KEY (`id`),
  KEY `change_management_id` (`change_management_id`)
) ENGINE=InnoDB  DEFAULT CHARSET=latin1 AUTO_INCREMENT=8 ;

--
-- Dumping data for table `cm_affected_areas`
--

INSERT INTO `cm_affected_areas` (`id`, `change_management_id`, `details`, `modified`, `status`, `reported_by`, `current_user`, `current_user_id`) VALUES
(1, 1, 'Server room', '0000-00-00 00:00:00', 1, 'admin', NULL, NULL),
(2, 2, 'Tower', '2015-11-03 12:47:13', 1, 'admin', NULL, NULL),
(3, 2, 'Parking', '2015-11-03 12:47:26', 1, 'admin', NULL, NULL),
(4, 4, 'Equipment room', '2016-05-26 11:24:46', 1, 'admin', NULL, NULL),
(5, 4, 'ACC', '2016-05-26 11:25:19', 1, 'admin', NULL, NULL),
(6, 4, 'sms', '2016-05-26 11:25:58', 1, 'admin', NULL, NULL),
(7, 3, 'Notam dissemination', '2016-05-26 11:26:37', 1, 'admin', NULL, NULL);

-- --------------------------------------------------------

--
-- Table structure for table `cm_costs`
--

CREATE TABLE IF NOT EXISTS `cm_costs` (
  `id` int(11) NOT NULL AUTO_INCREMENT,
  `change_management_id` int(11) DEFAULT NULL,
  `item` varchar(128) NOT NULL,
  `cost` int(11) NOT NULL,
  `reported_by` varchar(32) NOT NULL,
  `modified` timestamp NOT NULL DEFAULT CURRENT_TIMESTAMP ON UPDATE CURRENT_TIMESTAMP,
  `staus` tinyint(4) NOT NULL DEFAULT '1',
  `unit` varchar(32) NOT NULL,
  `current_user` int(11) DEFAULT NULL,
  `current_user_id` int(11) DEFAULT NULL,
  PRIMARY KEY (`id`),
  KEY `change_management_id` (`change_management_id`)
) ENGINE=InnoDB  DEFAULT CHARSET=latin1 AUTO_INCREMENT=4 ;

--
-- Dumping data for table `cm_costs`
--

INSERT INTO `cm_costs` (`id`, `change_management_id`, `item`, `cost`, `reported_by`, `modified`, `staus`, `unit`, `current_user`, `current_user_id`) VALUES
(1, 1, 'Reh Hat Linux Operating System', 7000, 'admin', '0000-00-00 00:00:00', 1, 'USD', NULL, NULL),
(2, 3, 'AMHS switch', 1000000, 'admin', '2016-05-26 11:27:44', 1, 'USD', NULL, NULL),
(3, 4, 'ITEM', 1400000, 'admin', '2016-06-18 20:54:11', 1, 'UGX', NULL, NULL);

-- --------------------------------------------------------

--
-- Table structure for table `consequences`
--

CREATE TABLE IF NOT EXISTS `consequences` (
  `id` int(11) NOT NULL AUTO_INCREMENT,
  `description` text,
  `modified` timestamp NOT NULL DEFAULT CURRENT_TIMESTAMP ON UPDATE CURRENT_TIMESTAMP,
  `status` tinyint(4) NOT NULL DEFAULT '1',
  `incident_id` int(11) DEFAULT NULL,
  `reported_by` varchar(32) NOT NULL,
  `current_user` int(11) DEFAULT NULL,
  `current_user_id` int(11) DEFAULT NULL,
  PRIMARY KEY (`id`),
  KEY `incident_id` (`incident_id`)
) ENGINE=InnoDB  DEFAULT CHARSET=latin1 AUTO_INCREMENT=97 ;

--
-- Dumping data for table `consequences`
--

INSERT INTO `consequences` (`id`, `description`, `modified`, `status`, `incident_id`, `reported_by`, `current_user`, `current_user_id`) VALUES
(1, 'Aircraft collision', '2015-07-28 08:56:10', 1, 1, '', NULL, NULL),
(2, 'Runway Incursion', '2015-07-28 08:56:10', 1, 1, '', NULL, NULL),
(3, 'Air proximity', '2015-07-28 08:56:28', 1, 1, '', NULL, NULL),
(4, 'Miscommunication', '2015-07-28 09:12:47', 1, 1, '', NULL, NULL),
(5, '4 days of no work in server room', '2015-08-10 14:01:14', 1, 40, '', NULL, NULL),
(6, '7 hours of no work', '2015-08-10 14:40:42', 1, 39, 'admin', NULL, NULL),
(7, 'Knee injury on one staff member', '2015-08-11 06:21:00', 1, 37, 'admin', NULL, NULL),
(8, 'Damage of furniture', '2015-08-11 06:25:28', 1, 37, 'admin', NULL, NULL),
(9, 'Description of consequence', '2015-08-11 10:02:28', 1, 37, 'admin', NULL, NULL),
(10, 'Damage of furniture', '2015-08-11 11:03:04', 1, 42, 'admin', NULL, NULL),
(11, 'Damage of equipment', '2015-09-02 12:32:11', 1, 25, 'admin', NULL, NULL),
(12, 'hh', '2015-09-05 21:09:30', 1, 22, 'admin', NULL, NULL),
(13, 'Aircraft  converging at Bunia DRC FIR   without ATC coordination.', '2015-10-01 09:49:21', 1, 65, 'admin', NULL, NULL),
(14, 'Aircraft  converging at Bunia DRC FIR   without ATC coordination.  ', '2015-10-01 11:48:32', 1, 60, 'admin', NULL, NULL),
(15, 'Lose of life', '2015-10-01 12:01:29', 1, 68, 'admin', NULL, NULL),
(16, 'Less staff reporting to work', '2015-10-01 12:01:54', 1, 68, 'admin', NULL, NULL),
(17, 'Ut enim ad minim veniam, quis nostrud exercitation ullamco laboris nisi', '2016-05-11 07:41:05', 1, 67, 'admin', NULL, NULL),
(18, 'Duis aute irure dolor in reprehenderit in voluptate velit esse', '2016-05-11 07:41:20', 1, 68, 'admin', NULL, NULL),
(19, 'Excepteur sint occaecat cupidatat non proident', '2016-05-11 07:41:31', 1, 26, 'admin', NULL, NULL),
(20, 'Sed ut perspiciatis unde omnis iste natus error sit voluptatem accusantium doloremque laudantium', '2016-05-11 07:41:46', 1, 26, 'admin', NULL, NULL),
(21, 'Ut enim ad minima veniam, quis nostrum exercitationem', '2016-05-11 07:41:58', 1, 71, 'admin', NULL, NULL),
(22, 'Quis autem vel eum iure reprehenderit qui in ea voluptate velit esse quam', '2016-05-11 07:42:09', 1, 71, 'admin', NULL, NULL),
(23, 'Excepteur sint occaecat cupidatat non proident', '2016-05-11 07:42:20', 1, 70, 'admin', NULL, NULL),
(24, 'Ut enim ad minima veniam', '2016-05-11 07:42:29', 1, 77, 'admin', NULL, NULL),
(25, 'Excepteur sint occaecat cupidatat non proident', '2016-05-11 07:41:36', 1, 77, 'admin', NULL, NULL),
(26, 'Ut enim ad minima veniam', '2016-05-11 07:42:40', 1, 77, 'admin', NULL, NULL),
(27, 'Runway incursion', '2016-05-11 07:42:49', 1, 88, 'admin', NULL, NULL),
(28, 'At vero eos et accusamus et iusto odio dignissimos ducimus', '2016-05-11 07:43:02', 1, 50, 'admin', NULL, NULL),
(29, 'Air Proxies', '2016-01-20 08:17:54', 1, 98, 'admin', NULL, NULL),
(30, 'Collision ', '2016-01-20 08:18:50', 1, 98, 'admin', NULL, NULL),
(31, 'Temporibus autem quibusdam et aut officiis debitis', '2016-05-11 07:43:12', 1, 90, 'admin', NULL, NULL),
(32, 'Et harum quidem rerum facilis est et expedita distinctio.', '2016-05-11 07:43:33', 1, NULL, 'admin', NULL, NULL),
(33, 'Nemo enim ipsam voluptatem quia voluptas sit aspernatur aut odit aut fugit', '2016-05-11 07:44:04', 1, NULL, 'admin', NULL, NULL),
(34, 'Sed ut perspiciatis unde omnis iste natus error sit voluptatem accusantium doloremque laudantium', '2016-05-11 07:44:17', 1, NULL, 'admin', NULL, NULL),
(39, 'Lorem ipsum dolor sit amet, consectetur adipiscing elit', '2016-05-11 07:44:29', 1, 14, 'admin', NULL, NULL),
(40, 'Quis autem vel eum iure reprehenderit qui in ea voluptate velit esse quam nihil ', '2016-05-11 07:44:44', 1, 15, 'admin', NULL, NULL),
(41, 'Temporibus autem quibusdam et aut officiis debitis', '2016-05-11 07:43:17', 1, 62, 'admin', NULL, NULL),
(42, 'Excepteur sint occaecat cupidatat non proident, sunt in culpa qui officia deserunt mollit anim id est laborum.', '2016-05-11 07:43:53', 1, 83, 'Samuel.B', NULL, NULL),
(43, 'Et harum quidem rerum facilis est et expedita distinctio.', '2016-05-11 07:43:37', 1, 99, 'admin', NULL, NULL),
(44, 'Quis autem vel eum iure reprehenderit qui in ea voluptate velit esse quam nihil ', '2016-05-11 07:44:47', 1, 86, 'admin', NULL, NULL),
(45, 'Lorem ipsum dolor sit amet, consectetur adipiscing elit', '2016-05-11 07:44:32', 1, 86, 'admin', NULL, NULL),
(46, 'Sed ut perspiciatis unde omnis iste natus error sit voluptatem accusantium doloremque laudantium', '2016-05-11 07:44:20', 1, 99, 'admin', NULL, NULL),
(47, 'Nemo enim ipsam voluptatem quia voluptas sit aspernatur aut odit aut fugit', '2016-05-11 07:44:08', 1, 48, 'admin', NULL, NULL),
(48, 'accidents may occur', '2016-06-25 03:08:10', 1, 72, 'admin', NULL, NULL),
(49, 'can cause death', '2016-06-25 05:32:24', 1, 126, 'bwire', NULL, NULL),
(50, 'Ingestion  of FODS', '2016-07-26 11:54:33', 1, 128, 'admin', NULL, NULL),
(51, 'Crash ', '2016-07-26 11:55:04', 1, 128, 'admin', NULL, NULL),
(52, 'Airspace violation', '2016-07-26 16:27:39', 1, 211, 'admin', NULL, NULL),
(53, 'accidents may occur', '2016-07-26 16:59:30', 1, 213, 'admin', NULL, NULL),
(54, 'crash ', '2016-08-03 08:31:49', 1, 215, 'admin', NULL, NULL),
(55, 'smoke in the vicinity of the aerodrome', '2016-08-03 08:46:55', 1, 204, 'admin', NULL, NULL),
(56, 'sickness', '2016-08-03 08:54:02', 1, 122, 'admin', NULL, NULL),
(57, 'trees might hit the aircraft', '2016-08-03 08:56:23', 1, 108, 'admin', NULL, NULL),
(58, 'Runway incursion due to failure to separate traffic on RWY', '2016-08-03 08:58:44', 1, 107, 'admin', NULL, NULL),
(59, 'Diversions', '2016-08-03 08:59:59', 1, 203, 'admin', NULL, NULL),
(60, 'lack of situational awareness', '2016-08-03 09:03:20', 1, 99, 'admin', NULL, NULL),
(61, 'destruction of facilities due to water contact', '2016-08-03 09:08:19', 1, 46, 'admin', NULL, NULL),
(62, 'Crash ', '2016-08-03 09:10:41', 1, 86, 'admin', NULL, NULL),
(63, 'short circuits', '2016-08-03 09:17:06', 1, 14, 'admin', NULL, NULL),
(64, 'delays to arriving aircraft', '2016-08-03 09:17:11', 1, 4, 'admin', NULL, NULL),
(65, 'oil on the runwya', '2016-08-03 09:18:17', 1, 11, 'admin', NULL, NULL),
(66, 'electrocution', '2016-08-03 09:19:50', 1, 12, 'admin', NULL, NULL),
(67, 'Crash ', '2016-08-03 09:23:07', 1, 86, 'admin', NULL, NULL),
(68, 'death', '2016-08-03 09:24:58', 1, 59, 'admin', NULL, NULL),
(69, 'Incursion', '2016-08-03 09:25:10', 1, 83, 'admin', NULL, NULL),
(70, 'Collision', '2016-08-03 09:29:10', 1, 73, 'admin', NULL, NULL),
(71, 'haert failure', '2016-08-03 09:30:26', 1, 60, 'admin', NULL, NULL),
(72, 'Incident pron', '2016-08-03 09:31:54', 1, 71, 'admin', NULL, NULL),
(73, 'Air miss', '2016-08-03 09:32:04', 1, 67, 'admin', NULL, NULL),
(74, 'Multiple death', '2016-08-03 09:41:01', 1, 152, 'admin', NULL, NULL),
(75, 'death', '2016-08-03 09:41:06', 1, 210, 'admin', NULL, NULL),
(76, 'fall down', '2016-08-03 09:41:30', 1, 2, 'admin', NULL, NULL),
(77, 'Air proxies', '2016-08-03 09:41:48', 1, 173, 'admin', NULL, NULL),
(78, 'death', '2016-08-03 09:41:58', 1, 200, 'admin', NULL, NULL),
(79, 'death', '2016-08-03 09:45:29', 1, 199, 'admin', NULL, NULL),
(80, 'TILES FLOOR', '2016-08-23 09:43:53', 1, 221, 'admin', NULL, NULL),
(81, 'Runway incursion', '2016-08-23 09:44:20', 1, 196, 'admin', NULL, NULL),
(82, 'Aircraft Collision with animals', '2016-08-23 09:44:51', 1, 196, 'admin', NULL, NULL),
(83, 'NOISE', '2016-08-23 09:48:08', 1, 219, 'admin', NULL, NULL),
(84, 'FALLING', '2016-08-23 09:49:51', 1, 218, 'admin', NULL, NULL),
(85, 'wrong read back procedure', '2016-08-23 10:51:40', 1, 185, 'admin', NULL, NULL),
(86, 'wrong read back procedure', '2016-08-23 10:53:00', 1, 185, 'admin', NULL, NULL),
(87, 'Runway incursion', '2016-08-23 11:11:08', 1, 222, 'admin', NULL, NULL),
(88, 'Aircraft Collision with Vehicles', '2016-08-23 11:11:28', 1, 222, 'admin', NULL, NULL),
(89, 'Runway incursion', '2016-08-30 09:49:27', 1, 225, 'rogers', NULL, NULL),
(90, 'loss of communication', '2016-09-13 13:05:39', 1, 224, 'rogers', NULL, NULL),
(91, 'air miss', '2016-09-13 13:06:06', 1, 224, 'rogers', NULL, NULL),
(92, 'collision ', '2016-09-13 13:06:59', 1, 224, 'rogers', NULL, NULL),
(93, 'loss of communication', '2016-09-13 13:41:30', 1, 197, 'rogers', NULL, NULL),
(94, 'air miss', '2016-09-13 13:41:45', 1, 197, 'rogers', NULL, NULL),
(95, 'losses of separation', '2016-09-14 08:01:55', 1, 233, 'admin', NULL, NULL),
(96, 'Loss of situational awaraeness', '2016-09-14 12:12:24', 1, 202, 'rogers', NULL, NULL);

-- --------------------------------------------------------

--
-- Table structure for table `critical_assets`
--

CREATE TABLE IF NOT EXISTS `critical_assets` (
  `id` int(11) NOT NULL AUTO_INCREMENT,
  `name` varchar(500) NOT NULL,
  `descripiton` text,
  `value` varchar(200) NOT NULL,
  `date` timestamp NOT NULL DEFAULT CURRENT_TIMESTAMP,
  `status` tinyint(4) NOT NULL DEFAULT '1',
  `current_user` int(11) DEFAULT NULL,
  `current_user_id` int(11) DEFAULT NULL,
  PRIMARY KEY (`id`)
) ENGINE=InnoDB  DEFAULT CHARSET=latin1 AUTO_INCREMENT=6 ;

--
-- Dumping data for table `critical_assets`
--

INSERT INTO `critical_assets` (`id`, `name`, `descripiton`, `value`, `date`, `status`, `current_user`, `current_user_id`) VALUES
(1, 'Diesel Generator', 'For Generating Power', '20000', '2015-10-18 09:01:58', 1, NULL, NULL),
(2, 'Test Asset', 'Test', 'Asset', '2015-10-26 11:25:17', 1, NULL, NULL),
(3, 'HP SERVER', '<p>Description</p>', '12', '2015-10-26 11:27:12', 1, NULL, NULL),
(4, 'Tower server system', 'Tower server system', '$2m', '2015-11-03 08:14:08', 1, NULL, NULL),
(5, 'NAME', 'DESCRIPTION', 'VALUE', '2016-06-24 10:56:25', 1, NULL, NULL);

-- --------------------------------------------------------

--
-- Table structure for table `critical_asset_vulnerability`
--

CREATE TABLE IF NOT EXISTS `critical_asset_vulnerability` (
  `id` int(11) NOT NULL AUTO_INCREMENT,
  `critical_asset_id` int(11) NOT NULL,
  `risk` varchar(500) NOT NULL,
  `consequence` varchar(500) NOT NULL,
  `mitigation` varchar(500) NOT NULL,
  `status` tinyint(4) NOT NULL DEFAULT '1',
  `current_user` int(11) DEFAULT NULL,
  `current_user_id` int(11) DEFAULT NULL,
  PRIMARY KEY (`id`),
  KEY `critical_fk1_asset_vulnerability` (`critical_asset_id`)
) ENGINE=InnoDB  DEFAULT CHARSET=latin1 AUTO_INCREMENT=4 ;

--
-- Dumping data for table `critical_asset_vulnerability`
--

INSERT INTO `critical_asset_vulnerability` (`id`, `critical_asset_id`, `risk`, `consequence`, `mitigation`, `status`, `current_user`, `current_user_id`) VALUES
(1, 1, 'Breakdown', 'lose of power', 'routine service', 1, NULL, NULL),
(2, 4, 'Lightening struck', 'control system down', 'routine monitoring', 1, NULL, NULL),
(3, 3, 'RISK', 'CONSEQUENCE', 'MITIGATION', 1, NULL, NULL);

-- --------------------------------------------------------

--
-- Table structure for table `departure_points`
--

CREATE TABLE IF NOT EXISTS `departure_points` (
  `id` int(11) NOT NULL AUTO_INCREMENT,
  `name` varchar(256) NOT NULL,
  `status` tinyint(4) NOT NULL DEFAULT '1',
  `current_user` int(11) DEFAULT NULL,
  `current_user_id` int(11) DEFAULT NULL,
  PRIMARY KEY (`id`)
) ENGINE=InnoDB  DEFAULT CHARSET=latin1 AUTO_INCREMENT=3 ;

--
-- Dumping data for table `departure_points`
--

INSERT INTO `departure_points` (`id`, `name`, `status`, `current_user`, `current_user_id`) VALUES
(1, 'DEPARTURE POINT A', 1, NULL, NULL),
(2, 'DEPARTURE POINT B', 1, NULL, NULL);

-- --------------------------------------------------------

--
-- Table structure for table `destinations`
--

CREATE TABLE IF NOT EXISTS `destinations` (
  `id` int(11) NOT NULL AUTO_INCREMENT,
  `name` varchar(256) NOT NULL,
  `status` tinyint(4) NOT NULL DEFAULT '1',
  `current_user` int(11) DEFAULT NULL,
  `current_user_id` int(11) DEFAULT NULL,
  PRIMARY KEY (`id`)
) ENGINE=InnoDB  DEFAULT CHARSET=latin1 AUTO_INCREMENT=3 ;

--
-- Dumping data for table `destinations`
--

INSERT INTO `destinations` (`id`, `name`, `status`, `current_user`, `current_user_id`) VALUES
(1, 'DESTINATION A', 1, NULL, NULL),
(2, 'DESTINATION B', 1, NULL, NULL);

-- --------------------------------------------------------

--
-- Table structure for table `directorates`
--

CREATE TABLE IF NOT EXISTS `directorates` (
  `id` int(11) NOT NULL AUTO_INCREMENT,
  `name` varchar(128) NOT NULL,
  `status` tinyint(4) NOT NULL DEFAULT '1',
  PRIMARY KEY (`id`)
) ENGINE=InnoDB  DEFAULT CHARSET=latin1 AUTO_INCREMENT=3 ;

--
-- Dumping data for table `directorates`
--

INSERT INTO `directorates` (`id`, `name`, `status`) VALUES
(1, 'Directorate A', 1),
(2, 'Directorate B', 1);

-- --------------------------------------------------------

--
-- Table structure for table `duty_controllers`
--

CREATE TABLE IF NOT EXISTS `duty_controllers` (
  `id` int(11) NOT NULL AUTO_INCREMENT,
  `sod_id` int(11) DEFAULT NULL,
  `incident_id` int(11) DEFAULT NULL,
  `name` varchar(256) NOT NULL,
  `place` varchar(128) NOT NULL,
  `CONTROLLING` tinyint(4) NOT NULL DEFAULT '0',
  `CO0RDINATING` tinyint(4) NOT NULL DEFAULT '0',
  `MONITORING` tinyint(4) NOT NULL DEFAULT '0',
  `modified` timestamp NOT NULL DEFAULT CURRENT_TIMESTAMP ON UPDATE CURRENT_TIMESTAMP,
  `status` tinyint(4) NOT NULL DEFAULT '1',
  `current_user` int(11) DEFAULT NULL,
  `current_user_id` int(11) DEFAULT NULL,
  PRIMARY KEY (`id`),
  KEY `sod_id` (`sod_id`),
  KEY `incident_id` (`incident_id`)
) ENGINE=InnoDB  DEFAULT CHARSET=latin1 AUTO_INCREMENT=11 ;

--
-- Dumping data for table `duty_controllers`
--

INSERT INTO `duty_controllers` (`id`, `sod_id`, `incident_id`, `name`, `place`, `CONTROLLING`, `CO0RDINATING`, `MONITORING`, `modified`, `status`, `current_user`, `current_user_id`) VALUES
(1, 5, 27, 'Joy Kenyangi', 'Tower', 0, 0, 0, '2015-08-14 11:21:19', 1, NULL, NULL),
(2, 5, 27, 'Joy Kenyangi', 'Tower', 0, 0, 0, '2015-08-14 11:57:52', 0, NULL, NULL),
(3, 5, 27, 'Joy Kenyangi', 'Approach', 1, 1, 0, '2015-08-14 11:57:47', 0, NULL, NULL),
(4, 5, 27, 'Joy Kenyangi', 'Air Control', 1, 1, 0, '2015-08-14 11:57:43', 0, NULL, NULL),
(5, 5, 27, 'Joy Kenyangi', 'Approach', 1, 1, 1, '2015-08-14 11:57:34', 0, NULL, NULL),
(6, 3, 46, 'Joy Kenyangi', 'Approach', 1, 1, 0, '2015-08-14 11:42:30', 1, NULL, NULL),
(7, 3, 46, 'Bwire Samuel', 'Approach', 0, 0, 1, '2015-08-14 11:45:39', 1, NULL, NULL),
(8, 8, 86, 'Bwire Samuel', 'Tower', 0, 0, 0, '2015-12-16 11:38:59', 1, NULL, NULL),
(9, 8, 86, 'Brian Muhumuza', 'Tower', 0, 0, 0, '2015-12-16 11:39:06', 1, NULL, NULL),
(10, 15, 214, 'mwesigye henry', 'Tower', 0, 0, 0, '2016-07-26 16:15:48', 1, NULL, NULL);

-- --------------------------------------------------------

--
-- Table structure for table `effects`
--

CREATE TABLE IF NOT EXISTS `effects` (
  `id` int(11) NOT NULL AUTO_INCREMENT,
  `hazard_id` int(11) NOT NULL,
  `name` varchar(200) DEFAULT NULL,
  `consequence` int(11) NOT NULL,
  `date` date NOT NULL,
  `reported_by` varchar(200) NOT NULL,
  `status` tinyint(4) NOT NULL DEFAULT '1',
  `severity_id` int(11) DEFAULT NULL,
  `severity_rational_id` int(11) DEFAULT NULL,
  `likelihood_id` int(11) DEFAULT NULL,
  `initial_risk_index` varchar(8) NOT NULL,
  `predicted_residual_risk_index` varchar(8) NOT NULL,
  `substitute_risk` varchar(8) NOT NULL,
  `current_user` int(11) DEFAULT NULL,
  `current_user_id` int(11) DEFAULT NULL,
  PRIMARY KEY (`id`),
  KEY `fk_effects_1` (`hazard_id`)
) ENGINE=InnoDB  DEFAULT CHARSET=latin1 AUTO_INCREMENT=81 ;

--
-- Dumping data for table `effects`
--

INSERT INTO `effects` (`id`, `hazard_id`, `name`, `consequence`, `date`, `reported_by`, `status`, `severity_id`, `severity_rational_id`, `likelihood_id`, `initial_risk_index`, `predicted_residual_risk_index`, `substitute_risk`, `current_user`, `current_user_id`) VALUES
(1, 27, NULL, 0, '2015-10-11', 'admin', 1, NULL, NULL, NULL, '', '', '', NULL, NULL),
(3, 12, NULL, 0, '2016-08-03', 'admin', 1, NULL, NULL, NULL, '', '', '', NULL, NULL),
(4, 77, NULL, 0, '2015-11-03', 'admin', 1, NULL, NULL, NULL, '', '', '', NULL, NULL),
(5, 77, NULL, 0, '2015-11-03', 'admin', 1, NULL, NULL, NULL, '', '', '', NULL, NULL),
(6, 77, NULL, 0, '2015-11-03', 'admin', 1, NULL, NULL, NULL, '', '', '', NULL, NULL),
(7, 77, NULL, 0, '2015-11-03', 'admin', 1, NULL, NULL, NULL, '', '', '', NULL, NULL),
(8, 40, NULL, 0, '2015-11-08', 'admin', 1, NULL, NULL, NULL, '', '', '', NULL, NULL),
(9, 40, NULL, 0, '2015-11-08', 'admin', 1, NULL, NULL, NULL, '', '', '', NULL, NULL),
(10, 88, NULL, 0, '2015-12-16', 'sms', 1, NULL, NULL, NULL, '', '', '', NULL, NULL),
(11, 1, NULL, 0, '2016-01-08', 'admin', 1, NULL, NULL, NULL, '', '', '', NULL, NULL),
(12, 1, NULL, 0, '2016-01-08', 'admin', 1, NULL, NULL, NULL, '', '', '', NULL, NULL),
(13, 98, NULL, 0, '2016-01-20', 'admin', 1, NULL, NULL, NULL, '', '', '', NULL, NULL),
(14, 98, NULL, 0, '2016-01-20', 'admin', 1, NULL, NULL, NULL, '', '', '', NULL, NULL),
(15, 98, NULL, 29, '2016-01-26', 'admin', 1, NULL, NULL, NULL, '', '', '', NULL, NULL),
(16, 98, NULL, 30, '2016-01-26', 'admin', 1, NULL, NULL, NULL, '', '', '', NULL, NULL),
(17, 98, NULL, 29, '2016-01-26', 'admin', 1, NULL, NULL, NULL, '', '', '', NULL, NULL),
(18, 98, NULL, 30, '2016-01-26', 'admin', 1, NULL, NULL, NULL, '', '', '', NULL, NULL),
(19, 98, NULL, 30, '2016-01-26', 'admin', 1, NULL, NULL, NULL, '', '', '', NULL, NULL),
(20, 14, NULL, 39, '2016-01-29', 'admin', 1, NULL, NULL, NULL, '', '', '', NULL, NULL),
(21, 83, NULL, 42, '2016-08-03', 'Samuel.B', 1, NULL, NULL, NULL, '', '', '', NULL, NULL),
(22, 99, NULL, 43, '2016-02-09', 'admin', 1, NULL, NULL, NULL, '', '', '', NULL, NULL),
(23, 86, NULL, 44, '2016-08-03', 'admin', 1, NULL, NULL, NULL, '', '', '', NULL, NULL),
(24, 99, NULL, 46, '2016-02-09', 'admin', 1, NULL, NULL, NULL, '', '', '', NULL, NULL),
(25, 48, NULL, 47, '2016-02-19', 'admin', 1, NULL, NULL, NULL, '', '', '', NULL, NULL),
(26, 77, NULL, 24, '2016-02-19', 'admin', 1, NULL, NULL, NULL, '', '', '', NULL, NULL),
(27, 126, NULL, 49, '2016-06-25', 'bwire', 1, NULL, NULL, NULL, '', '', '', NULL, NULL),
(28, 211, NULL, 52, '2016-10-01', 'admin', 1, 1, NULL, 1, '1A', '1B', '1D', NULL, NULL),
(29, 213, NULL, 53, '2016-10-01', 'admin', 1, 1, NULL, 5, '5A', '1A', '1D', NULL, NULL),
(30, 215, NULL, 54, '2016-10-01', 'admin', 1, 1, NULL, 5, '5A', '3A', 'nil', NULL, NULL),
(31, 204, NULL, 55, '2016-10-01', 'admin', 1, 1, NULL, 3, '3A', '2A', 'nil', NULL, NULL),
(32, 126, NULL, 49, '2016-10-01', 'admin', 1, 1, NULL, 4, '4A', '1A', 'nil', NULL, NULL),
(33, 122, NULL, 56, '2016-10-01', 'admin', 1, 2, NULL, 5, '5B', '2B', 'nil', NULL, NULL),
(34, 108, NULL, 57, '2016-10-01', 'admin', 1, 1, NULL, 4, '4A', '1A', 'nil', NULL, NULL),
(35, 107, NULL, 58, '2016-10-01', 'admin', 1, 3, NULL, 4, '4C', '2C', 'nil', NULL, NULL),
(36, 98, NULL, 29, '2016-10-01', 'admin', 1, 1, NULL, 3, '3A', '1a', 'nil', NULL, NULL),
(37, 99, NULL, 60, '2016-10-01', 'admin', 1, 3, NULL, 2, '2C', '1C', '1C', NULL, NULL),
(38, 88, NULL, 27, '2016-10-01', 'admin', 1, 2, NULL, 3, '3B', '2B', 'nil', NULL, NULL),
(39, 46, NULL, 61, '2016-10-01', 'admin', 1, 2, NULL, 1, '1B', '1D', '2D', NULL, NULL),
(40, 48, NULL, 47, '2016-10-01', 'admin', 1, 5, NULL, 3, '3E', '1e', 'nil', NULL, NULL),
(41, 40, NULL, 5, '2016-10-01', 'admin', 1, 4, NULL, 2, '2D', '2E', '3E', NULL, NULL),
(42, 4, NULL, 64, '2016-10-01', 'admin', 1, 5, NULL, 2, '2E', '1e', 'nil', NULL, NULL),
(43, 11, NULL, 65, '2016-10-01', 'admin', 1, 3, NULL, 1, '1C', '1c', 'nil', NULL, NULL),
(44, 14, NULL, 63, '2016-10-01', 'admin', 1, 2, NULL, 1, '1B', '1C', '1D', NULL, NULL),
(45, 12, NULL, 66, '2016-10-01', 'admin', 1, 4, NULL, 2, '2D', '1d', 'nil', NULL, NULL),
(46, 14, NULL, 39, '2016-10-01', 'admin', 1, 4, NULL, 1, '1D', '1E', '3E', NULL, NULL),
(47, 72, NULL, 48, '2016-10-01', 'admin', 1, 1, NULL, 2, '2A', '1a', 'nil', NULL, NULL),
(48, 86, NULL, 62, '2016-10-01', 'admin', 1, 4, NULL, 5, '5D', '5E', '', NULL, NULL),
(49, 86, NULL, 62, '2016-10-01', 'admin', 1, 4, NULL, 5, '5D', '5E', '', NULL, NULL),
(50, 70, NULL, 23, '2016-10-01', 'admin', 1, 3, NULL, 3, '3C', '1c', 'nil', NULL, NULL),
(51, 68, NULL, 15, '2016-10-01', 'admin', 1, 5, NULL, 4, '4E', '2e', '2e', NULL, NULL),
(52, 68, NULL, 16, '2016-10-01', 'admin', 1, 4, NULL, 3, '3D', '1d', '1d', NULL, NULL),
(53, 68, NULL, 18, '2016-10-01', 'admin', 1, 3, NULL, 2, '2C', '1c', '1c', NULL, NULL),
(54, 83, NULL, 69, '2016-10-01', 'admin', 1, 3, NULL, 4, '4C', '4D', 'Nil', NULL, NULL),
(55, 59, NULL, 68, '2016-10-01', 'admin', 1, 4, NULL, 4, '4D', '2d', '1d', NULL, NULL),
(56, 73, NULL, 70, '2016-10-01', 'admin', 1, 2, NULL, 3, '3B', '3C', '', NULL, NULL),
(57, 60, NULL, 71, '2016-10-01', 'admin', 1, 1, NULL, 2, '2A', '2B', '2C', NULL, NULL),
(58, 65, NULL, 13, '2016-10-01', 'admin', 1, 3, NULL, 4, '4C', '3C', '2C', NULL, NULL),
(59, 71, NULL, 72, '2016-10-01', 'admin', 1, 2, NULL, 4, '4B', '3C', 'Nil', NULL, NULL),
(60, 67, NULL, 73, '2016-10-01', 'admin', 1, 3, NULL, 3, '3C', '3D', '', NULL, NULL),
(61, 210, NULL, 75, '2016-10-01', 'admin', 1, 1, NULL, 5, '5A', '2a', '1a', NULL, NULL),
(62, 152, NULL, 74, '2016-10-01', 'admin', 1, 1, NULL, 5, '5A', '2A', 'Nil', NULL, NULL),
(63, 200, NULL, 78, '2016-10-01', 'admin', 1, 1, NULL, 5, '5A', '1a', '1a', NULL, NULL),
(64, 173, NULL, 77, '2016-10-01', 'admin', 1, 2, NULL, 4, '4B', '3C', '', NULL, NULL),
(65, 199, NULL, 79, '2016-10-01', 'admin', 1, 1, NULL, 5, '5A', '1a', '1a', NULL, NULL),
(66, 221, NULL, 80, '2016-08-19', 'admin', 1, 1, NULL, 5, '5A', '1', 'A', NULL, NULL),
(67, 196, NULL, 81, '2019-07-07', 'admin', 1, 2, NULL, 4, '4B', '', '', NULL, NULL),
(68, 196, NULL, 81, '2019-07-07', 'admin', 1, 2, NULL, 4, '4B', '', '', NULL, NULL),
(69, 196, NULL, 82, '2019-07-07', 'admin', 1, 1, NULL, 2, '2A', '', '', NULL, NULL),
(70, 219, NULL, 83, '2016-08-19', 'admin', 1, 5, NULL, 3, '3E', '1E', 'NIL', NULL, NULL),
(71, 218, NULL, 84, '2016-08-19', 'admin', 1, 2, NULL, 3, '3B', '1B', 'NIL', NULL, NULL),
(72, 185, NULL, 85, '2012-12-12', 'admin', 1, 3, NULL, 3, '3C', '1c', 'nil', NULL, NULL),
(73, 222, NULL, 87, '2015-07-07', 'admin', 1, 2, NULL, 4, '4B', '2B', 'Nil', NULL, NULL),
(74, 225, NULL, 89, '2015-07-07', 'rogers', 1, 2, NULL, 4, '4B', '2B', 'Nil', NULL, NULL),
(75, 224, NULL, 90, '2015-07-07', 'rogers', 1, 3, NULL, 4, '4C', '2C', '1C', NULL, NULL),
(76, 224, NULL, 91, '2015-07-07', 'rogers', 1, 2, NULL, 4, '4B', '2b', 'Nil', NULL, NULL),
(77, 224, NULL, 92, '2015-07-07', 'rogers', 1, 1, NULL, 2, '2A', '1A', 'Nil', NULL, NULL),
(78, 197, NULL, 93, '2016-07-07', 'rogers', 1, 2, NULL, 4, '4B', '2B', '1B', NULL, NULL),
(79, 233, NULL, 95, '2016-09-14', 'admin', 1, 2, NULL, 5, '5B', '5B', 'nil', NULL, NULL),
(80, 224, NULL, 90, '2015-07-07', 'admin', 1, 1, NULL, 1, '1A', '1A', '1A', NULL, NULL);

-- --------------------------------------------------------

--
-- Table structure for table `effects_severity_rationales`
--

CREATE TABLE IF NOT EXISTS `effects_severity_rationales` (
  `id` int(11) NOT NULL AUTO_INCREMENT,
  `effects_id` int(11) DEFAULT NULL,
  `severity_rational_id` int(11) DEFAULT NULL,
  `status` tinyint(4) NOT NULL DEFAULT '1',
  `current_user` int(11) DEFAULT NULL,
  `current_user_id` int(11) DEFAULT NULL,
  PRIMARY KEY (`id`)
) ENGINE=InnoDB  DEFAULT CHARSET=latin1 AUTO_INCREMENT=82 ;

--
-- Dumping data for table `effects_severity_rationales`
--

INSERT INTO `effects_severity_rationales` (`id`, `effects_id`, `severity_rational_id`, `status`, `current_user`, `current_user_id`) VALUES
(1, 28, 1, 1, NULL, NULL),
(2, 28, 2, 1, NULL, NULL),
(3, 29, 1, 1, NULL, NULL),
(4, 30, 2, 1, NULL, NULL),
(5, 31, 2, 1, NULL, NULL),
(6, NULL, 1, 1, NULL, NULL),
(7, NULL, 1, 1, NULL, NULL),
(8, NULL, 1, 1, NULL, NULL),
(9, 32, 2, 1, NULL, NULL),
(10, 21, 1, 0, NULL, NULL),
(11, 21, NULL, 0, NULL, NULL),
(12, 21, NULL, 0, NULL, NULL),
(13, 21, NULL, 0, NULL, NULL),
(14, 21, NULL, 0, NULL, NULL),
(15, 21, NULL, 0, NULL, NULL),
(16, 21, NULL, 1, NULL, NULL),
(17, 33, 3, 1, NULL, NULL),
(18, 34, 1, 1, NULL, NULL),
(19, 35, NULL, 1, NULL, NULL),
(20, NULL, 1, 1, NULL, NULL),
(21, NULL, NULL, 1, NULL, NULL),
(22, 36, NULL, 1, NULL, NULL),
(23, 23, 1, 1, NULL, NULL),
(24, 37, NULL, 1, NULL, NULL),
(25, NULL, 1, 1, NULL, NULL),
(26, NULL, 1, 1, NULL, NULL),
(27, 38, NULL, 1, NULL, NULL),
(28, 39, 3, 1, NULL, NULL),
(29, NULL, NULL, 1, NULL, NULL),
(30, 40, NULL, 1, NULL, NULL),
(31, 41, NULL, 1, NULL, NULL),
(32, 42, NULL, 1, NULL, NULL),
(33, 43, NULL, 1, NULL, NULL),
(34, 44, 5, 1, NULL, NULL),
(35, 45, 12, 1, NULL, NULL),
(36, 46, NULL, 1, NULL, NULL),
(37, 3, NULL, 0, NULL, NULL),
(38, 3, 13, 1, NULL, NULL),
(39, 47, NULL, 1, NULL, NULL),
(40, 48, NULL, 1, NULL, NULL),
(41, 49, NULL, 1, NULL, NULL),
(42, 50, NULL, 1, NULL, NULL),
(43, 51, NULL, 1, NULL, NULL),
(44, NULL, NULL, 1, NULL, NULL),
(45, 52, NULL, 1, NULL, NULL),
(46, 53, NULL, 1, NULL, NULL),
(47, 54, NULL, 1, NULL, NULL),
(48, NULL, 4, 1, NULL, NULL),
(49, 55, NULL, 1, NULL, NULL),
(50, 56, NULL, 1, NULL, NULL),
(51, 57, NULL, 1, NULL, NULL),
(52, 58, NULL, 1, NULL, NULL),
(53, 59, 3, 1, NULL, NULL),
(54, 60, NULL, 1, NULL, NULL),
(55, 61, NULL, 1, NULL, NULL),
(56, 62, NULL, 1, NULL, NULL),
(57, 63, NULL, 1, NULL, NULL),
(58, 64, NULL, 1, NULL, NULL),
(59, 65, NULL, 1, NULL, NULL),
(60, 66, NULL, 1, NULL, NULL),
(61, 67, 2, 1, NULL, NULL),
(62, 68, 2, 1, NULL, NULL),
(63, 69, 2, 1, NULL, NULL),
(64, 70, NULL, 1, NULL, NULL),
(65, 71, 3, 1, NULL, NULL),
(66, 72, NULL, 1, NULL, NULL),
(67, 73, 6, 1, NULL, NULL),
(68, NULL, 1, 1, NULL, NULL),
(69, 74, NULL, 1, NULL, NULL),
(70, 75, 7, 1, NULL, NULL),
(71, 76, 3, 1, NULL, NULL),
(72, 77, 2, 1, NULL, NULL),
(73, 78, NULL, 1, NULL, NULL),
(74, 79, 3, 0, NULL, NULL),
(75, 79, NULL, 0, NULL, NULL),
(76, 79, NULL, 0, NULL, NULL),
(77, 79, NULL, 0, NULL, NULL),
(78, 79, NULL, 0, NULL, NULL),
(79, 79, 1, 1, NULL, NULL),
(80, 80, 1, 1, NULL, NULL),
(81, 80, 2, 1, NULL, NULL);

-- --------------------------------------------------------

--
-- Table structure for table `effect_risk_management`
--

CREATE TABLE IF NOT EXISTS `effect_risk_management` (
  `id` int(11) NOT NULL AUTO_INCREMENT,
  `severity` varchar(32) NOT NULL,
  `severity_rationale` varchar(256) NOT NULL,
  `likelihood` varchar(32) NOT NULL,
  `likelihood_rationale` varchar(256) NOT NULL,
  `modified` timestamp NOT NULL DEFAULT CURRENT_TIMESTAMP ON UPDATE CURRENT_TIMESTAMP,
  `status` tinyint(4) NOT NULL DEFAULT '1',
  `effects_id` int(11) DEFAULT NULL,
  `reported_by` varchar(32) NOT NULL,
  `current_user` int(11) DEFAULT NULL,
  `current_user_id` int(11) DEFAULT NULL,
  PRIMARY KEY (`id`),
  KEY `incident_id` (`effects_id`)
) ENGINE=InnoDB  DEFAULT CHARSET=latin1 AUTO_INCREMENT=32 ;

--
-- Dumping data for table `effect_risk_management`
--

INSERT INTO `effect_risk_management` (`id`, `severity`, `severity_rationale`, `likelihood`, `likelihood_rationale`, `modified`, `status`, `effects_id`, `reported_by`, `current_user`, `current_user_id`) VALUES
(7, 'A', 'Equipment destroyed', '5', 'Likely to occur many times (has occurred frequently)', '2015-10-11 09:55:10', 1, 3, 'admin', NULL, NULL),
(8, 'A', 'Equipment destroyed', '5', 'Likely to occur many times (has occurred frequently)', '2015-11-03 07:03:41', 1, 4, 'admin', NULL, NULL),
(9, 'A', 'Serious injury', '4', 'Unlikely to occur but possible (has occurred rarely)', '2015-11-03 07:56:10', 1, 5, 'admin', NULL, NULL),
(10, 'A', 'Serious injury', '4', 'Unlikely to occur but possible (has occurred rarely)', '2015-11-03 07:57:35', 1, 6, 'admin', NULL, NULL),
(11, 'A', 'Serious injury', '4', 'Unlikely to occur but possible (has occurred rarely)', '2015-11-03 08:04:01', 1, 7, 'admin', NULL, NULL),
(12, 'B', 'Equipment destroyed', '3', 'Likely to occur many times (has occurred frequently)', '2015-11-08 13:18:01', 1, 8, 'admin', NULL, NULL),
(13, 'A', 'Equipment destroyed', '5', 'Likely to occur many times (has occurred frequently)', '2015-11-08 13:18:24', 1, 9, 'admin', NULL, NULL),
(14, 'B', 'Multiple deaths', '3', 'Likely to occur sometimes (has occurred infrequently)', '2015-12-16 09:30:22', 1, 10, 'sms', NULL, NULL),
(15, 'B', 'Equipment destroyed', '5', 'Likely to occur many times (has occurred frequently)', '2016-01-08 13:49:27', 1, 11, 'admin', NULL, NULL),
(16, 'B', 'Equipment destroyed', '3', 'Likely to occur many times (has occurred frequently)', '2016-01-08 13:49:28', 1, 12, 'admin', NULL, NULL),
(17, 'C', 'Equipment destroyed', '3', 'Likely to occur many times (has occurred frequently)', '2016-01-20 08:26:00', 1, 13, 'admin', NULL, NULL),
(18, 'A', 'Equipment destroyed', '5', 'Likely to occur many times (has occurred frequently)', '2016-01-20 08:46:37', 1, 14, 'admin', NULL, NULL),
(19, 'A', 'Equipment destroyed', '5', 'Likely to occur many times (has occurred frequently)', '2016-01-26 10:46:33', 1, 15, 'admin', NULL, NULL),
(20, 'A', 'Equipment destroyed', '5', 'Likely to occur many times (has occurred frequently)', '2016-01-26 10:57:46', 1, 16, 'admin', NULL, NULL),
(21, 'A', 'Equipment destroyed', '5', 'Likely to occur many times (has occurred frequently)', '2016-01-26 11:09:30', 1, 17, 'admin', NULL, NULL),
(22, 'A', 'Equipment destroyed', '5', 'Likely to occur sometimes (has occurred infrequently)', '2016-01-26 11:31:11', 1, 18, 'admin', NULL, NULL),
(23, 'C', 'Equipment destroyed', '2', 'Likely to occur many times (has occurred frequently)', '2016-01-26 11:33:11', 1, 19, 'admin', NULL, NULL),
(24, 'C', 'Multiple deaths', '5', 'Likely to occur many times (has occurred frequently)', '2016-01-29 06:12:28', 1, 20, 'admin', NULL, NULL),
(25, 'B', 'Equipment destroyed', '5', 'Likely to occur many times (has occurred frequently)', '2016-02-09 07:29:55', 1, 21, 'Samuel.B', NULL, NULL),
(26, 'D', 'Equipment destroyed', '5', 'Likely to occur many times (has occurred frequently)', '2016-02-09 07:31:03', 1, 22, 'admin', NULL, NULL),
(27, 'A', 'Equipment destroyed', '2', 'Likely to occur sometimes (has occurred infrequently)', '2016-02-09 07:34:05', 1, 23, 'admin', NULL, NULL),
(28, 'A', 'Equipment destroyed', '5', 'Likely to occur many times (has occurred frequently)', '2016-02-09 07:36:58', 1, 24, 'admin', NULL, NULL),
(29, 'A', 'Equipment destroyed', '5', 'Likely to occur many times (has occurred frequently)', '2016-02-19 08:45:45', 1, 25, 'admin', NULL, NULL),
(30, 'A', 'Equipment destroyed', '5', 'Likely to occur many times (has occurred frequently)', '2016-02-19 10:13:03', 1, 26, 'admin', NULL, NULL),
(31, 'A', 'Multiple deaths', '5', 'Likely to occur many times (has occurred frequently)', '2016-06-25 05:36:59', 1, 27, 'bwire', NULL, NULL);

-- --------------------------------------------------------

--
-- Table structure for table `employee_recognition`
--

CREATE TABLE IF NOT EXISTS `employee_recognition` (
  `id` int(11) NOT NULL AUTO_INCREMENT,
  `nominator_name` varchar(128) NOT NULL,
  `nominator_department` varchar(128) NOT NULL,
  `date` date NOT NULL,
  `nominee_name` varchar(128) NOT NULL,
  `nominee_department` varchar(128) NOT NULL,
  `nominee_supervisor_name` varchar(128) NOT NULL,
  `description_of_actions` varchar(256) NOT NULL,
  `date_observed` date NOT NULL,
  `place_observed` varchar(256) NOT NULL,
  `date_received` date NOT NULL,
  `date_reviewed` date NOT NULL,
  `additional_information` varchar(256) NOT NULL,
  `nomination_accepted` varchar(4) NOT NULL,
  `accepted_date` date NOT NULL,
  `accepted_comments` varchar(256) NOT NULL,
  `award_granted` varchar(128) NOT NULL,
  `award_level` varchar(128) NOT NULL,
  `award_granted_date` date NOT NULL,
  `award_granted_comments` varchar(256) NOT NULL,
  `chaiperson_approval` tinyint(4) NOT NULL DEFAULT '1',
  `chaiperson_approval_date` date NOT NULL,
  `modified` timestamp NOT NULL DEFAULT CURRENT_TIMESTAMP ON UPDATE CURRENT_TIMESTAMP,
  `status` tinyint(4) NOT NULL DEFAULT '1',
  `reported_by` varchar(32) NOT NULL,
  `current_user` int(11) DEFAULT NULL,
  `current_user_id` int(11) DEFAULT NULL,
  PRIMARY KEY (`id`)
) ENGINE=InnoDB  DEFAULT CHARSET=latin1 AUTO_INCREMENT=8 ;

--
-- Dumping data for table `employee_recognition`
--

INSERT INTO `employee_recognition` (`id`, `nominator_name`, `nominator_department`, `date`, `nominee_name`, `nominee_department`, `nominee_supervisor_name`, `description_of_actions`, `date_observed`, `place_observed`, `date_received`, `date_reviewed`, `additional_information`, `nomination_accepted`, `accepted_date`, `accepted_comments`, `award_granted`, `award_level`, `award_granted_date`, `award_granted_comments`, `chaiperson_approval`, `chaiperson_approval_date`, `modified`, `status`, `reported_by`, `current_user`, `current_user_id`) VALUES
(1, 'Bwire Samuel', 'SMS Department', '0000-00-00', 'Mwesigye Andrew', 'SMS Department', 'Bwire Samuel', 'NONE', '2015-09-14', 'Airport Tower', '0000-00-00', '0000-00-00', '', '', '0000-00-00', '', '', '', '0000-00-00', '', 0, '0000-00-00', '0000-00-00 00:00:00', 1, 'admin', NULL, NULL),
(2, 'Andrew Mwesigye', 'SMS Department', '0000-00-00', 'Bwire Samuel', 'SMS Department', 'Bwire Samuel', 'NONE', '2016-02-17', 'Airport Tower', '0000-00-00', '0000-00-00', '', '', '0000-00-00', '', '', '', '0000-00-00', '', 1, '0000-00-00', '2016-05-19 11:49:16', 0, 'admin', NULL, NULL),
(3, 'Brian Mc. Knite', 'IT', '2016-02-17', 'Mwesigye Andrew', 'SMS Department', 'Paul Tobby', 'NONE', '2016-02-17', 'Airport Tower', '2016-02-17', '0000-00-00', '', '', '2016-02-17', '', '', '', '0000-00-00', '', 1, '0000-00-00', '2016-05-19 11:49:20', 0, 'admin', NULL, NULL),
(4, 'Paul Tobby', 'SMS Department', '2016-02-17', 'Mwesigye Andrew', 'SMS Department', 'Paul Tobby', 'NONE', '2016-02-17', 'Airport Tower', '2016-02-17', '0000-00-00', '', '', '2016-02-17', '', '', '', '2016-02-17', '', 1, '0000-00-00', '2016-05-19 11:49:23', 0, 'admin', NULL, NULL),
(5, 'Brian Musiime', 'Other', '2016-02-17', 'Mwesigye Andrew', 'SMS Department', 'John Bosco Okirya', 'NONE', '2016-02-17', 'Airport Tower', '2016-02-17', '0000-00-00', '', '', '2016-02-17', '', '', '', '2016-02-17', '', 1, '0000-00-00', '2016-05-19 11:49:26', 0, 'admin', NULL, NULL),
(6, 'John Bosco Okirya', 'IT', '2016-02-17', 'Mwesigye Andrew', 'SMS Department', 'Mwesigye Andrew', 'NONE', '2016-02-17', 'Airport Tower', '2016-02-17', '2016-02-17', '', '', '2016-02-17', '', '', '', '2016-02-17', '', 1, '2016-02-17', '2016-05-19 11:49:29', 0, 'admin', NULL, NULL),
(7, 'NAME', 'DEPARTMENT', '2016-07-11', 'NAME', 'DEPARTMENT', 'SUPERVISOR', 'ACTIONS', '2016-07-11', 'PLACE', '2016-07-11', '2016-07-11', '', '', '2016-07-11', '', '', '', '2016-07-11', '', 1, '2016-07-11', '2016-07-11 11:51:34', 1, 'admin', NULL, NULL);

-- --------------------------------------------------------

--
-- Table structure for table `evaluation_auditors`
--

CREATE TABLE IF NOT EXISTS `evaluation_auditors` (
  `id` int(11) NOT NULL AUTO_INCREMENT,
  `date_id` int(11) NOT NULL,
  `station_id` int(11) NOT NULL,
  `user_id` int(11) NOT NULL,
  `date_created` timestamp NOT NULL DEFAULT CURRENT_TIMESTAMP,
  `status` tinyint(4) NOT NULL DEFAULT '1',
  `current_user` int(11) DEFAULT NULL,
  `current_user_id` int(11) DEFAULT NULL,
  `auditee` tinyint(4) NOT NULL DEFAULT '0',
  PRIMARY KEY (`id`)
) ENGINE=MyISAM  DEFAULT CHARSET=latin1 AUTO_INCREMENT=27 ;

--
-- Dumping data for table `evaluation_auditors`
--

INSERT INTO `evaluation_auditors` (`id`, `date_id`, `station_id`, `user_id`, `date_created`, `status`, `current_user`, `current_user_id`, `auditee`) VALUES
(1, 1, 1, 1, '2016-01-19 13:42:38', 1, NULL, NULL, 0),
(2, 1, 1, 2, '2016-01-19 13:44:02', 1, NULL, NULL, 0),
(10, 5, 1, 4, '2016-02-09 14:15:22', 1, NULL, NULL, 0),
(9, 5, 1, 7, '2016-02-09 14:15:14', 1, NULL, NULL, 0),
(5, 4, 1, 4, '2016-01-19 14:14:50', 1, NULL, NULL, 0),
(7, 2, 1, 7, '2016-01-19 14:16:31', 1, NULL, NULL, 0),
(11, 6, 1, 7, '2016-02-21 11:04:12', 1, NULL, NULL, 0),
(12, 7, 1, 7, '2016-02-21 11:04:46', 1, NULL, NULL, 0),
(13, 3, 1, 2, '2016-05-19 09:02:06', 1, NULL, NULL, 0),
(14, 3, 1, 5, '2016-05-19 09:02:14', 1, NULL, NULL, 0),
(15, 8, 1, 7, '2016-05-19 09:02:38', 1, NULL, NULL, 0),
(16, 9, 8, 2, '2016-07-11 08:42:23', 1, NULL, NULL, 0),
(17, 9, 8, 3, '2016-07-11 08:42:38', 1, NULL, NULL, 0),
(18, 11, 9, 1, '2016-07-19 12:23:16', 1, NULL, NULL, 0),
(19, 11, 9, 5, '2016-07-19 13:11:01', 1, NULL, NULL, 0),
(20, 11, 9, 10, '2016-07-19 13:11:07', 1, NULL, NULL, 0),
(21, 13, 9, 7, '2016-07-26 16:01:34', 1, NULL, NULL, 0),
(22, 13, 9, 13, '2016-07-26 16:01:52', 1, NULL, NULL, 0),
(23, 14, 11, 6, '2016-08-25 14:29:30', 1, NULL, NULL, 0),
(24, 15, 10, 1, '2016-11-03 12:50:45', 1, NULL, NULL, 0),
(25, 15, 10, 4, '2016-11-29 03:32:24', 1, NULL, NULL, 1),
(26, 15, 10, 9, '2016-11-29 03:37:10', 1, NULL, NULL, 0);

-- --------------------------------------------------------

--
-- Table structure for table `evaluation_date`
--

CREATE TABLE IF NOT EXISTS `evaluation_date` (
  `id` int(11) NOT NULL AUTO_INCREMENT,
  `date` date NOT NULL,
  `type` varchar(20) NOT NULL,
  `station_id` int(11) NOT NULL,
  `notification` varchar(20) DEFAULT NULL,
  `date_created` timestamp NOT NULL DEFAULT CURRENT_TIMESTAMP,
  `status` tinyint(4) NOT NULL DEFAULT '1',
  `venue` varchar(256) NOT NULL,
  `activities` text,
  `current_user` int(11) DEFAULT NULL,
  `current_user_id` int(11) DEFAULT NULL,
  PRIMARY KEY (`id`)
) ENGINE=MyISAM  DEFAULT CHARSET=latin1 AUTO_INCREMENT=17 ;

--
-- Dumping data for table `evaluation_date`
--

INSERT INTO `evaluation_date` (`id`, `date`, `type`, `station_id`, `notification`, `date_created`, `status`, `venue`, `activities`, `current_user`, `current_user_id`) VALUES
(1, '2016-01-12', '1', 1, NULL, '2016-01-19 13:04:45', 1, '', '', NULL, NULL),
(2, '2016-01-12', '1', 1, NULL, '2016-01-19 13:10:13', 1, '', '', NULL, NULL),
(3, '2016-01-12', '1', 1, NULL, '2016-01-19 13:10:34', 1, '', '', NULL, NULL),
(4, '2016-01-30', '0', 1, NULL, '2016-01-19 13:48:12', 1, '', '', NULL, NULL),
(5, '2016-02-21', '0', 1, 'Final Sent', '2016-02-09 14:14:02', 1, '', '', NULL, NULL),
(6, '2016-02-21', '1', 1, 'Final Sent', '2016-02-21 11:04:01', 1, '', '', NULL, NULL),
(7, '2016-02-23', '1', 1, 'Final Sent', '2016-02-21 11:04:36', 1, '', '', NULL, NULL),
(8, '2016-05-19', '0', 1, NULL, '2016-05-19 09:02:28', 1, '', '', NULL, NULL),
(9, '2016-07-11', 'Morning', 8, NULL, '2016-07-11 08:42:11', 1, 'venue', '<p>sample activity</p>\r\n<p>&nbsp;</p>', NULL, NULL),
(10, '2016-07-12', 'Afternoon', 8, NULL, '2016-07-11 08:43:08', 1, 'venue', '<p>sample activity</p>', NULL, NULL),
(11, '2016-07-19', 'Morning', 9, NULL, '2016-07-19 12:23:07', 1, 'ven', '<p>act</p>', NULL, NULL),
(12, '2016-07-20', 'Afternoon', 9, NULL, '2016-07-19 13:12:08', 1, 'Com center', '<p>Review of mauals</p>\r\n<p>Interview section heads</p>\r\n<p>interview duty officers&nbsp;</p>', NULL, NULL),
(13, '2016-07-27', '08:00', 9, NULL, '2016-07-26 16:01:27', 1, 'venue', '<p>activity</p>', NULL, NULL),
(14, '2006-01-01', '12:02', 11, NULL, '2016-08-25 14:29:21', 1, 'venue', '<p>SOme activity</p>', NULL, NULL),
(15, '2011-01-02', '12:15', 10, NULL, '2016-11-03 12:50:29', 1, 'VENUE', '<p>ACTIVITIES</p>', NULL, NULL),
(16, '2016-12-01', '12:15', 12, NULL, '2016-12-29 18:28:31', 1, 'VENUE', '<p>ACTIVITIES</p>', NULL, NULL);

-- --------------------------------------------------------

--
-- Table structure for table `evidences`
--

CREATE TABLE IF NOT EXISTS `evidences` (
  `id` int(11) NOT NULL AUTO_INCREMENT,
  `details` varchar(256) NOT NULL,
  `modified` timestamp NOT NULL DEFAULT CURRENT_TIMESTAMP ON UPDATE CURRENT_TIMESTAMP,
  `status` tinyint(4) NOT NULL DEFAULT '1',
  `incident_id` int(11) DEFAULT NULL,
  `reported_by` varchar(32) NOT NULL,
  `current_user` int(11) DEFAULT NULL,
  `current_user_id` int(11) DEFAULT NULL,
  PRIMARY KEY (`id`),
  KEY `incident_id` (`incident_id`)
) ENGINE=InnoDB  DEFAULT CHARSET=latin1 AUTO_INCREMENT=27 ;

--
-- Dumping data for table `evidences`
--

INSERT INTO `evidences` (`id`, `details`, `modified`, `status`, `incident_id`, `reported_by`, `current_user`, `current_user_id`) VALUES
(1, 'HF sets installed in Entebbe communication center and operational', '2015-08-04 09:26:26', 1, 14, '', NULL, NULL),
(2, 'HF sets installed in Entebbe communication center and operational', '2015-08-10 14:54:43', 1, 39, 'admin', NULL, NULL),
(3, 'Well truncked network cables in building', '2015-08-11 06:37:16', 1, 37, 'admin', NULL, NULL),
(4, 'Full scale performance in one months time', '2015-08-11 06:40:12', 1, 37, 'admin', NULL, NULL),
(5, 'HF sets installed in Entebbe communication center and operational ', '2015-10-01 09:53:41', 1, 65, 'admin', NULL, NULL),
(6, 'Direct land line telephone 0414320384 in Entebbe communication center and Operational ', '2015-10-01 09:54:07', 1, 65, 'admin', NULL, NULL),
(7, 'N/A', '2015-10-01 12:07:08', 1, 67, 'admin', NULL, NULL),
(8, 'good', '2015-10-11 08:21:17', 1, 73, 'admin', NULL, NULL),
(9, 'N/A', '2015-11-03 07:03:35', 1, 77, 'admin', NULL, NULL),
(10, 'N/A', '2015-11-08 13:17:41', 1, 40, 'admin', NULL, NULL),
(11, 'N/A', '2015-12-16 09:30:02', 1, 88, 'sms', NULL, NULL),
(12, 'N/A', '2016-01-19 12:29:18', 1, 52, 'admin', NULL, NULL),
(13, 'Latest Contract documents ', '2016-01-20 08:24:18', 1, 98, 'admin', NULL, NULL),
(14, 'N/A', '2016-02-09 07:25:11', 1, 83, 'Samuel.B', NULL, NULL),
(15, 'N/A', '2016-02-09 07:31:44', 1, 86, 'admin', NULL, NULL),
(16, 'Yes', '2016-06-25 03:07:54', 1, 72, 'admin', NULL, NULL),
(17, 'Power meters are being purchased', '2016-06-25 05:30:03', 1, 126, 'bwire', NULL, NULL),
(18, 'USOI on requirement to report tom pilot', '2016-07-26 11:53:42', 1, 128, 'admin', NULL, NULL),
(19, 'inspection logs', '2016-07-26 11:53:56', 1, 128, 'admin', NULL, NULL),
(20, 'nil', '2016-08-03 08:31:26', 1, 215, 'admin', NULL, NULL),
(21, ' Active of  MET oberservatory', '2016-08-03 08:59:35', 1, 203, 'admin', NULL, NULL),
(22, 'weather reports', '2016-08-03 09:00:59', 1, 48, 'admin', NULL, NULL),
(23, 'everyu thing', '2016-08-23 10:59:48', 1, 185, 'admin', NULL, NULL),
(24, 'Aerodrome Manual', '2016-08-23 11:10:51', 1, 222, 'admin', NULL, NULL),
(25, 'Aerodrome Manual', '2016-08-30 09:49:15', 1, 225, 'rogers', NULL, NULL),
(26, 'no evidence at the moment', '2016-10-10 09:21:51', 1, 224, 'admin', NULL, NULL);

-- --------------------------------------------------------

--
-- Table structure for table `existing_defenses`
--

CREATE TABLE IF NOT EXISTS `existing_defenses` (
  `id` int(11) NOT NULL AUTO_INCREMENT,
  `details` text,
  `modified` timestamp NOT NULL DEFAULT CURRENT_TIMESTAMP ON UPDATE CURRENT_TIMESTAMP,
  `status` tinyint(4) NOT NULL DEFAULT '1',
  `incident_id` int(11) DEFAULT NULL,
  `reported_by` varchar(32) NOT NULL,
  `current_user` int(11) DEFAULT NULL,
  `current_user_id` int(11) DEFAULT NULL,
  PRIMARY KEY (`id`),
  KEY `incident_id` (`incident_id`)
) ENGINE=InnoDB  DEFAULT CHARSET=latin1 AUTO_INCREMENT=30 ;

--
-- Dumping data for table `existing_defenses`
--

INSERT INTO `existing_defenses` (`id`, `details`, `modified`, `status`, `incident_id`, `reported_by`, `current_user`, `current_user_id`) VALUES
(1, 'HF communication between Entebbe and Kinshasa ', '2015-07-28 09:31:22', 1, 1, '', NULL, NULL),
(2, 'direct landline telephone ', '2015-07-28 09:31:22', 1, 1, '', NULL, NULL),
(3, 'All controllers on duty are Trained and station validated', '2015-07-28 09:43:29', 1, 1, '', NULL, NULL),
(4, 'procedure on vehicles, equipment, people crossing runway 12/30', '2015-07-28 14:35:37', 1, 11, '', NULL, NULL),
(5, 'NONE', '2015-08-10 14:44:44', 1, 39, 'admin', NULL, NULL),
(6, 'Purchase of new equip', '2015-08-11 06:29:10', 1, 37, 'admin', NULL, NULL),
(7, 'Purchase of new equip', '2015-08-11 11:03:11', 1, 42, 'admin', NULL, NULL),
(8, 'HF communication between Entebbe and Kinshasa ', '2015-10-01 11:49:17', 1, 60, 'admin', NULL, NULL),
(9, ' direct land-line telephone ', '2015-10-01 11:49:29', 1, 60, 'admin', NULL, NULL),
(10, 'Quis autem vel eum iure reprehenderit qui in ea voluptate velit esse quam nihil ', '2016-05-11 07:45:35', 1, 67, 'admin', NULL, NULL),
(11, 'HF communication between Entebbe and Kinshasa.', '2016-05-11 07:45:48', 1, 68, 'admin', NULL, NULL),
(12, 'Sed ut perspiciatis unde omnis iste natus error ', '2016-05-11 07:46:11', 1, 65, 'admin', NULL, NULL),
(13, 'direct land-line telephone ', '2016-05-11 07:46:04', 1, 77, 'admin', NULL, NULL),
(14, 'At vero eos et accusamus et iusto odio dignissimos ducimus qui', '2016-05-11 07:46:23', 1, 40, 'admin', NULL, NULL),
(15, 'Nam libero tempore, cum soluta nobis est eligendi ', '2016-05-11 07:46:31', 1, 88, 'sms', NULL, NULL),
(16, 'Et harum quidem rerum facilis est et expedita distinctio. ', '2016-05-11 07:46:41', 1, 50, 'admin', NULL, NULL),
(17, 'running aerodrome maintenance Contractors    ', '2016-01-20 08:23:57', 1, 98, 'admin', NULL, NULL),
(18, 'Temporibus autem quibusdam et aut officiis debitis aut rerum necessitatibus', '2016-05-11 07:46:53', 1, 83, 'Samuel.B', NULL, NULL),
(19, 'Itaque earum rerum hic tenetur a sapiente delectus', '2016-05-11 07:47:05', 1, 86, 'admin', NULL, NULL),
(20, 'Install upgraded power meters', '2016-06-25 05:29:40', 1, 126, 'bwire', NULL, NULL),
(21, 'Requirement to caution pilots on potential hazards on landing surface', '2016-07-26 11:52:11', 1, 128, 'admin', NULL, NULL),
(22, 'Regular inspection of the run way and associated taxiway', '2016-07-26 11:52:53', 1, 128, 'admin', NULL, NULL),
(23, 'nil', '2016-08-03 08:31:19', 1, 215, 'admin', NULL, NULL),
(24, ' Co-location of ANS with MET oberservatory', '2016-08-03 08:58:21', 1, 203, 'admin', NULL, NULL),
(25, 'weather radar', '2016-08-03 09:00:35', 1, 48, 'admin', NULL, NULL),
(26, 'nil', '2016-08-23 10:59:38', 1, 185, 'admin', NULL, NULL),
(27, 'Proceures', '2016-08-23 11:10:22', 1, 222, 'admin', NULL, NULL),
(28, 'Procedures', '2016-08-30 09:49:06', 1, 225, 'rogers', NULL, NULL),
(29, 'Team of individuals to monitor', '2016-10-10 09:19:56', 1, 224, 'admin', NULL, NULL);

-- --------------------------------------------------------

--
-- Table structure for table `feedback`
--

CREATE TABLE IF NOT EXISTS `feedback` (
  `id` int(11) NOT NULL AUTO_INCREMENT,
  `details` text,
  `modified` timestamp NOT NULL DEFAULT CURRENT_TIMESTAMP ON UPDATE CURRENT_TIMESTAMP,
  `status` tinyint(4) NOT NULL DEFAULT '1',
  `incident_id` int(11) DEFAULT NULL,
  `reported_by` varchar(32) NOT NULL,
  `current_user` int(11) DEFAULT NULL,
  `current_user_id` int(11) DEFAULT NULL,
  PRIMARY KEY (`id`),
  KEY `incident_id` (`incident_id`)
) ENGINE=InnoDB  DEFAULT CHARSET=latin1 AUTO_INCREMENT=13 ;

--
-- Dumping data for table `feedback`
--

INSERT INTO `feedback` (`id`, `details`, `modified`, `status`, `incident_id`, `reported_by`, `current_user`, `current_user_id`) VALUES
(1, 'Use of trolleys has been stopped.', '2015-07-25 09:33:34', 1, 11, '', NULL, NULL),
(2, 'New tiles have been put in place.', '2015-07-25 11:31:42', 1, 11, '', NULL, NULL),
(3, 'The air conditioner was replaced.', '2015-07-25 17:36:32', 1, 1, '', NULL, NULL),
(4, 'Internal I.T team is working on it. Given them 2 days to handle.', '2015-07-27 15:31:15', 1, 13, '', NULL, NULL),
(5, 'Internal IT failed and service provider has been contacted', '2015-08-04 15:37:31', 1, 13, '', NULL, NULL),
(6, 'Service provider to tackle issue on 23rd of this month.', '2015-08-10 15:50:01', 1, 39, 'admin', NULL, NULL),
(7, 'Loose cables were replaced but we are still waiting for further report on arrival of new equipment', '2015-08-11 06:50:05', 1, 37, 'admin', NULL, NULL),
(8, 'Loose cables were replaced but we are still waiting for further report on arrival of new equipment', '2015-08-11 11:03:33', 1, 42, 'admin', NULL, NULL),
(9, 'procurement is on going', '2015-11-03 07:51:06', 1, 77, 'admin', NULL, NULL),
(10, 'New tiles have been put in place.', '2015-11-03 07:51:59', 1, 77, 'admin', NULL, NULL),
(11, 'Internal I.T team is working on it.', '2015-11-03 07:54:50', 1, 77, 'admin', NULL, NULL),
(12, 'Use of trolleys has been stopped.', '2015-11-03 07:55:27', 1, 77, 'admin', NULL, NULL);

-- --------------------------------------------------------

--
-- Table structure for table `finacial_risk_analysis`
--

CREATE TABLE IF NOT EXISTS `finacial_risk_analysis` (
  `id` int(11) NOT NULL AUTO_INCREMENT,
  `hazzard_no` int(11) NOT NULL COMMENT 'Hazzard Number',
  `date` varchar(20) NOT NULL COMMENT 'Date',
  `action` text COMMENT 'What is to be done or Replaced or Purchaced',
  `cost` int(11) NOT NULL COMMENT 'Cost Of Replacement',
  `warranty` varchar(200) NOT NULL,
  `approved_by` text COMMENT 'Approved and Authorized by',
  `date_modified` timestamp NULL DEFAULT CURRENT_TIMESTAMP,
  `status` tinyint(4) NOT NULL DEFAULT '1',
  `current_user` int(11) DEFAULT NULL,
  `current_user_id` int(11) DEFAULT NULL,
  PRIMARY KEY (`id`)
) ENGINE=MyISAM  DEFAULT CHARSET=latin1 AUTO_INCREMENT=4 ;

--
-- Dumping data for table `finacial_risk_analysis`
--

INSERT INTO `finacial_risk_analysis` (`id`, `hazzard_no`, `date`, `action`, `cost`, `warranty`, `approved_by`, `date_modified`, `status`, `current_user`, `current_user_id`) VALUES
(1, 24, 'DATE', 'INFO', 150000, 'WARRANTY', 'USERNAME', '2016-07-25 21:00:00', 1, NULL, NULL),
(2, 24, '2015-09-08', 'Purchased new server', 200000, 'N/A', 'admin', '2016-07-25 21:00:00', 1, NULL, NULL),
(3, 4, '', 'hp server', 100000, '', '', '2016-07-11 11:26:55', 1, NULL, NULL);

-- --------------------------------------------------------

--
-- Table structure for table `further_actions`
--

CREATE TABLE IF NOT EXISTS `further_actions` (
  `id` int(11) NOT NULL AUTO_INCREMENT,
  `details` text,
  `modified` timestamp NOT NULL DEFAULT CURRENT_TIMESTAMP ON UPDATE CURRENT_TIMESTAMP,
  `status` tinyint(4) NOT NULL DEFAULT '1',
  `incident_id` int(11) DEFAULT NULL,
  `reported_by` varchar(32) NOT NULL,
  `comment` varchar(256) NOT NULL,
  `accepted` varchar(3) NOT NULL,
  `current_user` int(11) DEFAULT NULL,
  `current_user_id` int(11) DEFAULT NULL,
  PRIMARY KEY (`id`),
  KEY `incident_id` (`incident_id`)
) ENGINE=InnoDB  DEFAULT CHARSET=latin1 AUTO_INCREMENT=10 ;

--
-- Dumping data for table `further_actions`
--

INSERT INTO `further_actions` (`id`, `details`, `modified`, `status`, `incident_id`, `reported_by`, `comment`, `accepted`, `current_user`, `current_user_id`) VALUES
(1, 'Increased supervision', '2015-07-28 09:52:12', 1, 1, 'admin', 'By increasing supervision, better results are expected', 'Yes', NULL, NULL),
(2, 'Debriefs', '2015-07-28 09:52:12', 1, 1, 'admin', '', 'Yes', NULL, NULL),
(3, 'Sensitisation on  Coordination procedures', '2015-07-28 09:52:31', 1, 1, 'admin', '', 'Yes', NULL, NULL),
(4, 'Tarmacadamisimg  the perimeter road to accomodate low heavy equipment.  ', '2015-07-28 10:04:35', 1, NULL, '', '', '', NULL, NULL),
(5, 'Tarmacadamisimg  the perimeter road to accomodate low heavy equipment.  ', '2015-07-28 10:05:37', 1, NULL, '', '', '', NULL, NULL),
(6, 'Tarmacadamisimg  the perimeter road to accomodate low heavy equipment. ', '2015-07-28 10:06:16', 1, 1, 'admin', '', 'Yes', NULL, NULL),
(7, 'Replace all server room wiring with up to date equipment. ', '2015-08-10 14:47:36', 1, 39, 'admin', 'No comment', 'Yes', NULL, NULL),
(8, 'Train responsible staff on better safety methods', '2015-08-11 07:26:01', 1, 37, 'admin', 'NO COMMENT', 'Yes', NULL, NULL),
(9, 'to purchase a new one', '2015-08-11 16:40:09', 1, 1, 'admin', 'please find out', 'N/A', NULL, NULL);

-- --------------------------------------------------------

--
-- Table structure for table `hazard_risk_management_register`
--

CREATE TABLE IF NOT EXISTS `hazard_risk_management_register` (
  `id` int(11) NOT NULL AUTO_INCREMENT,
  `task_id` int(11) DEFAULT NULL,
  `task_step_hazard_id` int(11) DEFAULT NULL,
  `consequences` varchar(256) NOT NULL,
  `current_defences` varchar(256) NOT NULL,
  `current_risk_index` varchar(32) NOT NULL,
  `tech_admin_defences` varchar(256) NOT NULL,
  `theoretical_risk_index` varchar(16) NOT NULL,
  `risk_owner` varchar(128) NOT NULL,
  `actual_risk_index` varchar(16) NOT NULL,
  `created_by` int(11) DEFAULT NULL,
  `modified` timestamp NOT NULL,
  `status` tinyint(4) NOT NULL DEFAULT '1',
  `current_user` int(11) DEFAULT NULL,
  `current_user_id` int(11) DEFAULT NULL,
  PRIMARY KEY (`id`),
  UNIQUE KEY `task_step_hazard_id` (`task_step_hazard_id`)
) ENGINE=InnoDB  DEFAULT CHARSET=latin1 AUTO_INCREMENT=5 ;

--
-- Dumping data for table `hazard_risk_management_register`
--

INSERT INTO `hazard_risk_management_register` (`id`, `task_id`, `task_step_hazard_id`, `consequences`, `current_defences`, `current_risk_index`, `tech_admin_defences`, `theoretical_risk_index`, `risk_owner`, `actual_risk_index`, `created_by`, `modified`, `status`, `current_user`, `current_user_id`) VALUES
(1, NULL, 15, 'Breakdown  in HF communication', 'Availability of VHF in Area control centre', '4D', 'Ascertaining and replacing the cables with longer cables to fit the range to new positions', '2D', 'PTO COM', '', NULL, '0000-00-00 00:00:00', 1, NULL, NULL),
(2, 7, 13, 'Breakdown in internet and telephone extensions', 'Availability of intercommunication in other units', '4D', 'Ascertaining and replacing the cables with longer cables to fit the range to new positions', '2D', 'EIC', '', NULL, '0000-00-00 00:00:00', 1, NULL, NULL),
(3, 7, 12, 'Breakdown  in HF communication', 'Availability of intercommunication in other units', '4D', 'Ascertaining and replacing the cables with longer cables to fit the range to new positions', '2D', 'EIC', '', NULL, '0000-00-00 00:00:00', 1, NULL, NULL),
(4, 8, 18, 'CONSEQUENCES', 'CURRENT DEFENCES', 'INDEX', 'TECH ADMIN DEFENCES', 'INDEX', 'RISK OWNER', 'INDEX', NULL, '0000-00-00 00:00:00', 1, NULL, NULL);

-- --------------------------------------------------------

--
-- Table structure for table `hazard_sources`
--

CREATE TABLE IF NOT EXISTS `hazard_sources` (
  `id` int(11) NOT NULL AUTO_INCREMENT,
  `name` varchar(256) NOT NULL,
  `status` tinyint(4) NOT NULL DEFAULT '1',
  `current_user` int(11) DEFAULT NULL,
  `current_user_id` int(11) DEFAULT NULL,
  PRIMARY KEY (`id`)
) ENGINE=InnoDB  DEFAULT CHARSET=latin1 AUTO_INCREMENT=9 ;

--
-- Dumping data for table `hazard_sources`
--

INSERT INTO `hazard_sources` (`id`, `name`, `status`, `current_user`, `current_user_id`) VALUES
(1, 'atc logs', 0, NULL, NULL),
(2, 'atc logs', 0, NULL, NULL),
(3, 'atc logs', 0, NULL, NULL),
(4, 'atc logs', 0, NULL, NULL),
(5, 'Form 120', 1, NULL, NULL),
(6, 'atc logs', 1, NULL, NULL),
(7, 'CNS logs', 0, NULL, NULL),
(8, 'CNS logs', 1, NULL, NULL);

-- --------------------------------------------------------

--
-- Table structure for table `incidents`
--

CREATE TABLE IF NOT EXISTS `incidents` (
  `id` int(11) NOT NULL AUTO_INCREMENT,
  `date_closed` date NOT NULL,
  `officer_done` tinyint(4) NOT NULL DEFAULT '0',
  `risk_index` varchar(32) NOT NULL,
  `risk_index_category` tinyint(4) DEFAULT NULL,
  `number` varchar(32) NOT NULL,
  `occurrence` varchar(256) NOT NULL,
  `place` varchar(128) NOT NULL,
  `time` varchar(128) NOT NULL,
  `aircraft_registration` varchar(128) NOT NULL,
  `operator` varchar(256) NOT NULL,
  `departure_point` varchar(128) NOT NULL,
  `persons_on_board` varchar(128) NOT NULL,
  `date` date DEFAULT NULL,
  `reported_by` varchar(32) NOT NULL,
  `status` int(11) NOT NULL DEFAULT '1',
  `modified` timestamp NOT NULL DEFAULT CURRENT_TIMESTAMP ON UPDATE CURRENT_TIMESTAMP,
  `category` varchar(32) NOT NULL DEFAULT 'NONE',
  `brief_notes` text,
  `recommendations` text COMMENT 'Brief Notes',
  `type_of_operation` varchar(256) NOT NULL,
  `person_responsible` varchar(256) NOT NULL,
  `main_category` varchar(32) NOT NULL,
  `reported_by_name` varchar(128) NOT NULL,
  `reported_by_department` varchar(128) NOT NULL,
  `reported_by_tel` varchar(128) NOT NULL,
  `reported_by_email` varchar(128) NOT NULL,
  `parent_occurrence` int(11) DEFAULT NULL,
  `category_id` int(11) DEFAULT NULL,
  `cause_id` int(11) DEFAULT NULL,
  `other_cause_details` varchar(128) NOT NULL,
  `reported` varchar(20) NOT NULL DEFAULT 'Yes',
  `reoccuring` tinyint(4) NOT NULL DEFAULT '0',
  `date_reported` date NOT NULL,
  `sitrep_category` int(11) DEFAULT NULL,
  `sitrep_cause` int(11) DEFAULT NULL,
  `incident_category` varchar(32) NOT NULL,
  `root_cause` int(11) DEFAULT NULL,
  `hazard_source` int(11) DEFAULT NULL,
  `assigned_to_officer` tinyint(4) NOT NULL DEFAULT '0',
  `officer_assigned` int(11) DEFAULT NULL,
  `administrator_assigned` int(11) DEFAULT NULL,
  `current_user` int(11) DEFAULT NULL,
  `current_user_id` int(11) DEFAULT NULL,
  `aircraft_involved` varchar(128) NOT NULL,
  `form_of_notification` varchar(128) NOT NULL,
  `level_of_investigation` varchar(128) NOT NULL,
  `investigator_id` int(11) DEFAULT NULL,
  `investigation_deadline` date NOT NULL,
  `investigation_tor` text NOT NULL,
  PRIMARY KEY (`id`),
  KEY `operator` (`operator`),
  KEY `status` (`status`),
  KEY `category_id` (`category_id`),
  KEY `cause_id` (`cause_id`)
) ENGINE=InnoDB  DEFAULT CHARSET=latin1 AUTO_INCREMENT=236 ;

--
-- Dumping data for table `incidents`
--

INSERT INTO `incidents` (`id`, `date_closed`, `officer_done`, `risk_index`, `risk_index_category`, `number`, `occurrence`, `place`, `time`, `aircraft_registration`, `operator`, `departure_point`, `persons_on_board`, `date`, `reported_by`, `status`, `modified`, `category`, `brief_notes`, `recommendations`, `type_of_operation`, `person_responsible`, `main_category`, `reported_by_name`, `reported_by_department`, `reported_by_tel`, `reported_by_email`, `parent_occurrence`, `category_id`, `cause_id`, `other_cause_details`, `reported`, `reoccuring`, `date_reported`, `sitrep_category`, `sitrep_cause`, `incident_category`, `root_cause`, `hazard_source`, `assigned_to_officer`, `officer_assigned`, `administrator_assigned`, `current_user`, `current_user_id`, `aircraft_involved`, `form_of_notification`, `level_of_investigation`, `investigator_id`, `investigation_deadline`, `investigation_tor`) VALUES
(1, '2016-11-02', 0, '', NULL, '', 'There is too much heat in tower due lack of airconditioning. This causes headache, low performance and sometimes we get dizzy and feel like faiting. This has gone on for a very long time and it gets worse day by day.', 'Tower', '12 PM', 'HE-09-122-U', '1', 'East', '', '2015-08-09', 'admin', 3, '2016-12-05 10:23:46', 'Other', '', '', 'Communication', 'MCNS', 'Hazard', '', '', '', '', NULL, NULL, NULL, '', 'Yes', 1, '2016-04-01', NULL, NULL, '', NULL, NULL, 0, NULL, NULL, NULL, 2, '', '', '', NULL, '0000-00-00', ''),
(2, '0000-00-00', 0, '', NULL, '', 'There is too much heat in tower', 'Tower', '12 PM', 'HE-09-122-K', '1', 'East', '12', '2016-04-01', 'admin', 3, '2016-12-06 10:01:06', 'OSHE', '', '', '', '', 'Incident', '', '', '', '', NULL, NULL, NULL, '', 'Yes', 1, '2016-04-01', NULL, NULL, '', NULL, NULL, 0, NULL, NULL, NULL, 14, '', '', '', NULL, '0000-00-00', ''),
(3, '0000-00-00', 0, '', NULL, '', 'The floor in the tower is slippery', 'Tower', '3 PM', '', '1', '', '', '2016-04-01', 'admin', 3, '2016-06-22 23:54:37', 'OSHE', '', '', '', '', 'Incident', '', '', '', '', NULL, NULL, NULL, '', 'Yes', 1, '2016-04-01', NULL, NULL, '', NULL, NULL, 0, NULL, NULL, NULL, NULL, '', '', '', NULL, '0000-00-00', ''),
(4, '0000-00-00', 0, '', NULL, '', 'A track broke down on the runway', 'Runway', '5 AM', 'KA-23-567-B', '1', 'North wing', '134', '2015-10-09', 'admin', 3, '2016-06-22 23:54:37', 'Other', '', '', '', '', 'Hazard', '', '', '', '', NULL, NULL, NULL, '', 'Yes', 1, '2016-04-01', NULL, NULL, '', NULL, NULL, 0, NULL, NULL, NULL, NULL, '', '', '', NULL, '0000-00-00', ''),
(5, '0000-00-00', 0, '', NULL, '', 'A track broke down on the runway', 'Tower', '12 PM', 'ABC-XX-211-K', '1', '', '', '2016-04-01', 'admin', 3, '2016-06-22 23:54:37', 'AVIATION', '', '', '', '', 'Incident', '', '', '', '', NULL, NULL, NULL, '', 'Yes', 0, '2016-04-01', NULL, NULL, '', NULL, NULL, 0, NULL, NULL, NULL, NULL, '', '', '', NULL, '0000-00-00', ''),
(6, '0000-00-00', 0, '', NULL, '', 'A track broke down on the runway', 'PLACE 1', '12 PM', 'ABC-XX-211-K', 'OPERATOR A', 'DEPARTURE POINT A', '12', '2016-04-01', 'admin', 3, '2016-06-22 23:54:37', 'AVIATION', '', '', '', '', 'Incident', '', '', '', '', NULL, NULL, NULL, '', 'Yes', 0, '2016-04-01', NULL, NULL, '', NULL, NULL, 0, NULL, NULL, NULL, NULL, '', '', '', NULL, '0000-00-00', ''),
(7, '0000-00-00', 0, '', NULL, '', 'A track broke down on the runway', 'PLACE 1', '5 AM', 'ABC-XX-211-K', 'OPERATOR A', 'DEPARTURE POINT B', '134', '2015-10-02', 'admin', 3, '2017-01-09 04:59:13', 'AVIATION', '', '', '', '', 'Incident', '', '', '', '', NULL, NULL, NULL, '', 'Yes', 0, '2016-04-01', NULL, NULL, '', NULL, NULL, 0, NULL, NULL, NULL, 1, '', '', '', NULL, '0000-00-00', ''),
(8, '0000-00-00', 0, '', NULL, '', 'The floor in the tower is slippery', 'PLACE 1', '12 PM', '', '', '', '', '2016-04-01', 'admin', 3, '2016-06-22 23:54:37', 'AVIATION', '', '', '', '', 'Incident', '', '', '', '', NULL, NULL, NULL, '', 'Yes', 0, '2016-04-01', NULL, NULL, '', NULL, NULL, 0, NULL, NULL, NULL, NULL, '', '', '', NULL, '0000-00-00', ''),
(9, '0000-00-00', 0, '', NULL, '', 'A track broke down on the runway', 'PLACE 1', '12 PM', 'ABC-XX-211-K', 'OPERATOR A', 'DEPARTURE POINT A', '134', '2016-04-01', 'admin', 3, '2016-06-22 23:54:37', 'AVIATION', 'A track broke down on the runway because the driver didnt apply brakes.', '', '', '', 'Incident', '', '', '', '', NULL, NULL, NULL, '', 'Yes', 1, '2016-04-01', NULL, NULL, '', NULL, NULL, 0, NULL, NULL, NULL, NULL, '', '', '', NULL, '0000-00-00', ''),
(10, '0000-00-00', 0, '', NULL, '', 'A track broke down on the runway', 'PLACE 1', '5 AM', '', '', '', '', '2016-04-01', 'admin', 5, '2016-06-22 23:54:37', 'AVIATION', 'A track broke down on the runway after the driver had been careless.', '', '', '', 'Incident', '', '', '', '', NULL, NULL, NULL, '', 'Yes', 0, '2016-04-01', NULL, NULL, '', NULL, NULL, 0, NULL, NULL, NULL, NULL, '', '', '', NULL, '0000-00-00', ''),
(11, '0000-00-00', 0, '', NULL, '', 'A track broke down on the runway', 'PLACE 1', '3 PM', 'KA-23-567-B', 'OPERATOR A', 'DEPARTURE POINT A', '134', '2015-10-09', 'admin', 3, '2016-06-22 23:54:37', 'Other', 'A track broke down on the runway after the driver had walked away leaving the hand brake not in place.			', '', 'Communication', 'MCNS', 'Hazard', '', '', '', '', NULL, NULL, NULL, '', 'Yes', 0, '2016-04-01', NULL, NULL, '', NULL, NULL, 0, NULL, NULL, NULL, NULL, '', '', '', NULL, '0000-00-00', ''),
(12, '0000-00-00', 0, '', NULL, '', 'Hanging wires in server room', 'Tower', '3 PM', '', '', '', '', '2015-10-11', 'admin', 3, '2016-06-22 23:54:37', 'Other', '', '', '', '', 'Hazard', '', '', '', '', NULL, NULL, NULL, '', 'Yes', 0, '2016-04-01', NULL, NULL, '', NULL, NULL, 0, NULL, NULL, NULL, NULL, '', '', '', NULL, '0000-00-00', ''),
(13, '0000-00-00', 0, '', NULL, '', 'Hanging wires in server room', 'Tower', '12 PM', '', '', '', '', '2016-04-01', 'admin', 4, '2016-06-22 23:54:37', 'OSHE', 'Observed hanging wires in server room since yesterday.', '', '', '', 'Incident', '', '', '', '', NULL, NULL, NULL, '', 'Yes', 0, '2016-04-01', NULL, NULL, '', NULL, NULL, 0, NULL, NULL, NULL, NULL, '', '', '', NULL, '0000-00-00', ''),
(14, '0000-00-00', 0, '', NULL, '', 'Hanging wires in server room', 'PLACE 1', '3 PM', '', '', '', '', '2015-10-08', 'admin', 3, '2016-06-22 23:54:37', 'Other', '', '', '', '', 'Hazard', '', '', '', '', NULL, NULL, NULL, '', 'Yes', 0, '2016-04-01', NULL, NULL, '', NULL, NULL, 0, NULL, NULL, NULL, NULL, '', '', '', NULL, '0000-00-00', ''),
(15, '0000-00-00', 0, '', NULL, '', 'The floor in the tower is slippery', 'Tower', '5 AM', '', '', '', '', '2016-04-01', 'guest', 3, '2016-12-05 10:14:02', 'OSHE', '', '', '', '', 'Incident', '', '', '', '', NULL, NULL, NULL, '', 'Yes', 0, '2016-04-01', NULL, NULL, '', NULL, NULL, 0, NULL, NULL, NULL, 2, '', '', '', NULL, '0000-00-00', ''),
(16, '0000-00-00', 0, '', NULL, '', 'A track broke down on the runway', 'Tower', '3 PM', '', '', '', '', '2016-04-01', 'guest', 2, '2016-06-22 23:54:37', 'SERIOUS', '', '', '', '', 'Incident', '', '', '', '', NULL, NULL, NULL, '', 'Yes', 1, '2016-04-01', NULL, NULL, '', NULL, NULL, 0, NULL, NULL, NULL, NULL, '', '', '', NULL, '0000-00-00', ''),
(17, '0000-00-00', 0, '', NULL, '', 'There is too much heat in tower', 'Tower', '3 PM', '', '', '', '', '2016-04-01', 'guest', 2, '2016-06-22 23:54:37', 'MINOR', '', '', '', '', 'Incident', '', '', '', '', NULL, NULL, NULL, '', 'Yes', 0, '2016-04-01', NULL, NULL, '', NULL, NULL, 0, NULL, NULL, NULL, NULL, '', '', '', NULL, '0000-00-00', ''),
(18, '0000-00-00', 0, '', NULL, '', 'The floor in the tower is slippery', 'Tower', '12 PM', '', '', '', '', '2016-04-01', 'guest', 2, '2016-06-22 23:54:37', 'AVIATION', '', '', '', '', 'Hazard', '', '', '', '', NULL, NULL, NULL, '', 'Yes', 1, '2016-04-01', NULL, NULL, '', NULL, NULL, 0, NULL, NULL, NULL, NULL, '', '', '', NULL, '0000-00-00', ''),
(19, '0000-00-00', 0, '', NULL, '', 'A track broke down on the runway', 'Tower', '3 PM', '', '', '', '', '2016-04-01', 'guest', 2, '2016-06-22 23:54:37', 'NONE', '', '', '', '', 'SITREP', '', '', '', '', NULL, NULL, NULL, '', 'Yes', 1, '2016-04-01', NULL, NULL, '', NULL, NULL, 0, NULL, NULL, NULL, NULL, '', '', '', NULL, '0000-00-00', ''),
(20, '0000-00-00', 0, '', NULL, '', 'Runway is slippery', 'Tower', '5 AM', '', '', '', '', '2016-04-01', 'guest', 3, '2016-12-05 10:26:38', 'NONE', '', '', '', '', 'Issue', '', '', '', '', NULL, NULL, NULL, '', 'Yes', 1, '2016-04-01', NULL, NULL, '', NULL, NULL, 0, NULL, NULL, NULL, 2, '', '', '', NULL, '0000-00-00', ''),
(21, '0000-00-00', 0, '', NULL, '', 'Hanging wires in server room', 'Tower', '3 PM', '', '', '', '', '2016-04-01', 'admin', 6, '2016-06-22 23:54:37', 'NONE', '', '', '', '', 'SITREP', '', '', '', '', NULL, NULL, NULL, '', 'Yes', 1, '2016-04-01', NULL, NULL, '', NULL, NULL, 0, NULL, NULL, NULL, NULL, '', '', '', NULL, '0000-00-00', ''),
(22, '0000-00-00', 0, '', NULL, '', 'Hanging wires in server room', 'Tower', '5 AM', '', '', '', '', '2016-04-01', 'admin', 3, '2016-06-22 23:54:37', 'NONE', '', '', '', '', 'SITREP', '', '', '', '', NULL, NULL, NULL, '', 'Yes', 1, '2016-04-01', NULL, NULL, '', NULL, NULL, 0, NULL, NULL, NULL, NULL, '', '', '', NULL, '0000-00-00', ''),
(23, '0000-00-00', 0, '', NULL, '', 'Loose door', 'Area Control Center', '12 PM', '', '', '', '', '2016-04-01', 'admin', 3, '2016-06-22 23:54:37', 'NONE', '', '', '', '', 'Issue', '', '', '', '', NULL, NULL, NULL, '', 'Yes', 1, '2016-04-01', NULL, NULL, '', NULL, NULL, 0, NULL, NULL, NULL, NULL, '', '', '', NULL, '0000-00-00', ''),
(24, '0000-00-00', 0, '', NULL, '', 'A track broke down on the runway', 'Approach', '3 PM', '', '', '', '', '2016-04-01', 'guest', 3, '2016-06-22 23:54:37', 'NONE', '', '', '', '', 'Issue', '', '', '', '', NULL, NULL, NULL, '', 'Yes', 1, '2016-04-01', NULL, NULL, '', NULL, NULL, 0, NULL, NULL, NULL, NULL, '', '', '', NULL, '0000-00-00', ''),
(25, '0000-00-00', 0, '', NULL, '', 'Runway is slippery', 'Approach', '12 PM', '', '', '', '', '2016-04-01', 'guest', 3, '2016-06-22 23:54:37', 'NONE', '', '', '', '', 'Issue', '', '', '', '', NULL, NULL, NULL, '', 'Yes', 1, '2016-04-01', NULL, NULL, '', NULL, NULL, 0, NULL, NULL, NULL, NULL, '', '', '', NULL, '0000-00-00', ''),
(26, '0000-00-00', 0, '', NULL, '', 'Loose door', 'Area Control Center', '3 PM', '', '', '', '', '2016-04-01', 'admin', 3, '2016-06-22 23:54:37', 'NONE', 'Loose door in the area control center', '', '', '', 'Issue', 'admin', 'DUTY OFFICER', '', 'info@caauganda.com', NULL, NULL, NULL, '', 'Yes', 0, '2016-04-01', NULL, NULL, '', NULL, NULL, 0, NULL, NULL, NULL, NULL, '', '', '', NULL, '0000-00-00', ''),
(27, '0000-00-00', 0, '', NULL, '', 'The floor in the tower is slippery', 'Tower', '5 AM', '', '', '', '', '2016-04-01', 'guest', 3, '2016-06-22 23:54:37', 'NONE', '', '', '', '', 'Issue', 'ronald', 'sms', '0761221334', 'ronald@gmail.com', NULL, NULL, NULL, '', 'Yes', 0, '2016-04-01', NULL, NULL, '', NULL, NULL, 0, NULL, NULL, NULL, NULL, '', '', '', NULL, '0000-00-00', ''),
(28, '0000-00-00', 0, '', NULL, '', 'Hanging wires in server room', 'Tower', '12 PM', '', '', '', '', '2016-04-01', 'guest', 2, '2016-06-22 23:54:37', 'SERIOUS', '', '', '', '', 'Incident', 'ronald', 'sms', '0761221334', 'ronald@gmail.com', NULL, NULL, NULL, '', 'Yes', 0, '2016-04-01', NULL, NULL, '', NULL, NULL, 0, NULL, NULL, NULL, NULL, '', '', '', NULL, '0000-00-00', ''),
(29, '0000-00-00', 0, '', NULL, '', 'Truck broke down due to porthole on runway', 'Approach', '12 PM', '', '', '', '', '2016-04-01', 'guest', 2, '2016-06-22 23:54:37', 'OSHE', '', '', '', '', 'Hazard', 'ronald', 'sms', '0761221334', 'ronald@gmail.com', NULL, NULL, NULL, '', 'Yes', 0, '2016-04-01', NULL, NULL, '', NULL, NULL, 0, NULL, NULL, NULL, NULL, '', '', '', NULL, '0000-00-00', ''),
(30, '0000-00-00', 0, '', NULL, 'HZD/A/30/15', 'Runway is slippery', 'Approach', '3 PM', '', '', '', '', '2016-04-01', 'guest', 4, '2016-11-03 11:26:02', 'AVIATION', '', '', '', '', 'Hazard', 'ronald', 'sms', '0761221334', 'ronald@gmail.com', NULL, NULL, NULL, '', 'Yes', 0, '2016-04-01', NULL, NULL, '', NULL, NULL, 0, NULL, NULL, NULL, 2, '', '', '', NULL, '0000-00-00', ''),
(31, '0000-00-00', 0, '', NULL, '', 'Hanging wires in server room', 'Area Control Center', '3 PM', '', '', '', '', '2016-04-01', 'guest', 2, '2016-06-22 23:54:37', 'MINOR', '', '', '', '', 'Incident', 'ronald', 'sms', '0761221334', 'ronald@gmail.com', NULL, NULL, NULL, '', 'Yes', 0, '2016-04-01', NULL, NULL, '', NULL, NULL, 0, NULL, NULL, NULL, NULL, '', '', '', NULL, '0000-00-00', ''),
(32, '0000-00-00', 0, '', NULL, '', 'A track broke down on the runway', 'Approach', '12 PM', '', '', '', '', '2016-04-01', 'guest', 2, '2016-06-22 23:54:37', 'ACCIDENT', '', '', '', '', 'Incident', 'ronald', 'sms', '0761221334', 'ronald@gmail.com', NULL, NULL, NULL, '', 'Yes', 0, '2016-04-01', NULL, NULL, '', NULL, NULL, 0, NULL, NULL, NULL, NULL, '', '', '', NULL, '0000-00-00', ''),
(33, '0000-00-00', 0, '', NULL, 'INS/S/33/15', 'Loose door', 'Area Control Center', '3 PM', '', '', '', '', '2016-04-01', 'guest', 2, '2016-06-22 23:54:37', 'SERIOUS', '', '', '', '', 'Incident', 'ronald', 'sms', '0761221334', 'ronald@gmail.com', NULL, NULL, NULL, '', 'Yes', 0, '2016-04-01', NULL, NULL, '', NULL, NULL, 0, NULL, NULL, NULL, NULL, '', '', '', NULL, '0000-00-00', ''),
(34, '0000-00-00', 0, '', NULL, 'INS/S/34/15', 'A track broke down on the runway', 'Approach', '5 AM', '', '', '', '', '2016-04-01', 'guest', 2, '2016-06-22 23:54:37', 'SERIOUS', '', '', '', '', 'Incident', '', '', '', '', NULL, NULL, NULL, '', 'Yes', 0, '2016-04-01', NULL, NULL, '', NULL, NULL, 0, NULL, NULL, NULL, NULL, '', '', '', NULL, '0000-00-00', ''),
(35, '0000-00-00', 0, '', NULL, 'INS/O/35/15', 'Loose door', 'Tower', '3 PM', '', '', '', '', '2016-04-01', 'guest', 2, '2016-06-22 23:54:37', 'OTHER', '', '', '', '', 'Incident', 'ronald', 'sms', '0761221334', 'ronald@gmail.com', NULL, NULL, NULL, '', 'Yes', 0, '2016-04-01', NULL, NULL, '', NULL, NULL, 0, NULL, NULL, NULL, NULL, '', '', '', NULL, '0000-00-00', ''),
(36, '0000-00-00', 0, '', NULL, 'HZD/O/36/15', 'Fire in server room', 'Area Control Center', '3 PM', '', '', '', '', '2016-04-01', 'admin', 2, '2016-06-22 23:54:37', 'OSHE', '', '', '', '', 'Hazard', 'admin', 'DUTY OFFICER', '', 'info@caauganda.com', NULL, NULL, NULL, '', 'Yes', 0, '2016-04-01', NULL, NULL, '', NULL, NULL, 0, NULL, NULL, NULL, NULL, '', '', '', NULL, '0000-00-00', ''),
(37, '0000-00-00', 0, '', NULL, '', 'Loose door', 'Approach', '01:07', '', '', '', '', '2016-04-01', 'guest', 3, '2016-06-22 23:54:37', 'NONE', '', '', '', '', 'Issue', '', '', '', '', NULL, NULL, NULL, '', 'Yes', 0, '2016-04-01', NULL, NULL, '', NULL, NULL, 0, NULL, NULL, NULL, NULL, '', '', '', NULL, '0000-00-00', ''),
(38, '0000-00-00', 0, '', NULL, '', 'Loose door', 'Approach', '03:10', '', '', '', '', '2015-08-10', 'guest', 5, '2016-06-22 23:54:37', 'NONE', '', '', '', '', 'SITREP', 'ronald', 'sms', '0761221334', 'ronald@gmail.com', NULL, NULL, NULL, '', 'Yes', 0, '2016-04-01', NULL, NULL, '', NULL, NULL, 0, NULL, NULL, NULL, NULL, '', '', '', NULL, '0000-00-00', ''),
(39, '0000-00-00', 0, '', NULL, '', 'Fire in server room', 'Area Control Center', '13:09', '', '', '', '', '2015-08-10', 'admin', 4, '2016-06-22 23:54:37', 'NONE', '', '', '', '', 'Issue', '', '', '', '', NULL, NULL, NULL, '', 'Yes', 0, '2016-04-01', NULL, NULL, '', NULL, NULL, 0, NULL, NULL, NULL, NULL, '', '', '', NULL, '0000-00-00', ''),
(40, '0000-00-00', 0, '', NULL, 'HZD/A/40/15', 'Fire in server room', 'Approach', '13:09', '', '', '', '', '2015-08-10', 'admin', 3, '2016-06-22 23:54:37', 'AVIATION', '', '', '', '', 'Hazard', '', '', '', '', NULL, NULL, NULL, '', 'Yes', 0, '2016-04-01', NULL, NULL, '', NULL, NULL, 0, NULL, NULL, NULL, NULL, '', '', '', NULL, '0000-00-00', ''),
(41, '0000-00-00', 0, '', NULL, '', 'Runway is slippery', 'Approach', '16:30', '', '', '', '', '2015-08-10', 'admin', 1, '2016-06-22 23:54:37', 'NONE', '', '', '', '', 'SITREP', '', '', '', '', NULL, NULL, NULL, '', 'Yes', 0, '2016-04-01', NULL, NULL, '', NULL, NULL, 0, NULL, NULL, NULL, NULL, '', '', '', NULL, '0000-00-00', ''),
(42, '0000-00-00', 0, '', NULL, 'INS/M/42/15', 'Loose door', 'Approach', '01:01', '', '', '', '', '2015-08-11', 'guest', 5, '2016-06-22 23:54:37', 'MINOR', '', '', '', '', 'Incident', '', '', '', '', NULL, NULL, NULL, '', 'Yes', 0, '2016-04-01', NULL, NULL, '', NULL, NULL, 0, NULL, NULL, NULL, NULL, '', '', '', NULL, '0000-00-00', ''),
(43, '0000-00-00', 0, '', NULL, 'INS/A/43/15', 'A track broke down on the runway', 'Area Control Center', '04:12', '', '', '', '', '2015-08-11', 'guest', 2, '2016-06-22 23:54:37', 'ACCIDENT', '', '', '', '', 'Incident', 'ronald', 'sms', '0761221334', 'ronald@gmail.com', NULL, NULL, NULL, '', 'Yes', 0, '2016-04-01', NULL, NULL, '', NULL, NULL, 0, NULL, NULL, NULL, NULL, '', '', '', NULL, '0000-00-00', ''),
(44, '0000-00-00', 0, '', NULL, 'INS/S/44/15', 'Fire in server room', 'Area Control Center', '01:04', '', '', '', '', '2015-08-11', 'guest', 2, '2016-06-22 23:54:37', 'SERIOUS', '', '', '', '', 'Incident', 'ronald', 'sms', '0761221334', 'ronald@gmail.com', NULL, NULL, NULL, '', 'Yes', 0, '2016-04-01', NULL, NULL, '', NULL, NULL, 0, NULL, NULL, NULL, NULL, '', '', '', NULL, '0000-00-00', ''),
(45, '0000-00-00', 0, '', NULL, '', 'Loose door', 'Area Control Center', '07:30', '', '', '', '', '2015-08-04', 'admin', 3, '2016-06-22 23:54:37', 'NONE', 'Door in sms department is loose', '', '', '', 'Issue', 'admin', 'DUTY OFFICER', '', 'info@caauganda.com', NULL, NULL, NULL, '', 'Yes', 0, '2016-04-01', NULL, NULL, '', NULL, NULL, 0, NULL, NULL, NULL, NULL, '', '', '', NULL, '0000-00-00', ''),
(46, '0000-00-00', 0, '', NULL, 'HZD/A/46/15', 'licking tank', 'Approach', '11:15', '', '', '', '', '2015-08-11', 'admin', 3, '2016-06-22 23:54:37', 'AVIATION', 'licking tank observed', '', '', '', 'Hazard', 'admin', 'DUTY OFFICER', '', 'info@caauganda.com', NULL, NULL, NULL, '', 'Yes', 0, '2016-04-01', NULL, NULL, '', NULL, NULL, 0, NULL, NULL, NULL, NULL, '', '', '', NULL, '0000-00-00', ''),
(47, '0000-00-00', 0, '', NULL, '', 'Loose door', 'Unknown', '01:02', '', '', '', '', '2015-08-26', 'guest', 3, '2016-06-22 23:54:37', 'NONE', '', '', '', '', 'Issue', '', '', '', '', NULL, NULL, NULL, '', 'Yes', 0, '2016-04-01', NULL, NULL, '', NULL, NULL, 0, NULL, NULL, NULL, NULL, '', '', '', NULL, '0000-00-00', ''),
(48, '0000-00-00', 0, '', NULL, 'HZD/A/48/15', 'Low morale in operational staff', 'SMS office', '03:06', '', '', '', '', '2015-09-02', 'admin', 5, '2016-08-31 21:06:06', 'AVIATION', 'There is low commitment of staff to accomplish their duties', '', '', '', 'Hazard', 'admin', 'DUTY OFFICER', '', 'info@caauganda.com', NULL, NULL, NULL, '', 'Yes', 0, '2016-04-01', NULL, NULL, '', NULL, NULL, 0, NULL, NULL, NULL, NULL, '', '', '', NULL, '0000-00-00', ''),
(49, '0000-00-00', 0, '', NULL, 'INS/A/49/15', 'Heating Unit', 'Control Tower', '01:10', '', '', '', '', '2015-09-14', 'guest', 2, '2016-06-22 23:54:37', 'ACCIDENT', 'Observation made today', '', '', '', 'Incident', '', '', '', '', NULL, NULL, NULL, '', 'Yes', 0, '2016-04-01', NULL, NULL, '', NULL, NULL, 0, NULL, NULL, NULL, NULL, '', '', '', NULL, '0000-00-00', ''),
(50, '0000-00-00', 0, '', NULL, '', 'Fire in Parking Yard', 'Parking Yard B', '04:15', '', '', '', '', '2015-09-14', 'admin', 3, '2016-06-22 23:54:37', 'NONE', 'Fire in Parking Yard', '', '', '', 'Issue', 'admin', 'DUTY OFFICER', '', 'info@caauganda.com', NULL, NULL, NULL, '', 'Yes', 0, '2016-04-01', NULL, NULL, '', NULL, NULL, 0, NULL, NULL, NULL, NULL, '', '', '', NULL, '0000-00-00', ''),
(51, '0000-00-00', 0, '', NULL, '', 'Fire in Parking Yard', 'Parking Yard', 'HOUR:MINUTE', '', '', '', '', '2015-09-14', 'admin', 5, '2016-06-22 23:54:37', 'NONE', 'Fire in Parking Yard', '', '', '', 'Hazard', 'admin', 'DUTY OFFICER', '', 'info@caauganda.com', NULL, NULL, NULL, '', 'Yes', 0, '2016-04-01', NULL, NULL, '', NULL, NULL, 0, NULL, NULL, NULL, NULL, '', '', '', NULL, '0000-00-00', ''),
(52, '0000-00-00', 0, '', NULL, '', 'Road block', 'Parking Yard', '4:00 PM', '', '', '', '', '2015-09-17', 'admin', 3, '2016-06-22 23:54:37', 'NONE', 'Road has been blocked due to the fire that occured in the parking yard.', '', '', '', 'Issue', '', '', '', '', 51, NULL, NULL, '', 'Yes', 0, '2016-04-01', NULL, NULL, '', NULL, NULL, 0, NULL, NULL, NULL, NULL, '', '', '', NULL, '0000-00-00', ''),
(53, '0000-00-00', 0, '', NULL, '', 'Truck stuck on runway', 'Runway', '3:00PM', '', '', '', '', '2015-09-23', 'admin', 6, '2016-06-22 23:54:37', 'NONE', 'A yellow heavy truck is stack on the runway and needs to be roomed asap.', '', '', '', 'SITREP', '', '', '', '', NULL, 7, 6, '', 'Yes', 0, '2016-04-01', NULL, NULL, '', NULL, NULL, 0, NULL, NULL, NULL, NULL, '', '', '', NULL, '0000-00-00', ''),
(54, '0000-00-00', 0, '', NULL, '', 'Broken crane on loading bay', 'Loading bay', '12:00AM', '', '', '', '', '2015-09-24', 'admin', 1, '2016-06-22 23:54:37', 'NONE', '', '', '', '', 'SITREP', '', '', '', '', NULL, 13, 9, '', 'Yes', 0, '2016-04-01', NULL, NULL, '', NULL, NULL, 0, NULL, NULL, NULL, NULL, '', '', '', NULL, '0000-00-00', ''),
(55, '0000-00-00', 0, '', NULL, '', 'Broken crane on loading bay', 'Loading bay', '12:00AM', '', '', '', '', '2015-09-24', 'admin', 1, '2016-06-22 23:54:37', 'NONE', '', '', '', '', 'SITREP', '', '', '', '', NULL, 4, 9, '', 'Yes', 0, '2016-04-01', NULL, NULL, '', NULL, NULL, 0, NULL, NULL, NULL, NULL, '', '', '', NULL, '0000-00-00', ''),
(56, '0000-00-00', 0, '', NULL, '', 'Broken crane on loading bay', 'Loading bay', '12:00AM', '', '', '', '', '2015-09-24', 'admin', 1, '2016-06-22 23:54:37', 'NONE', '', '', '', '', 'SITREP', '', '', '', '', NULL, 4, 1, '', 'Yes', 0, '2016-04-01', NULL, NULL, '', NULL, NULL, 0, NULL, NULL, NULL, NULL, '', '', '', NULL, '0000-00-00', ''),
(57, '0000-00-00', 0, '', NULL, '', 'Fumes from controller van', 'Transit', '09:52', '', '', '', '', '2015-09-25', 'guest', 3, '2016-06-22 23:54:37', 'NONE', 'End route Kampala controller van makes fumes', '', '', '', 'Issue', 'Rogers. W', 'SMS', '078855446', 'rwanzunula@caa.co.ug', NULL, NULL, NULL, '', 'Yes', 0, '2016-04-01', NULL, NULL, '', NULL, NULL, 0, NULL, NULL, NULL, NULL, '', '', '', NULL, '0000-00-00', ''),
(58, '0000-00-00', 0, '', NULL, 'INS/A/58/15', 'Exposure to poisonous gas', 'Transit', '1212', '', '', '', '', '2015-09-25', 'admin', 2, '2016-06-22 23:54:37', 'ACCIDENT', '', '', '', '', 'Incident', '', '', '', '', 57, 13, 2, '', 'Yes', 0, '2016-04-01', NULL, NULL, '', NULL, NULL, 0, NULL, NULL, NULL, NULL, '', '', '', NULL, '0000-00-00', ''),
(59, '0000-00-00', 0, '', NULL, 'HZD/O/59/15', 'Exposure to poisonous gas', 'Transit', '12.12', '', '', '', '', '2015-09-25', 'admin', 3, '2016-06-22 23:54:37', 'OSHE', '', '', '', '', 'Hazard', '', '', '', '', 58, 13, 2, '', 'Yes', 0, '2016-04-01', NULL, NULL, '', NULL, NULL, 0, NULL, NULL, NULL, NULL, '', '', '', NULL, '0000-00-00', ''),
(60, '0000-00-00', 0, '', NULL, 'HZD/A/60/15', 'Exposure to poisonous gas', 'Transit', '1212', '', '', '', '', '2015-09-25', 'admin', 3, '2016-06-22 23:54:37', 'AVIATION', '', '', '', '', 'Hazard', '', '', '', '', 47, 13, 2, '', 'Yes', 0, '2016-04-01', NULL, NULL, '', NULL, NULL, 0, NULL, NULL, NULL, NULL, '', '', '', NULL, '0000-00-00', ''),
(61, '0000-00-00', 0, '', NULL, '', 'Exposure to poisonous gas', 'Transit', 'HOUR:MINUTE', '', '', '', '', '2015-09-30', 'guest', 3, '2016-06-22 23:54:37', 'NONE', '', '', '', '', 'Issue', 'sksk', 'sksk', '099', 'p@f.com', NULL, NULL, NULL, '', 'Yes', 0, '2016-04-01', NULL, NULL, '', NULL, NULL, 0, NULL, NULL, NULL, NULL, '', '', '', NULL, '0000-00-00', ''),
(62, '0000-00-00', 0, '', NULL, '', 'too much noise in premises', 'tower', '04:15', '', '', '', '', '2015-09-30', 'admin', 3, '2016-06-22 23:54:37', 'NONE', '', '', '', '', 'Issue', 'admin', 'DUTY OFFICER', '', 'info@caauganda.com', NULL, NULL, NULL, '', 'Yes', 0, '2016-04-01', NULL, NULL, '', NULL, NULL, 0, NULL, NULL, NULL, NULL, '', '', '', NULL, '0000-00-00', ''),
(63, '0000-00-00', 0, '', NULL, '', 'too much noise in premises', 'tower', '04:15', '', '', '', '', '2015-09-30', 'admin', 3, '2016-06-22 23:54:37', 'NONE', '', '', '', '', 'Issue', 'admin', 'DUTY OFFICER', '', 'info@caauganda.com', NULL, NULL, NULL, '', 'Yes', 0, '2016-04-01', NULL, NULL, '', NULL, NULL, 0, NULL, NULL, NULL, NULL, '', '', '', NULL, '0000-00-00', ''),
(64, '0000-00-00', 0, '', NULL, '', 'locking system in store is faulty', 'store', '06:30', '', '', '', '', '2015-09-30', 'guest', 3, '2016-06-22 23:54:37', 'NONE', '', '', '', '', 'Issue', 'mark', 'systems', '0701198000', 'bwire@programmer.net', NULL, NULL, NULL, '', 'Yes', 0, '2016-04-01', NULL, NULL, '', NULL, NULL, 0, NULL, NULL, NULL, NULL, '', '', '', NULL, '0000-00-00', ''),
(65, '0000-00-00', 0, '', NULL, 'HZD/A/65/15', 'Aircraft  converging at Bunia DRC FIR   without ATC coordination. ', 'Bunia', '01:30', '', '', '', '', '2015-09-30', 'Samuel.B', 3, '2016-06-22 23:54:37', 'AVIATION', '', '', '', '', 'Hazard', 'Samuel.B', 'Programmer', '+256701198000', 'bwire@programmer.net', NULL, NULL, NULL, '', 'Yes', 0, '2016-04-01', NULL, NULL, '', NULL, NULL, 0, NULL, NULL, NULL, NULL, '', '', '', NULL, '0000-00-00', ''),
(66, '0000-00-00', 0, '', NULL, '', 'Chairs in Tower are too low', 'Tower', '02:00', '', '', '', '', '2015-10-01', 'guest', 5, '2016-06-30 10:26:14', 'NONE', '', '', '', '', 'Issue', 'Wanzunula', 'SMS', '+256702953774', 'rwanzunula@caa.co.ug', NULL, NULL, NULL, '', 'Yes', 0, '2016-04-01', NULL, NULL, '', NULL, NULL, 0, NULL, NULL, NULL, NULL, '', '', '', NULL, '0000-00-00', ''),
(67, '0000-00-00', 0, '', NULL, 'HZD/A/67/15', 'Lose of situational awareness', 'Tower', '03:00', '', '', '', '', '2015-10-01', 'guest', 3, '2016-06-22 23:54:37', 'AVIATION', '', '', '', '', 'Hazard', '', '', '', '', NULL, NULL, NULL, '', 'Yes', 0, '2016-04-01', NULL, NULL, '', NULL, NULL, 0, NULL, NULL, NULL, NULL, '', '', '', NULL, '0000-00-00', ''),
(68, '0000-00-00', 0, '', NULL, 'HZD/A/68/15', 'Staff broke back bone', 'Tower', '02:00', 'q', 'OPERATOR A', 'DEPARTURE POINT A', '1', '2015-10-01', 'admin', 3, '2016-06-22 23:54:37', 'AVIATION', '', '', '', '', 'Hazard', '', '', '', '', 66, NULL, NULL, '', 'Yes', 0, '2016-04-01', NULL, NULL, '', NULL, NULL, 0, NULL, NULL, NULL, NULL, '', '', '', NULL, '0000-00-00', ''),
(69, '0000-00-00', 0, '', NULL, 'HZD/A/69/15', 'Deliberate strike of Tower operators Deliberate strike of Tower operators Deliberate strike of Tower operators Deliberate strike of Tower operators', 'Tower', '02:00', '', '', '', '', '2015-10-02', 'admin', 4, '2016-11-03 15:34:39', 'AVIATION', '', '', '', '', 'Hazard', '', '', '', '', 66, NULL, 1, 'Non', 'Yes', 0, '2016-04-01', NULL, NULL, '', NULL, NULL, 0, NULL, NULL, NULL, 2, '', '', '', NULL, '0000-00-00', ''),
(70, '0000-00-00', 0, '', NULL, '', 'Wind around tower', 'Tower', '01:30', '', '', '', '', '2015-10-02', 'Wanzunula.R', 3, '2016-06-22 23:54:37', 'NONE', '', '', '', '', 'Hazard', 'Wanzunula.R', 'PAIMO-SMS/QA', '+256702953774', 'bwire@programmer.net', NULL, NULL, NULL, '', 'Yes', 0, '2016-04-01', NULL, NULL, '', NULL, NULL, 0, NULL, NULL, NULL, NULL, '', '', '', NULL, '0000-00-00', ''),
(71, '0000-00-00', 0, '', NULL, '', 'Contoller working with an invalid license', 'Soroti', '05:12', '', '', '', '', '2015-10-02', 'Wanzunula.R', 3, '2016-06-22 23:54:37', 'NONE', '', '', '', '', 'Incident', 'Wanzunula.R', 'PAIMO-SMS/QA', '+256702953774', 'bwire@programmer.net', NULL, NULL, NULL, '', 'Yes', 0, '2016-04-01', NULL, NULL, '', NULL, NULL, 0, NULL, NULL, NULL, NULL, '', '', '', NULL, '0000-00-00', ''),
(72, '0000-00-00', 0, '', NULL, '', 'Controller working with an invalid license', 'Soroti', 'HOUR:MINUTE', '', '', '', '', '2016-06-23', 'admin', 3, '2016-06-25 03:07:03', 'NONE', '', '', '', '', 'Hazard', 'Wanzunula.R', 'PAIMO-SMS/QA', '+256702953774', 'bwire@programmer.net', NULL, NULL, NULL, '', 'Yes', 0, '2016-04-01', NULL, NULL, '', NULL, NULL, 0, NULL, NULL, NULL, NULL, '', '', '', NULL, '0000-00-00', ''),
(73, '0000-00-00', 0, '', NULL, '', '', 'Soroti', 'HOUR:MINUTE', '', '', '', '', '2015-10-02', 'admin', 3, '2016-06-22 23:54:37', 'NONE', '', '', '', '', 'Hazard', '', '', '', '', 72, NULL, NULL, '', 'Yes', 0, '2016-04-01', NULL, NULL, '', NULL, NULL, 0, NULL, NULL, NULL, NULL, '', '', '', NULL, '0000-00-00', ''),
(74, '0000-00-00', 0, '', NULL, 'HZD/A/74/15', '', 'Soroti', 'HOUR:MINUTE', '', '', '', '', '2015-10-02', 'admin', 2, '2016-06-22 23:54:37', 'AVIATION', '', '', '', '', 'Hazard', '', '', '', '', 72, NULL, NULL, '', 'Yes', 0, '2016-04-01', NULL, NULL, '', NULL, NULL, 0, NULL, NULL, NULL, NULL, '', '', '', NULL, '0000-00-00', ''),
(75, '0000-00-00', 0, '', NULL, '', 'Controller working with an invalid license', 'Soroti', '09:30', '', '', '', '', '2016-07-05', 'guest', 1, '2016-06-22 23:54:37', 'NONE', '', '', '', '', 'Hazard', '', '', '', '', NULL, NULL, NULL, '', 'Yes', 0, '2016-07-05', NULL, NULL, '', NULL, NULL, 0, NULL, NULL, NULL, NULL, '', '', '', NULL, '0000-00-00', ''),
(76, '0000-00-00', 0, '', NULL, 'HZD/A/76/15', 'open socket', 'control room', '09:00', '', '', '', '', '2015-11-03', 'guest', 2, '2016-06-22 23:54:37', 'AVIATION', '', '', '', '', 'Hazard', '', '', '', '', NULL, NULL, NULL, '', 'Yes', 0, '2016-04-01', NULL, NULL, '', NULL, NULL, 0, NULL, NULL, NULL, NULL, '', '', '', NULL, '0000-00-00', ''),
(77, '0000-00-00', 0, '', NULL, 'HZD/O/77/15', 'Trees blocking run way view', 'Tower', '09:30', 'ER522Q', '', '', 'mwesigye', '2015-11-03', 'admin', 4, '2016-06-22 23:54:37', 'OSHE', '', '', '', '', 'Hazard', '', '', '', '', 75, NULL, 9, 'xx', 'Yes', 0, '2016-04-01', NULL, NULL, '', NULL, NULL, 0, NULL, NULL, NULL, NULL, '', '', '', NULL, '0000-00-00', ''),
(78, '0000-00-00', 0, '', NULL, '', 'Trees blocking run way view', 'Tower', '04:10', '34GH-991', 'OPERATOR A', 'DEPARTURE POINT A', 'mwesigye', '2015-11-03', 'admin', 1, '2016-06-22 23:54:37', 'NONE', '', '', '', '', 'SITREP', 'admin', 'DUTY OFFICER', '', 'info@caauganda.com', NULL, NULL, NULL, '', 'Yes', 0, '2016-04-01', NULL, NULL, '', NULL, NULL, 0, NULL, NULL, NULL, NULL, '', '', '', NULL, '0000-00-00', ''),
(79, '0000-00-00', 0, '', NULL, '', 'Trees blocking run way view', 'Tower', '02:03', '', '', '', '', '2015-11-08', 'admin', 1, '2016-06-22 23:54:37', 'NONE', '', '', '', '', 'Issue', 'admin', 'DUTY OFFICER', '', 'info@caauganda.com', NULL, NULL, NULL, '', 'Yes', 0, '2016-04-01', NULL, NULL, '', NULL, NULL, 0, NULL, NULL, NULL, NULL, '', '', '', NULL, '0000-00-00', ''),
(80, '0000-00-00', 0, '', NULL, '', 'Trees blocking run way view', 'Control Room', 'HOUR:MINUTE', '', '', '', '', '2015-11-02', 'admin', 1, '2016-06-22 23:54:37', 'NONE', '', '', '', '', 'Issue', 'admin', 'DUTY OFFICER', '', 'info@caauganda.com', NULL, NULL, NULL, '', 'Yes', 0, '2016-04-01', NULL, NULL, '', NULL, NULL, 0, NULL, NULL, NULL, NULL, '', '', '', NULL, '0000-00-00', ''),
(81, '0000-00-00', 0, '', NULL, '', 'Trees blocking run way view', 'Tower', '03:04', '', '', '', '', '2015-11-10', 'admin', 1, '2016-06-22 23:54:37', 'NONE', '', '', '', '', 'Issue', 'admin', 'DUTY OFFICER', '', 'info@caauganda.com', NULL, NULL, NULL, '', 'Yes', 0, '2016-04-01', NULL, NULL, '', NULL, NULL, 0, NULL, NULL, NULL, NULL, '', '', '', NULL, '0000-00-00', ''),
(82, '0000-00-00', 0, '', NULL, '', 'Trees blocking run way view', 'Control Room', '03:04', '', '', '', '', '2015-11-08', 'admin', 1, '2016-06-22 23:54:37', 'NONE', '', '', '', '', 'Incident', 'admin', 'DUTY OFFICER', '', 'info@caauganda.com', NULL, NULL, NULL, '', 'Yes', 0, '2016-04-01', NULL, NULL, '', NULL, NULL, 0, NULL, NULL, NULL, NULL, '', '', '', NULL, '0000-00-00', ''),
(83, '0000-00-00', 0, '', NULL, 'HZD/A/83/16', 'Trees blocking run way view', 'Tower', '03:05', '', '', '', '', '2015-11-07', 'admin', 3, '2016-06-22 23:54:37', 'AVIATION', '', '', 'Communication', '', 'Hazard', 'admin', 'DUTY OFFICER', '', 'info@caauganda.com', NULL, NULL, NULL, '', 'Yes', 0, '2016-04-01', NULL, NULL, '', NULL, NULL, 0, NULL, NULL, NULL, NULL, '', '', '', NULL, '0000-00-00', ''),
(84, '0000-00-00', 0, '', NULL, '', 'Trees blocking run way view', 'Tower', '03:07', '', '', '', '', '2015-12-16', 'guest', 1, '2016-06-22 23:54:37', 'NONE', '', '', '', '', 'Issue', '', '', '', '', NULL, NULL, NULL, '', 'Yes', 0, '2016-04-01', NULL, NULL, '', NULL, NULL, 0, NULL, NULL, NULL, NULL, '', '', '', NULL, '0000-00-00', ''),
(85, '0000-00-00', 0, '', NULL, '', 'Trees blocking run way view', 'Tower', '04:02', '', '', '', '', '2015-12-16', 'guest', 1, '2016-06-22 23:54:37', 'NONE', '', '', '', '', 'Incident', '', '', '', '', NULL, NULL, NULL, '', 'Yes', 0, '2016-04-01', NULL, NULL, '', NULL, NULL, 0, NULL, NULL, NULL, NULL, '', '', '', NULL, '0000-00-00', ''),
(86, '0000-00-00', 0, '', NULL, 'HZD/A/86/16', 'Trees blocking run way view', 'Tower', '04:06', '', '', '', '', '2015-12-16', 'guest', 3, '2016-06-22 23:54:37', 'AVIATION', '', '', 'Communication', '', 'Hazard', '', '', '', '', NULL, NULL, NULL, '', 'Yes', 0, '2016-04-01', NULL, NULL, '', NULL, NULL, 0, NULL, NULL, NULL, NULL, '', '', '', NULL, '0000-00-00', ''),
(87, '0000-00-00', 0, '', NULL, '', 'Trees blocking run way view', 'Tower', '05:04', '', '', '', '', '2015-12-16', 'guest', 1, '2016-06-22 23:54:37', 'NONE', '', '', '', '', 'Issue', 'Rogers. W', '444', '44444', 'rwanzunula@gmail.com', NULL, NULL, NULL, '', 'Yes', 0, '2016-04-01', NULL, NULL, '', NULL, NULL, 0, NULL, NULL, NULL, NULL, '', '', '', NULL, '0000-00-00', ''),
(88, '0000-00-00', 0, '', NULL, 'HZD/O/88/15', 'Trees blocking run way view', 'Control Room', '03:30', '', '', '', '', '2015-12-15', 'sms', 3, '2016-06-22 23:54:37', 'OSHE', '', '', '', '', 'Hazard', 'sms', 'DUTY OFFICER', '', '', NULL, NULL, NULL, '', 'Yes', 0, '2016-04-01', NULL, NULL, '', NULL, NULL, 0, NULL, NULL, NULL, NULL, '', '', '', NULL, '0000-00-00', ''),
(89, '0000-00-00', 0, '', NULL, '', 'Trees blocking run way view', 'Tower', '04:02', '', '', '', '', '2015-12-29', 'admin', 3, '2016-06-22 23:54:37', 'NONE', '', '', '', '', 'Issue', '', '', '', '', 85, NULL, 2, '', 'Yes', 0, '2016-04-01', NULL, NULL, '', NULL, NULL, 0, NULL, NULL, NULL, NULL, '', '', '', NULL, '0000-00-00', ''),
(90, '0000-00-00', 0, '', NULL, '', 'Trees blocking run way view', 'Tower', '9:23', '', '', '', '', '2016-01-20', 'admin', 3, '2016-06-22 23:54:37', 'NONE', '', '', '', '', 'Issue', '', '', '', '', NULL, NULL, 1, 'test', 'Yes', 0, '2016-04-01', NULL, NULL, '', NULL, NULL, 0, NULL, NULL, NULL, NULL, '', '', '', NULL, '0000-00-00', ''),
(91, '0000-00-00', 0, '', NULL, '', 'Trees blocking run way view', 'Tower', '10:54', '', '', '', '', '2016-01-20', 'admin', 1, '2016-06-22 23:54:37', 'NONE', '', '', '', '', 'Issue', '', '', '', '', NULL, NULL, NULL, 'x1', 'Yes', 0, '2016-04-01', NULL, NULL, '', NULL, NULL, 0, NULL, NULL, NULL, NULL, '', '', '', NULL, '0000-00-00', ''),
(92, '0000-00-00', 0, '', NULL, 'HZD/A/92/16', 'Trees blocking run way view', 'Tower', '1:02', '', '', '', '', '2016-01-20', 'admin', 2, '2016-06-22 23:54:37', 'AVIATION', '', '', '', '', 'Hazard', '', '', '', '', NULL, NULL, NULL, 'tes', 'Yes', 0, '2016-04-01', NULL, NULL, '', NULL, NULL, 0, NULL, NULL, NULL, NULL, '', '', '', NULL, '0000-00-00', ''),
(93, '0000-00-00', 0, '', NULL, '', 'Trees blocking run way view', 'Tower', '2:12', '', '', '', '', '2016-01-20', 'admin', 1, '2016-06-22 23:54:37', 'NONE', '', '', '', '', 'Issue', '', '', '', '', 91, NULL, 1, 'test', 'Yes', 0, '2016-04-01', NULL, NULL, '', NULL, NULL, 0, NULL, NULL, NULL, NULL, '', '', '', NULL, '0000-00-00', ''),
(94, '0000-00-00', 0, '', NULL, '', 'Trees blocking run way view', 'Tower', '5:09', '', '', '', '', '2016-01-20', 'admin', 1, '2016-06-22 23:54:37', 'NONE', '', '', '', '', 'Incident', '', '', '', '', 93, NULL, NULL, '', 'Yes', 0, '2016-04-01', NULL, NULL, '', NULL, NULL, 0, NULL, NULL, NULL, NULL, '', '', '', NULL, '0000-00-00', ''),
(95, '0000-00-00', 0, '', NULL, '', 'Trees blocking run way view', 'tower', '03:15', '', '', '', '', '2016-01-20', 'guest', 1, '2016-06-22 23:54:37', 'NONE', '', '', '', '', 'Issue', 'Test Namw', 'Test', '090', 'krabz01@gmail.com', NULL, NULL, NULL, '', 'Yes', 0, '2016-04-01', NULL, NULL, '', NULL, NULL, 0, NULL, NULL, NULL, NULL, '', '', '', NULL, '0000-00-00', ''),
(96, '0000-00-00', 0, '', NULL, '', 'Trees blocking run way view', 'Tower', 'HOUR:MINUTE', '', '', '', '', '2016-01-27', 'guest', 1, '2016-06-22 23:54:37', 'NONE', '', '', '', '', 'Issue', 'test', 'De', '809', 'test', NULL, NULL, NULL, '', 'Yes', 0, '2016-04-01', NULL, NULL, '', NULL, NULL, 0, NULL, NULL, NULL, NULL, '', '', '', NULL, '0000-00-00', ''),
(97, '0000-00-00', 0, '', NULL, '', 'Trees blocking run way view', 'Tower', '03:03', '', '', '', '', '2016-01-20', 'Samuel.B', 5, '2016-06-22 23:54:37', 'NONE', '', '', '', '', 'Incident', 'Samuel.B', 'Programmer', '+256701198000', 'bwire@programmer.net', NULL, NULL, NULL, '', 'Yes', 0, '2016-04-01', NULL, NULL, '', NULL, NULL, 0, NULL, NULL, NULL, NULL, '', '', '', NULL, '0000-00-00', ''),
(98, '0000-00-00', 0, '', NULL, 'HZD/A/98/16', 'Trees blocking run way view', 'control tower', '16:13', '', '', '', '', '2016-01-20', 'Samuel.B', 3, '2016-06-22 23:54:37', 'AVIATION', '', '', '', '', 'Hazard', 'Samuel.B', 'Programmer', '+256701198000', 'bwire@programmer.net', NULL, NULL, NULL, '', 'Yes', 0, '2016-04-01', NULL, NULL, '', NULL, NULL, 0, NULL, NULL, NULL, NULL, '', '', '', NULL, '0000-00-00', ''),
(99, '0000-00-00', 0, '', NULL, 'HZD/O/99/16', 'Environmental Civil Suit', 'control tower', '16:13', '', '', '', '', '2016-01-20', 'admin', 3, '2016-06-22 23:54:37', 'OSHE', '', '', 'Communication', '', 'Hazard', '', '', '', '', 98, NULL, 2, 'Cutting down the trees', 'Yes', 0, '2016-04-01', NULL, NULL, '', NULL, NULL, 0, NULL, NULL, NULL, NULL, '', '', '', NULL, '0000-00-00', ''),
(100, '0000-00-00', 0, '', NULL, 'HZD/O/100/16', 'Environmental Civil Suit', 'Tower', '02:05', '', '', '', '', '2016-02-09', 'guest', 2, '2016-06-22 23:54:37', 'OSHE', '', '', 'Communication', '', 'Hazard', 'Rogers', 'yyuty', '', 'rwanzunula@caa.co.ug', NULL, NULL, NULL, '', 'Yes', 0, '2016-04-01', NULL, NULL, '', NULL, NULL, 0, NULL, NULL, NULL, NULL, '', '', '', NULL, '0000-00-00', ''),
(101, '0000-00-00', 0, '', NULL, '', 'Trees blocking run way view', 'entebbe', '20:12', '', '', '', '', '2016-02-09', 'guest', 1, '2016-06-22 23:54:37', 'NONE', '', '', '', '', 'Issue', '', '', '0712493893', 'amwesige@caa.co.ug', NULL, NULL, NULL, '', 'Yes', 0, '2016-04-01', NULL, NULL, '', NULL, NULL, 0, NULL, NULL, NULL, NULL, '', '', '', NULL, '0000-00-00', ''),
(102, '0000-00-00', 0, '', NULL, 'INS/S/102/16', 'Trees blocking run way view', 'entebbe', '19:00', '', '', '', '', '2016-02-09', 'guest', 2, '2016-10-16 21:26:57', 'SERIOUS', '', '', '', '', 'Incident', '', '', '', 'mwesigea@gmail.com', NULL, NULL, NULL, '', 'Yes', 0, '2016-04-01', NULL, NULL, '', NULL, NULL, 0, NULL, NULL, NULL, 10, '', '', '', NULL, '0000-00-00', ''),
(103, '0000-00-00', 0, '', NULL, '', 'Trees blocking run way view', 'Runway', '02:05', '', '', '', '', '2016-02-09', 'guest', 1, '2016-06-22 23:54:37', 'NONE', '', '', '', '', 'Issue', 'wanzunula Rogers', 'SMS', '0772953774', 'rwanzunula@caa.co.ug', NULL, NULL, NULL, '', 'Yes', 0, '2016-04-01', NULL, NULL, '', NULL, NULL, 0, NULL, NULL, NULL, NULL, '', '', '', NULL, '0000-00-00', ''),
(104, '0000-00-00', 0, '', NULL, '', 'Trees blocking run way view', 'Runway', '08:16', 'KL AirLines', 'OPERATOR A', 'DEPARTURE POINT A', 'mwesigye', '2016-02-09', 'Samuel.B', 5, '2016-06-22 23:54:37', 'NONE', '', '', '', '', 'SITREP', 'Samuel.B', 'Programmer', '+256701198000', 'bwire@programmer.net', NULL, NULL, NULL, '', 'Yes', 0, '2016-04-01', NULL, NULL, '', NULL, NULL, 0, NULL, NULL, NULL, NULL, '', '', '', NULL, '0000-00-00', ''),
(105, '0000-00-00', 0, '', NULL, 'INS/S/105/16', 'Trees blocking run way view', 'Runway', '2323', '', '', '', '', '2016-02-09', 'admin', 3, '2016-10-16 21:19:27', 'SERIOUS', '', '', '', '', 'Incident', '', '', '', '', NULL, NULL, 3, '34', 'Yes', 0, '2016-04-01', NULL, NULL, '', NULL, NULL, 0, NULL, NULL, NULL, 10, 'BQ213', 'Voluntary', 'Full', 2, '2016-10-16', '<p>A full investigation is needed on this incident immediately. Thank you.</p>'),
(106, '0000-00-00', 0, '', NULL, 'INS/S/106/16', 'Trees blocking run way view', 'Runway', '2323', '', '', '', '', '2016-02-09', 'admin', 3, '2016-11-03 16:07:59', 'SERIOUS', '', '', '', '', 'Incident', '', '', '', '', NULL, NULL, 2, 'jjjjj', 'Yes', 0, '2016-04-01', NULL, NULL, '', NULL, NULL, 0, NULL, NULL, NULL, 2, 'BQ213', 'Other', 'Brief', 3, '2016-10-16', '<p>Terms of reference</p>'),
(107, '0000-00-00', 0, '', NULL, '', 'Trees blocking run way view', 'Runway', '12:54', '', '', '', '', '2016-02-16', 'admin', 3, '2016-06-22 23:54:37', 'NONE', '', '', '', '', 'Hazard', '', '', '', '', NULL, NULL, 1, 'test', 'Yes', 0, '2016-04-01', NULL, NULL, '', NULL, NULL, 0, NULL, NULL, NULL, NULL, '', '', '', NULL, '0000-00-00', ''),
(108, '0000-00-00', 0, '', NULL, 'HZD/A/108/16', 'Trees blocking run way view', 'Runway', '12:24', '', '', '', '', '2016-02-16', 'admin', 3, '2016-06-22 23:54:37', 'AVIATION', 'Plus This and that', '', '', '', 'Hazard', '', '', '', '', NULL, NULL, NULL, '', 'Yes', 0, '2016-04-01', NULL, NULL, '', NULL, NULL, 0, NULL, NULL, NULL, NULL, '', '', '', NULL, '0000-00-00', ''),
(109, '0000-00-00', 0, '', NULL, '', 'Trees blocking run way view', 'Runway', '08:30', 'KL AirLines', 'muhumuza', 'point b', 'muhumuza', '2016-02-21', 'admin', 1, '2016-06-22 23:54:37', 'NONE', '', '', '', '', 'SITREP', 'admin', 'DUTY OFFICER', '', 'info@caauganda.com', NULL, NULL, NULL, '', 'Yes', 0, '2016-04-01', NULL, NULL, '', NULL, NULL, 0, NULL, NULL, NULL, NULL, '', '', '', NULL, '0000-00-00', ''),
(110, '0000-00-00', 0, '', NULL, '', 'Bird Strick', 'Runway', 'HOUR:MINUTE', 'KL AirLines', 'KL AirLines', 'KL AirLines', 'kwesiga', '2016-03-02', 'Samuel.B', 1, '2016-06-22 23:54:37', 'NONE', '', '', '', '', 'SITREP', 'Samuel.B', 'Programmer', '+256701198000', 'bwire@programmer.net', NULL, NULL, NULL, '', 'Yes', 0, '2016-04-01', NULL, NULL, '', NULL, NULL, 0, NULL, NULL, NULL, NULL, '', '', '', NULL, '0000-00-00', ''),
(111, '0000-00-00', 0, '', NULL, '', 'Tresspass by unknown men', 'Behind tower building', 'HOUR:MINUTE', '', '', '', '', '2016-05-25', 'admin', 1, '2016-06-22 23:54:37', 'NONE', '', '', '', '', 'Issue', 'admin', 'DUTY OFFICER', '', 'info@caauganda.com', NULL, NULL, NULL, '', 'Yes', 0, '2016-04-01', NULL, NULL, '', NULL, NULL, 0, NULL, NULL, NULL, NULL, '', '', '', NULL, '0000-00-00', ''),
(112, '0000-00-00', 0, '', NULL, '', 'Explosion in server room', 'Server room', '1:09', '', '', '', '', '2016-06-19', 'admin', 1, '2016-06-22 23:54:37', 'NONE', '', '', '', '', 'Issue', '', '', '', '', NULL, NULL, NULL, '', 'Yes', 0, '2016-04-01', NULL, NULL, '', NULL, NULL, 0, NULL, NULL, NULL, NULL, '', '', '', NULL, '0000-00-00', ''),
(113, '0000-00-00', 0, '', NULL, '', 'OCCURRENCE', 'PLACE', 'HOUR:MINUTE', '', '', '', '', '2016-06-19', 'admin', 1, '2016-06-22 23:54:37', 'NONE', '', '', '', '', 'Issue', 'admin', 'DUTY OFFICER', '', 'info@caauganda.com', NULL, NULL, NULL, '', 'Yes', 0, '2016-04-01', NULL, NULL, '', NULL, NULL, 0, NULL, NULL, NULL, NULL, '', '', '', NULL, '0000-00-00', ''),
(114, '0000-00-00', 0, '', NULL, '', 'OCCURRENCE', 'PLACE', 'HOUR:MINUTE', '', '', '', '', '2016-06-19', 'admin', 3, '2016-06-22 23:54:37', 'NONE', '', '', '', '', 'Issue', 'admin', 'DUTY OFFICER', '', 'info@caauganda.com', NULL, NULL, NULL, '', 'Yes', 0, '2016-04-01', NULL, NULL, '', NULL, NULL, 0, NULL, NULL, NULL, NULL, '', '', '', NULL, '0000-00-00', ''),
(115, '0000-00-00', 0, '', NULL, '', 'Explosion in server room', 'Server room', '01:06', '', '', '', '', '2016-06-19', 'admin', 1, '2016-06-22 23:54:37', 'NONE', '', '', '', '', 'Issue', 'admin', 'DUTY OFFICER', '', 'info@caauganda.com', NULL, NULL, NULL, '', 'Yes', 0, '2016-04-01', NULL, NULL, '', NULL, NULL, 0, NULL, NULL, NULL, NULL, '', '', '', NULL, '0000-00-00', ''),
(116, '0000-00-00', 0, '', NULL, '', 'Explosion in server room', 'Server room', '05:11', '', '', '', '', '2016-06-19', 'admin', 1, '2016-06-22 23:54:37', 'NONE', '', '', '', '', 'Issue', 'admin', 'DUTY OFFICER', '', 'info@caauganda.com', NULL, NULL, NULL, '', 'Yes', 0, '2016-04-01', NULL, NULL, '', NULL, NULL, 0, NULL, NULL, NULL, NULL, '', '', '', NULL, '0000-00-00', ''),
(117, '0000-00-00', 0, '', NULL, '', 'Explosion in server room', 'Server room', '04:09', '', '', '', '', '2016-06-19', 'admin', 1, '2016-06-22 23:54:37', 'NONE', '', '', '', '', 'Issue', 'admin', 'DUTY OFFICER', '', 'info@caauganda.com', NULL, NULL, NULL, '', 'Yes', 1, '2016-04-01', NULL, NULL, '', NULL, NULL, 0, NULL, NULL, NULL, NULL, '', '', '', NULL, '0000-00-00', ''),
(118, '0000-00-00', 0, '', NULL, '', 'Explosion in server room', 'Server room', 'HOUR:10', '', '', '', '', '2016-06-13', 'admin', 1, '2016-06-22 23:54:37', 'NONE', '', '', '', '', 'Issue', 'admin', 'DUTY OFFICER', '', 'info@caauganda.com', NULL, NULL, NULL, '', 'Yes', 0, '2016-04-01', NULL, NULL, '', NULL, NULL, 0, NULL, NULL, NULL, NULL, '', '', '', NULL, '0000-00-00', ''),
(119, '0000-00-00', 0, '', NULL, '', 'Explosion in server room', 'Server room', '16:11', '', '', '', '', '2016-06-07', 'admin', 1, '2016-06-22 23:54:37', 'NONE', '', '', '', '', 'Issue', 'admin', 'DUTY OFFICER', '', 'info@caauganda.com', NULL, NULL, NULL, '', 'Yes', 1, '2016-04-01', NULL, NULL, '', NULL, NULL, 0, NULL, NULL, NULL, NULL, '', '', '', NULL, '0000-00-00', ''),
(120, '0000-00-00', 0, '', NULL, '', 'Explosion in server room', 'Server room', '12:04', '', '', '', '', '2016-06-01', 'admin', 1, '2016-06-22 23:54:37', 'NONE', '', '', '', '', 'Issue', '', '', '', '', NULL, NULL, NULL, '', 'Yes', 1, '2016-04-01', NULL, NULL, '', NULL, NULL, 0, NULL, NULL, NULL, NULL, '', '', '', NULL, '0000-00-00', ''),
(121, '0000-00-00', 0, '', NULL, '', 'Explosion in server room', 'Server room', '06:08', '', '', '', '', '2016-06-06', 'admin', 1, '2016-06-19 02:35:56', 'NONE', '', '', '', '', 'Issue', 'admin', 'DUTY OFFICER', '', 'info@caauganda.com', NULL, NULL, NULL, '', 'Yes', 1, '2016-06-19', NULL, NULL, '', NULL, NULL, 0, NULL, NULL, NULL, NULL, '', '', '', NULL, '0000-00-00', ''),
(122, '0000-00-00', 0, '', NULL, '', 'Explosion in server room', 'Server room', '12:04', '', '', '', '', '2016-06-23', 'admin', 3, '2016-06-25 07:32:18', 'NONE', '', '', '', '', 'Hazard', '', '', '', '', NULL, NULL, NULL, '', 'Yes', 0, '2016-06-23', NULL, NULL, '', NULL, NULL, 0, NULL, NULL, NULL, NULL, '', '', '', NULL, '0000-00-00', ''),
(123, '0000-00-00', 0, '', NULL, '', 'Explosion in server room', 'Server room', '00:04', 'AIRCRAFT REG', 'OPERATOR', 'DEPATURE POINT', 'ON BOARD', '2016-06-25', 'admin', 1, '2016-06-24 22:48:38', 'NONE', '', '', '', '', 'SITREP', 'admin', 'DUTY OFFICER', '', 'info@caauganda.com', NULL, NULL, NULL, '', 'Yes', 0, '2016-06-25', NULL, NULL, '', NULL, NULL, 0, NULL, NULL, NULL, NULL, '', '', '', NULL, '0000-00-00', ''),
(124, '0000-00-00', 0, '', NULL, '', 'Explosion in server room', 'Server room', '00:04', 'AIRCRAFT REG', 'OPERATOR', 'DEPATURE POINT', 'ON BOARD', '2016-06-25', 'admin', 1, '2016-06-24 22:49:35', 'NONE', '', '', '', '', 'SITREP', 'admin', 'DUTY OFFICER', '', 'info@caauganda.com', NULL, NULL, NULL, '', 'Yes', 0, '2016-06-25', NULL, NULL, '', NULL, NULL, 0, NULL, NULL, NULL, NULL, '', '', '', NULL, '0000-00-00', ''),
(125, '0000-00-00', 0, '', NULL, '', 'Explosion in server room', 'Server room', 'HOUR:MINUTE', 'AIRCRAFT REG', 'OPERATOR', 'DEPATURE POINT', 'ON BOARD', '2016-06-25', 'admin', 1, '2016-06-24 22:50:01', 'NONE', '', '', '', '', 'SITREP', 'admin', 'DUTY OFFICER', '', 'info@caauganda.com', NULL, NULL, NULL, '', 'Yes', 0, '2016-06-25', NULL, NULL, '', NULL, NULL, 0, NULL, NULL, NULL, NULL, '', '', '', NULL, '0000-00-00', ''),
(126, '0000-00-00', 0, '', NULL, '', 'Explosion in server room', 'Server room', 'HOUR:MINUTE', '', '', '', '', '2016-06-25', 'admin', 3, '2016-06-25 05:33:55', 'NONE', '', '', 'Power threats', '', 'Hazard', 'admin', 'DUTY OFFICER', '', 'info@caauganda.com', NULL, NULL, NULL, '', 'Yes', 0, '2016-06-25', NULL, NULL, '', NULL, NULL, 0, NULL, NULL, NULL, NULL, '', '', '', NULL, '0000-00-00', ''),
(127, '0000-00-00', 0, '', NULL, '', 'Accident happened at Tower', 'SMS office', '04:09', '', 'Samuel', '', '2', '2016-06-14', 'bwire', 1, '2016-06-25 10:02:04', 'NONE', '', '', '', '', 'SITREP', 'bwire', 'Programmer', '+256701198000', 'bwire@programmer.net', NULL, NULL, NULL, '', 'Yes', 0, '2016-06-25', NULL, NULL, '', NULL, NULL, 0, NULL, NULL, NULL, NULL, '', '', '', NULL, '0000-00-00', ''),
(128, '0000-00-00', 0, '', NULL, '', 'pot hole on the runway', 'tower', '05:25', '', '', '', '', '2016-06-27', 'guest', 3, '2016-07-26 11:49:20', 'NONE', '', '', '', '', 'Issue', '', '', '', 'ekakama@caa.co.ug', NULL, NULL, NULL, '', 'Yes', 0, '2016-06-27', NULL, NULL, '', NULL, NULL, 0, NULL, NULL, NULL, NULL, '', '', '', NULL, '0000-00-00', ''),
(129, '0000-00-00', 0, '', NULL, '', 'faulty air conditioner', 'apac', 'HOUR:MINUTE', '', '', '', '', '2000-09-09', 'matovu', 1, '2016-06-28 04:50:56', 'NONE', '', '', '', '', 'Incident', 'matovu', 'SMS Officer', '', 'davimato@yahoo.com', NULL, NULL, NULL, '', 'Yes', 1, '2016-06-28', NULL, NULL, '', NULL, NULL, 0, NULL, NULL, NULL, NULL, '', '', '', NULL, '0000-00-00', ''),
(130, '0000-00-00', 0, '', NULL, '', 'poor telephone arrangement', 'abim', 'HOUR:MINUTE', '', '', '', '', '2001-01-01', 'matovu', 1, '2016-06-28 04:53:00', 'NONE', '', '', '', '', 'Incident', 'matovu', 'SMS Officer', '', 'davimato@yahoo.com', NULL, NULL, NULL, '', 'Yes', 1, '2016-06-28', NULL, NULL, '', NULL, NULL, 0, NULL, NULL, NULL, NULL, '', '', '', NULL, '0000-00-00', ''),
(131, '0000-00-00', 0, '', NULL, '', 'aircraft on taxiways', 'kalong', 'HOUR:MINUTE', '', '', '', '', '2010-06-20', 'matovu', 1, '2016-06-28 04:55:58', 'NONE', '', '', '', '', 'Hazard', 'matovu', 'SMS Officer', '', 'davimato@yahoo.com', NULL, NULL, NULL, '', 'Yes', 0, '2016-06-28', NULL, NULL, '', NULL, NULL, 0, NULL, NULL, NULL, NULL, '', '', '', NULL, '0000-00-00', '');
INSERT INTO `incidents` (`id`, `date_closed`, `officer_done`, `risk_index`, `risk_index_category`, `number`, `occurrence`, `place`, `time`, `aircraft_registration`, `operator`, `departure_point`, `persons_on_board`, `date`, `reported_by`, `status`, `modified`, `category`, `brief_notes`, `recommendations`, `type_of_operation`, `person_responsible`, `main_category`, `reported_by_name`, `reported_by_department`, `reported_by_tel`, `reported_by_email`, `parent_occurrence`, `category_id`, `cause_id`, `other_cause_details`, `reported`, `reoccuring`, `date_reported`, `sitrep_category`, `sitrep_cause`, `incident_category`, `root_cause`, `hazard_source`, `assigned_to_officer`, `officer_assigned`, `administrator_assigned`, `current_user`, `current_user_id`, `aircraft_involved`, `form_of_notification`, `level_of_investigation`, `investigator_id`, `investigation_deadline`, `investigation_tor`) VALUES
(132, '0000-00-00', 0, '', NULL, '', 'safety of equipment room', 'lacor', 'HOUR:MINUTE', '', '', '', '', '2010-06-20', 'matovu', 1, '2016-06-28 04:57:19', 'NONE', '', '', '', '', 'Hazard', 'matovu', 'SMS Officer', '', 'davimato@yahoo.com', NULL, NULL, NULL, '', 'Yes', 0, '2016-06-28', NULL, NULL, '', NULL, NULL, 0, NULL, NULL, NULL, NULL, '', '', '', NULL, '0000-00-00', ''),
(133, '0000-00-00', 0, '', NULL, '', 'lack of transport', 'serere', 'HOUR:MINUTE', '', '', '', '', '2000-10-10', 'matovu', 1, '2016-06-28 04:58:38', 'NONE', '', '', '', '', 'Issue', 'matovu', 'SMS Officer', '', 'davimato@yahoo.com', NULL, NULL, NULL, '', 'Yes', 1, '2016-06-28', NULL, NULL, '', NULL, NULL, 0, NULL, NULL, NULL, NULL, '', '', '', NULL, '0000-00-00', ''),
(134, '0000-00-00', 0, '', NULL, '', 'transport', 'lira', 'HOUR:MINUTE', '', '', '', '', '2000-12-12', 'matovu', 1, '2016-06-28 05:00:04', 'NONE', '', '', '', '', 'Issue', 'matovu', 'SMS Officer', '', 'davimato@yahoo.com', NULL, NULL, NULL, '', 'Yes', 0, '2016-06-28', NULL, NULL, '', NULL, NULL, 0, NULL, NULL, NULL, NULL, '', '', '', NULL, '0000-00-00', ''),
(135, '0000-00-00', 0, '', NULL, '', 'faulty boiler', 'mbale', 'HOUR:MINUTE', '', '', '', '', '2000-05-12', 'matovu', 1, '2016-06-28 05:08:45', 'NONE', '', '', '', '', 'Issue', 'matovu', 'SMS Officer', '', 'davimato@yahoo.com', NULL, NULL, NULL, '', 'Yes', 0, '2016-06-28', NULL, NULL, '', NULL, NULL, 0, NULL, NULL, NULL, NULL, '', '', '', NULL, '0000-00-00', ''),
(136, '0000-00-00', 0, '', NULL, '', 'lack of water', 'kilwa', 'HOUR:MINUTE', '', '', '', '', '2001-01-01', 'matovu', 1, '2016-06-28 05:10:16', 'NONE', '', '', '', '', 'Issue', 'matovu', 'SMS Officer', '', 'davimato@yahoo.com', NULL, NULL, NULL, '', 'Yes', 1, '2016-06-28', NULL, NULL, '', NULL, NULL, 0, NULL, NULL, NULL, NULL, '', '', '', NULL, '0000-00-00', ''),
(137, '0000-00-00', 0, '', NULL, '', 'broken windows', 'masaka', 'HOUR:MINUTE', '', '', '', '', '2005-01-12', 'matovu', 1, '2016-06-28 05:13:15', 'NONE', '', '', '', '', 'Issue', 'matovu', 'SMS Officer', '', 'davimato@yahoo.com', NULL, NULL, NULL, '', 'Yes', 1, '2016-06-28', NULL, NULL, '', NULL, NULL, 0, NULL, NULL, NULL, NULL, '', '', '', NULL, '0000-00-00', ''),
(138, '0000-00-00', 0, '', NULL, '', 'lack of first aid kits', 'hoima', 'HOUR:MINUTE', '', '', '', '', '2001-01-01', 'matovu', 1, '2016-06-28 05:15:18', 'NONE', '', '', '', '', 'Issue', 'matovu', 'SMS Officer', '', 'davimato@yahoo.com', NULL, NULL, NULL, '', 'Yes', 0, '2016-06-28', NULL, NULL, '', NULL, NULL, 0, NULL, NULL, NULL, NULL, '', '', '', NULL, '0000-00-00', ''),
(139, '0000-00-00', 0, '', NULL, '', 'unprotected CNS equipmnt', 'Lira', 'HOUR:MINUTE', '', '', '', '', '2006-09-09', 'matovu', 1, '2016-06-28 05:20:44', 'NONE', '', '', '', '', 'Hazard', 'matovu', 'SMS Officer', '', 'davimato@yahoo.com', NULL, NULL, NULL, '', 'Yes', 0, '2016-06-28', NULL, NULL, '', NULL, NULL, 0, NULL, NULL, NULL, NULL, '', '', '', NULL, '0000-00-00', ''),
(140, '0000-00-00', 0, '', NULL, '', 'unprotected CNS equipmnt', 'Lira', 'HOUR:MINUTE', '', '', '', '', '2006-09-09', 'matovu', 1, '2016-06-28 05:20:47', 'NONE', '', '', '', '', 'Hazard', 'matovu', 'SMS Officer', '', 'davimato@yahoo.com', NULL, NULL, NULL, '', 'Yes', 0, '2016-06-28', NULL, NULL, '', NULL, NULL, 0, NULL, NULL, NULL, NULL, '', '', '', NULL, '0000-00-00', ''),
(141, '0000-00-00', 0, '', NULL, '', 'air miss', 'gulu', 'HOUR:MINUTE', '', '', '', '', '2001-01-01', 'matovu', 1, '2016-06-28 05:00:42', 'NONE', '', '', '', '', 'Issue', 'matovu', 'SMS Officer', '', 'davimato@yahoo.com', NULL, NULL, NULL, '', 'Yes', 0, '2016-06-28', NULL, NULL, '', NULL, NULL, 0, NULL, NULL, NULL, NULL, '', '', '', NULL, '0000-00-00', ''),
(142, '0000-00-00', 0, '', NULL, '', 'NO PLAN B', 'KELIM', 'HOUR:MINUTE', '', '', '', '', '2000-09-09', 'matovu', 1, '2016-06-28 05:03:06', 'NONE', '', '', '', '', 'Issue', 'matovu', 'SMS Officer', '', 'davimato@yahoo.com', NULL, NULL, NULL, '', 'Yes', 0, '2016-06-28', NULL, NULL, '', NULL, NULL, 0, NULL, NULL, NULL, NULL, '', '', '', NULL, '0000-00-00', ''),
(143, '0000-00-00', 0, '', NULL, '', 'diversion', 'HUEK', 'HOUR:MINUTE', '', '', '', '', '2001-06-06', 'matovu', 1, '2016-06-28 05:06:38', 'NONE', '', '', '', '', 'Issue', 'matovu', 'SMS Officer', '', 'davimato@yahoo.com', NULL, NULL, NULL, '', 'Yes', 0, '2016-06-28', NULL, NULL, '', NULL, NULL, 0, NULL, NULL, NULL, NULL, '', '', '', NULL, '0000-00-00', ''),
(144, '0000-00-00', 0, '', NULL, '', 'POOR TELEPHONES', 'ININGO', 'HOUR:MINUTE', '', '', '', '', '2001-01-01', 'matovu', 1, '2016-06-28 05:08:50', 'NONE', '', '', '', '', 'Issue', 'matovu', 'SMS Officer', '', 'davimato@yahoo.com', NULL, NULL, NULL, '', 'Yes', 0, '2016-06-28', NULL, NULL, '', NULL, NULL, 0, NULL, NULL, NULL, NULL, '', '', '', NULL, '0000-00-00', ''),
(145, '0000-00-00', 0, '', NULL, '', 'REMOTE MONITORING', 'KAMUSALA', 'HOUR:MINUTE', '', '', '', '', '2003-09-04', 'matovu', 1, '2016-06-28 05:13:12', 'NONE', '', '', '', '', 'Issue', 'matovu', 'SMS Officer', '', 'davimato@yahoo.com', NULL, NULL, NULL, '', 'Yes', 1, '2016-06-28', NULL, NULL, '', NULL, NULL, 0, NULL, NULL, NULL, NULL, '', '', '', NULL, '0000-00-00', ''),
(146, '0000-00-00', 0, '', NULL, '', 'faulty localiser', 'KASILO', '11:15', '', '', '', '', '2002-09-12', 'matovu', 1, '2016-06-28 05:20:04', 'NONE', '', '', '', '', 'Issue', 'matovu', 'SMS Officer', '', 'davimato@yahoo.com', NULL, NULL, NULL, '', 'Yes', 1, '2016-06-28', NULL, NULL, '', NULL, NULL, 0, NULL, NULL, NULL, NULL, '', '', '', NULL, '0000-00-00', ''),
(147, '0000-00-00', 0, '', NULL, '', 'no cordination', 'AWOJA', 'HOUR:MINUTE', '', '', '', '', '2004-01-01', 'matovu', 1, '2016-06-28 05:23:17', 'NONE', '', '', '', '', 'Issue', 'matovu', 'SMS Officer', '', 'davimato@yahoo.com', NULL, NULL, NULL, '', 'Yes', 1, '2016-06-28', NULL, NULL, '', NULL, NULL, 0, NULL, NULL, NULL, NULL, '', '', '', NULL, '0000-00-00', ''),
(148, '0000-00-00', 0, '', NULL, '', 'wrong message adresses', 'nakatunya', 'HOUR:MINUTE', '', '', '', '', '2005-01-12', 'matovu', 1, '2016-06-28 05:27:20', 'NONE', '', '', '', '', 'Issue', 'matovu', 'SMS Officer', '', 'davimato@yahoo.com', NULL, NULL, NULL, '', 'Yes', 0, '2016-06-28', NULL, NULL, '', NULL, NULL, 0, NULL, NULL, NULL, NULL, '', '', '', NULL, '0000-00-00', ''),
(149, '0000-00-00', 0, '', NULL, '', 'violation of proceedures', 'ATIRA', 'HOUR:MINUTE', '', '', '', '', '2006-09-09', 'matovu', 1, '2016-06-28 05:31:18', 'NONE', '', '', '', '', 'Issue', 'matovu', 'SMS Officer', '', 'davimato@yahoo.com', NULL, NULL, NULL, '', 'Yes', 1, '2016-06-28', NULL, NULL, '', NULL, NULL, 0, NULL, NULL, NULL, NULL, '', '', '', NULL, '0000-00-00', ''),
(150, '0000-00-00', 0, '', NULL, '', 'FAULTY EQUIPMENT', 'ORUPE', 'HOUR:MINUTE', '', '', '', '', '2007-01-22', 'matovu', 1, '2016-06-28 05:33:58', 'NONE', '', '', '', '', 'Issue', 'matovu', 'SMS Officer', '', 'davimato@yahoo.com', NULL, NULL, NULL, '', 'Yes', 1, '2016-06-28', NULL, NULL, '', NULL, NULL, 0, NULL, NULL, NULL, NULL, '', '', '', NULL, '0000-00-00', ''),
(151, '0000-00-00', 0, '', NULL, '', 'poor communication', 'KAMUDINI', 'HOUR:MINUTE', '', '', '', '', '2008-12-18', 'matovu', 1, '2016-06-28 05:37:56', 'NONE', '', '', '', '', 'Issue', 'matovu', 'SMS Officer', '', 'davimato@yahoo.com', NULL, NULL, NULL, '', 'Yes', 1, '2016-06-28', NULL, NULL, '', NULL, NULL, 0, NULL, NULL, NULL, NULL, '', '', '', NULL, '0000-00-00', ''),
(152, '0000-00-00', 0, '', NULL, '', 'AIR MISS', 'AMUDAT', 'HOUR:MINUTE', '', '', '', '', '2016-08-03', 'admin', 3, '2016-08-03 09:41:01', 'NONE', '', '', '', '', 'Incident', 'matovu', 'SMS Officer', '', 'davimato@yahoo.com', NULL, NULL, NULL, '', 'Yes', 0, '2016-08-03', NULL, NULL, '', NULL, NULL, 0, NULL, NULL, NULL, NULL, '', '', '', NULL, '0000-00-00', ''),
(153, '0000-00-00', 0, '', NULL, '', 'diversion', 'AGUU', 'HOUR:MINUTE', '', '', '', '', '2009-03-12', 'matovu', 1, '2016-06-28 07:17:47', 'NONE', '', '', '', '', 'Issue', 'matovu', 'SMS Officer', '', 'davimato@yahoo.com', NULL, NULL, NULL, '', 'Yes', 0, '2016-06-28', NULL, NULL, '', NULL, NULL, 0, NULL, NULL, NULL, NULL, '', '', '', NULL, '0000-00-00', ''),
(154, '0000-00-00', 0, '', NULL, '', 'asd', 'asd', '02:04', '', '', '', '', '2016-06-28', 'admin', 1, '2016-06-28 08:46:59', 'NONE', '', '', '', '', 'Issue', 'admin', 'DUTY OFFICER', '', 'info@caauganda.com', NULL, NULL, NULL, '', '', 1, '2016-06-28', NULL, NULL, '', NULL, NULL, 0, NULL, NULL, NULL, NULL, '', '', '', NULL, '0000-00-00', ''),
(155, '0000-00-00', 0, '', NULL, '', 'testxxx', 'Tower', '02:09', '', '', '', '', '2016-06-28', 'bwire', 1, '2016-06-28 11:12:13', 'NONE', '', '', '', '', 'Issue', 'bwire', 'Programmer', '+256701198000', 'bwire@programmer.net', NULL, NULL, NULL, '', '', 0, '2016-06-28', NULL, NULL, '', NULL, NULL, 0, NULL, NULL, NULL, NULL, '', '', '', NULL, '0000-00-00', ''),
(156, '0000-00-00', 0, '', NULL, 'HZD/AV-156/16', 'delayed METARS', 'acholi ', 'HOUR:MINUTE', '', '', '', '', '2016-08-19', 'admin', 1, '2016-08-19 12:22:30', 'Aviation', '', '', '', '', 'Hazard', 'matovu', 'SMS Officer', '', 'davimato@yahoo.com', NULL, NULL, NULL, '', '', 1, '2016-07-04', NULL, NULL, 'N/A', NULL, NULL, 0, NULL, NULL, NULL, NULL, '', '', '', NULL, '0000-00-00', ''),
(157, '0000-00-00', 0, '', NULL, '', 'shortage of chairs', 'aruu', 'HOUR:MINUTE', '', '', '', '', '2011-07-04', 'matovu', 1, '2016-07-04 07:50:25', 'NONE', '', '', '', '', 'Issue', 'matovu', 'SMS Officer', '', 'davimato@yahoo.com', NULL, NULL, NULL, '', '', 0, '2016-07-04', NULL, NULL, '', NULL, NULL, 0, NULL, NULL, NULL, NULL, '', '', '', NULL, '0000-00-00', ''),
(158, '0000-00-00', 0, '', NULL, '', 'unreliable localiser', 'kumi', 'HOUR:MINUTE', '', '', '', '', '2016-08-03', 'admin', 1, '2016-07-04 07:52:28', 'NONE', '', '', '', '', 'Hazard', 'matovu', 'SMS Officer', '', 'davimato@yahoo.com', NULL, NULL, NULL, '', '', 0, '2016-08-03', NULL, NULL, '', NULL, NULL, 0, NULL, NULL, NULL, NULL, '', '', '', NULL, '0000-00-00', ''),
(159, '0000-00-00', 0, '', NULL, '', 'slow internet', 'tororo', 'HOUR:MINUTE', '', '', '', '', '2016-07-28', 'matovu', 1, '2016-07-04 07:56:26', 'NONE', '', '', '', '', 'Issue', 'matovu', 'SMS Officer', '', 'davimato@yahoo.com', NULL, NULL, NULL, '', '', 1, '2016-07-04', NULL, NULL, '', NULL, NULL, 0, NULL, NULL, NULL, NULL, '', '', '', NULL, '0000-00-00', ''),
(160, '0000-00-00', 0, '', NULL, '', 'risk assesment plan', 'aboke', 'HOUR:MINUTE', '', '', '', '', '2006-07-10', 'matovu', 1, '2016-07-04 07:58:14', 'NONE', '', '', '', '', 'Issue', 'matovu', 'SMS Officer', '', 'davimato@yahoo.com', NULL, NULL, NULL, '', '', 0, '2016-07-04', NULL, NULL, '', NULL, NULL, 0, NULL, NULL, NULL, NULL, '', '', '', NULL, '0000-00-00', ''),
(161, '0000-00-00', 0, '', NULL, '', 'faulty air conditioner', 'abic', 'HOUR:MINUTE', '', '', '', '', '2014-07-05', 'matovu', 1, '2016-07-04 07:59:25', 'NONE', '', '', '', '', 'Issue', 'matovu', 'SMS Officer', '', 'davimato@yahoo.com', NULL, NULL, NULL, '', '', 0, '2016-07-04', NULL, NULL, '', NULL, NULL, 0, NULL, NULL, NULL, NULL, '', '', '', NULL, '0000-00-00', ''),
(162, '0000-00-00', 0, '', NULL, '', 'old curtains', 'adjumani', 'HOUR:MINUTE', '', '', '', '', '2006-07-24', 'matovu', 1, '2016-07-04 08:00:39', 'NONE', '', '', '', '', 'Issue', 'matovu', 'SMS Officer', '', 'davimato@yahoo.com', NULL, NULL, NULL, '', '', 1, '2016-07-04', NULL, NULL, '', NULL, NULL, 0, NULL, NULL, NULL, NULL, '', '', '', NULL, '0000-00-00', ''),
(163, '0000-00-00', 0, '', NULL, '', 'exposed cables', 'apac', 'HOUR:MINUTE', '', '', '', '', '2029-07-20', 'matovu', 1, '2016-07-04 08:01:56', 'NONE', '', '', '', '', 'Hazard', 'matovu', 'SMS Officer', '', 'davimato@yahoo.com', NULL, NULL, NULL, '', '', 1, '2016-07-04', NULL, NULL, '', NULL, NULL, 0, NULL, NULL, NULL, NULL, '', '', '', NULL, '0000-00-00', ''),
(164, '0000-00-00', 0, '', NULL, '', 'FAULTY EQUIPMENT', 'oyam', '00:07', '', '', '', '', '2017-08-04', 'matovu', 1, '2016-07-04 08:03:22', 'NONE', '', '', '', '', 'Hazard', 'matovu', 'SMS Officer', '', 'davimato@yahoo.com', NULL, NULL, NULL, '', '', 1, '2016-07-04', NULL, NULL, '', NULL, NULL, 0, NULL, NULL, NULL, NULL, '', '', '', NULL, '0000-00-00', ''),
(165, '0000-00-00', 0, '', NULL, '', 'INCORRECT INFORMATION', 'LENDU', 'HOUR:MINUTE', '', '', '', '', '2002-07-30', 'matovu', 1, '2016-07-04 08:05:36', 'NONE', '', '', '', '', 'Hazard', 'matovu', 'SMS Officer', '', 'davimato@yahoo.com', NULL, NULL, NULL, '', '', 0, '2016-07-04', NULL, NULL, '', NULL, NULL, 0, NULL, NULL, NULL, NULL, '', '', '', NULL, '0000-00-00', ''),
(166, '0000-00-00', 0, '', NULL, '', 'FAULTY TELEPHONES', 'YUMBE', 'HOUR:MINUTE', '', '', '', '', '2010-06-20', 'matovu', 1, '2016-07-04 08:08:18', 'NONE', '', '', '', '', 'Hazard', 'matovu', 'SMS Officer', '', 'davimato@yahoo.com', NULL, NULL, NULL, '', '', 0, '2016-07-04', NULL, NULL, '', NULL, NULL, 0, NULL, NULL, NULL, NULL, '', '', '', NULL, '0000-00-00', ''),
(167, '0000-00-00', 0, '', NULL, '', 'faulty door', 'kichwamba', 'HOUR:MINUTE', '', '', '', '', '2000-07-04', 'matovu', 1, '2016-07-04 08:11:26', 'NONE', '', '', '', '', 'Issue', 'matovu', 'SMS Officer', '', 'davimato@yahoo.com', NULL, NULL, NULL, '', '', 0, '2016-07-04', NULL, NULL, '', NULL, NULL, 0, NULL, NULL, NULL, NULL, '', '', '', NULL, '0000-00-00', ''),
(168, '0000-00-00', 0, '', NULL, '', 'trees obstructing', 'myanzi', '05:18', '', '', '', '', '2000-09-09', 'matovu', 1, '2016-07-04 08:17:59', 'NONE', '', '', '', '', 'Hazard', 'matovu', 'SMS Officer', '', 'davimato@yahoo.com', NULL, NULL, NULL, '', '', 1, '2016-07-04', NULL, NULL, '', NULL, NULL, 0, NULL, NULL, NULL, NULL, '', '', '', NULL, '0000-00-00', ''),
(169, '0000-00-00', 0, '', NULL, '', 'loss of radar display', 'apac', '16:03', '', '', '', '', '2006-07-10', 'matovu', 1, '2016-07-04 08:19:04', 'NONE', '', '', '', '', 'Hazard', 'matovu', 'SMS Officer', '', 'davimato@yahoo.com', NULL, NULL, NULL, '', '', 0, '2016-07-04', NULL, NULL, '', NULL, NULL, 0, NULL, NULL, NULL, NULL, '', '', '', NULL, '0000-00-00', ''),
(170, '0000-00-00', 0, '', NULL, 'HZD/OSH-170/16', 'INCORRECT INFORMATION', 'AWICH', '12:50', '', '', '', '', '2016-08-18', 'admin', 1, '2016-08-18 09:35:38', 'OSHE', '', '', '', '', 'Hazard', 'matovu', 'SMS Officer', '', 'davimato@yahoo.com', NULL, NULL, NULL, '', '', 0, '2016-07-04', NULL, NULL, 'N/A', NULL, NULL, 0, NULL, NULL, NULL, NULL, '', '', '', NULL, '0000-00-00', ''),
(171, '0000-00-00', 0, '', NULL, '', 'FAULTY EQUIPMENT', 'NEBBI', 'HOUR:MINUTE', '', '', '', '', '2007-01-22', 'matovu', 1, '2016-07-04 08:22:12', 'NONE', '', '', '', '', 'Issue', 'matovu', 'SMS Officer', '', 'davimato@yahoo.com', NULL, NULL, NULL, '', '', 0, '2016-07-04', NULL, NULL, '', NULL, NULL, 0, NULL, NULL, NULL, NULL, '', '', '', NULL, '0000-00-00', ''),
(172, '0000-00-00', 0, '', NULL, '', 'snakes in tower', 'kolir', '13:13', '', '', '', '', '2016-08-03', 'admin', 1, '2016-07-04 08:23:28', 'NONE', '', '', '', '', 'Hazard', 'matovu', 'SMS Officer', '', 'davimato@yahoo.com', NULL, NULL, NULL, '', '', 0, '2016-08-03', NULL, NULL, '', NULL, NULL, 0, NULL, NULL, NULL, NULL, '', '', '', NULL, '0000-00-00', ''),
(173, '0000-00-00', 0, '', NULL, '', 'POOR PROCEEDURES', 'BUKEDEA', 'HOUR:MINUTE', '', '', '', '', '2016-07-04', 'matovu', 3, '2016-08-03 09:41:48', 'NONE', '', '', '', '', 'Incident', 'matovu', 'SMS Officer', '', 'davimato@yahoo.com', NULL, NULL, NULL, '', '', 0, '2016-07-04', NULL, NULL, '', NULL, NULL, 0, NULL, NULL, NULL, NULL, '', '', '', NULL, '0000-00-00', ''),
(174, '0000-00-00', 0, '', NULL, '', 'switching between  frequencies', 'arua', '03:00', '', '', '', '', '2001-06-06', 'matovu', 1, '2016-07-04 08:28:08', 'NONE', '', '', '', '', 'Hazard', 'matovu', 'SMS Officer', '', 'davimato@yahoo.com', NULL, NULL, NULL, '', '', 0, '2016-07-04', NULL, NULL, '', NULL, NULL, 0, NULL, NULL, NULL, NULL, '', '', '', NULL, '0000-00-00', ''),
(175, '0000-00-00', 0, '', NULL, '', 'UNSTABLE AWOS', 'LIRA', 'HOUR:MINUTE', '', '', '', '', '2002-09-12', 'matovu', 1, '2016-07-04 08:30:16', 'NONE', '', '', '', '', 'Hazard', 'matovu', 'SMS Officer', '', 'davimato@yahoo.com', NULL, NULL, NULL, '', '', 1, '2016-07-04', NULL, NULL, '', NULL, NULL, 0, NULL, NULL, NULL, NULL, '', '', '', NULL, '0000-00-00', ''),
(176, '0000-00-00', 0, '', NULL, '', 'no contact established', 'kasese', '15:06', '', '', '', '', '2018-12-12', 'matovu', 1, '2016-07-04 08:32:25', 'NONE', '', '', '', '', 'Hazard', 'matovu', 'SMS Officer', '', 'davimato@yahoo.com', NULL, NULL, NULL, '', '', 1, '2016-07-04', NULL, NULL, '', NULL, NULL, 0, NULL, NULL, NULL, NULL, '', '', '', NULL, '0000-00-00', ''),
(177, '0000-00-00', 0, '', NULL, '', 'poor cordination with kabale', 'ntugamo', '02:00', '', '', '', '', '2005-01-12', 'matovu', 1, '2016-07-04 08:35:33', 'NONE', '', '', '', '', 'Hazard', 'matovu', 'SMS Officer', '', 'davimato@yahoo.com', NULL, NULL, NULL, '', '', 1, '2016-07-04', NULL, NULL, '', NULL, NULL, 0, NULL, NULL, NULL, NULL, '', '', '', NULL, '0000-00-00', ''),
(178, '0000-00-00', 0, '', NULL, '', 'NO ATC', 'WARAGA', '09:09', '', '', '', '', '2016-07-04', 'matovu', 1, '2016-07-04 08:37:51', 'NONE', '', '', '', '', 'Hazard', 'matovu', 'SMS Officer', '', 'davimato@yahoo.com', NULL, NULL, NULL, '', '', 0, '2016-07-04', NULL, NULL, '', NULL, NULL, 0, NULL, NULL, NULL, NULL, '', '', '', NULL, '0000-00-00', ''),
(179, '0000-00-00', 0, '', NULL, '', 'FAULTY EQUIPMENT', 'MPUTA', 'HOUR:MINUTE', '', '', '', '', '2016-08-03', 'admin', 1, '2016-07-04 08:39:50', 'NONE', '', '', '', '', 'Hazard', 'matovu', 'SMS Officer', '', 'davimato@yahoo.com', NULL, NULL, NULL, '', '', 0, '2016-08-03', NULL, NULL, '', NULL, NULL, 0, NULL, NULL, NULL, NULL, '', '', '', NULL, '0000-00-00', ''),
(180, '0000-00-00', 0, '', NULL, '', 'FAULTY EQUIPMENT', 'KAMWEZI', '11:11', '', '', '', '', '2008-12-18', 'matovu', 1, '2016-07-04 08:40:50', 'NONE', '', '', '', '', 'Hazard', 'matovu', 'SMS Officer', '', 'davimato@yahoo.com', NULL, NULL, NULL, '', '', 1, '2016-07-04', NULL, NULL, '', NULL, NULL, 0, NULL, NULL, NULL, NULL, '', '', '', NULL, '0000-00-00', ''),
(181, '0000-00-00', 0, '', NULL, '', 'air miss', 'ABESO', '15:59', '', '', '', '', '2016-08-03', 'admin', 1, '2016-07-04 08:44:59', 'NONE', '', '', '', '', 'Hazard', 'matovu', 'SMS Officer', '', 'davimato@yahoo.com', NULL, NULL, NULL, '', '', 0, '2016-08-03', NULL, NULL, '', NULL, NULL, 0, NULL, NULL, NULL, NULL, '', '', '', NULL, '0000-00-00', ''),
(182, '0000-00-00', 0, '', NULL, '', 'WEAK WOODEN COVERS', 'KATAKWI', '18:04', '', '', '', '', '2016-07-28', 'matovu', 1, '2016-07-04 08:46:27', 'NONE', '', '', '', '', 'Issue', 'matovu', 'SMS Officer', '', 'davimato@yahoo.com', NULL, NULL, NULL, '', '', 0, '2016-07-04', NULL, NULL, '', NULL, NULL, 0, NULL, NULL, NULL, NULL, '', '', '', NULL, '0000-00-00', ''),
(183, '0000-00-00', 0, '', NULL, '', 'poor radios', 'gwetom', '15:00', '', '', '', '', '2011-01-23', 'matovu', 1, '2016-07-07 10:07:51', 'NONE', '', '', '', '', 'Issue', 'matovu', 'SMS Officer', '', 'davimato@yahoo.com', NULL, NULL, NULL, '', '', 1, '2016-07-07', NULL, NULL, '', NULL, NULL, 0, NULL, NULL, NULL, NULL, '', '', '', NULL, '0000-00-00', ''),
(184, '0000-00-00', 0, '', NULL, '', 'open manhole', 'aguu', 'HOUR:MINUTE', '', '', '', '', '2000-09-09', 'matovu', 1, '2016-07-07 10:09:14', 'NONE', '', '', '', '', 'Hazard', 'matovu', 'SMS Officer', '', 'davimato@yahoo.com', NULL, NULL, NULL, '', '', 1, '2016-07-07', NULL, NULL, '', NULL, NULL, 0, NULL, NULL, NULL, NULL, '', '', '', NULL, '0000-00-00', ''),
(185, '0000-00-00', 0, '', NULL, '', 'selective hearing', 'abuket', 'HOUR:MINUTE', '', '', '', '', '2012-12-12', 'matovu', 3, '2016-08-23 11:00:43', 'NONE', '', '', '', 'matm', 'Hazard', 'matovu', 'SMS Officer', '', 'davimato@yahoo.com', NULL, NULL, NULL, '', '', 1, '2016-07-07', NULL, NULL, '', NULL, NULL, 0, NULL, NULL, NULL, NULL, '', '', '', NULL, '0000-00-00', ''),
(186, '0000-00-00', 0, '', NULL, '', 'weather values discrepancies', 'agiriaun', 'HOUR:MINUTE', '', '', '', '', '2000-05-12', 'matovu', 1, '2016-07-07 10:13:55', 'NONE', '', '', '', '', 'Hazard', 'matovu', 'SMS Officer', '', 'davimato@yahoo.com', NULL, NULL, NULL, '', '', 0, '2016-07-07', NULL, NULL, '', NULL, NULL, 0, NULL, NULL, NULL, NULL, '', '', '', NULL, '0000-00-00', ''),
(187, '0000-00-00', 0, '', NULL, '', 'no radios', 'agule', 'HOUR:MINUTE', '', '', '', '', '2021-09-01', 'matovu', 1, '2016-07-07 10:16:07', 'NONE', '', '', '', '', 'Hazard', 'matovu', 'SMS Officer', '', 'davimato@yahoo.com', NULL, NULL, NULL, '', '', 1, '2016-07-07', NULL, NULL, '', NULL, NULL, 0, NULL, NULL, NULL, NULL, '', '', '', NULL, '0000-00-00', ''),
(188, '0000-00-00', 0, '', NULL, '', 'standard phraseology', 'liera', 'HOUR:MINUTE', '', '', '', '', '2009-03-12', 'matovu', 1, '2016-07-07 10:17:25', 'NONE', '', '', '', '', 'Hazard', 'matovu', 'SMS Officer', '', 'davimato@yahoo.com', NULL, NULL, NULL, '', '', 0, '2016-07-07', NULL, NULL, '', NULL, NULL, 0, NULL, NULL, NULL, NULL, '', '', '', NULL, '0000-00-00', ''),
(189, '0000-00-00', 0, '', NULL, '', 'illegal road', 'apac', 'HOUR:MINUTE', '', '', '', '', '2002-07-30', 'matovu', 1, '2016-07-07 10:19:32', 'NONE', '', '', '', '', 'Hazard', 'matovu', 'SMS Officer', '', 'davimato@yahoo.com', NULL, NULL, NULL, '', '', 1, '2016-07-07', NULL, NULL, '', NULL, NULL, 0, NULL, NULL, NULL, NULL, '', '', '', NULL, '0000-00-00', ''),
(190, '0000-00-00', 0, '', NULL, '', 'poor cordination', 'loroko', 'HOUR:MINUTE', '', '', '', '', '2007-01-22', 'matovu', 1, '2016-07-07 10:20:54', 'NONE', '', '', '', '', 'Hazard', 'matovu', 'SMS Officer', '', 'davimato@yahoo.com', NULL, NULL, NULL, '', '', 1, '2016-07-07', NULL, NULL, '', NULL, NULL, 0, NULL, NULL, NULL, NULL, '', '', '', NULL, '0000-00-00', ''),
(191, '0000-00-00', 0, '', NULL, '', 'NON ADHEARANCE TO INSTRUCTIONS', 'abim', 'HOUR:MINUTE', '', '', '', '', '2011-01-23', 'matovu', 1, '2016-07-07 10:23:14', 'NONE', '', '', '', '', 'Hazard', 'matovu', 'SMS Officer', '', 'davimato@yahoo.com', NULL, NULL, NULL, '', '', 0, '2016-07-07', NULL, NULL, '', NULL, NULL, 0, NULL, NULL, NULL, NULL, '', '', '', NULL, '0000-00-00', ''),
(192, '0000-00-00', 0, '', NULL, '', 'LACK OF PROFFIENCY', 'DOKOLO', 'HOUR:MINUTE', '', '', '', '', '2004-01-01', 'matovu', 1, '2016-07-07 10:24:38', 'NONE', '', '', '', '', 'Hazard', 'matovu', 'SMS Officer', '', 'davimato@yahoo.com', NULL, NULL, NULL, '', '', 1, '2016-07-07', NULL, NULL, '', NULL, NULL, 0, NULL, NULL, NULL, NULL, '', '', '', NULL, '0000-00-00', ''),
(193, '0000-00-00', 0, '', NULL, '', 'NAV AID MORNITOR', 'MWEYA', 'HOUR:MINUTE', '', '', '', '', '2009-07-07', 'matovu', 1, '2016-07-07 10:26:49', 'NONE', '', '', '', '', 'Hazard', 'matovu', 'SMS Officer', '', 'davimato@yahoo.com', NULL, NULL, NULL, '', '', 0, '2016-07-07', NULL, NULL, '', NULL, NULL, 0, NULL, NULL, NULL, NULL, '', '', '', NULL, '0000-00-00', ''),
(194, '0000-00-00', 0, '', NULL, '', 'RNAV TRAINING', 'KAMULI', 'HOUR:MINUTE', '', '', '', '', '2016-07-07', 'matovu', 1, '2016-07-07 10:28:25', 'NONE', '', '', '', '', 'Hazard', 'matovu', 'SMS Officer', '', 'davimato@yahoo.com', NULL, NULL, NULL, '', '', 1, '2016-07-07', NULL, NULL, '', NULL, NULL, 0, NULL, NULL, NULL, NULL, '', '', '', NULL, '0000-00-00', ''),
(195, '0000-00-00', 0, '', NULL, '', 'ANNUAL LEAVE', 'SEMBABULE', 'HOUR:MINUTE', '', '', '', '', '2016-07-07', 'matovu', 1, '2016-07-07 10:29:31', 'NONE', '', '', '', '', 'Hazard', 'matovu', 'SMS Officer', '', 'davimato@yahoo.com', NULL, NULL, NULL, '', '', 0, '2016-07-07', NULL, NULL, '', NULL, NULL, 0, NULL, NULL, NULL, NULL, '', '', '', NULL, '0000-00-00', ''),
(196, '0000-00-00', 0, '', NULL, '', 'STRAY ANIMALS', 'OYAM', 'HOUR:MINUTE', '', '', '', '', '2019-07-07', 'matovu', 3, '2016-08-23 09:44:20', 'NONE', '', '', '', '', 'Hazard', 'matovu', 'SMS Officer', '', 'davimato@yahoo.com', NULL, NULL, NULL, '', '', 0, '2016-07-07', NULL, NULL, '', NULL, NULL, 0, NULL, NULL, NULL, NULL, '', '', '', NULL, '0000-00-00', ''),
(197, '0000-00-00', 0, '', NULL, '', 'INTERFEARANCE', 'OCHERO', 'HOUR:MINUTE', '', '', '', '', '2016-07-07', 'matovu', 1, '2016-09-14 08:37:25', 'NONE', '', '', '', '', 'Hazard', 'matovu', 'SMS Officer', '', 'davimato@yahoo.com', NULL, NULL, NULL, '', '', 1, '2016-07-07', NULL, NULL, '', NULL, 8, 0, NULL, NULL, NULL, NULL, '', '', '', NULL, '0000-00-00', ''),
(198, '0000-00-00', 0, '', NULL, '', 'LACK of data', 'kabale', 'HOUR:MINUTE', '', '', '', '', '2003-09-04', 'matovu', 1, '2016-07-07 10:39:10', 'NONE', '', '', '', '', 'Hazard', 'matovu', 'SMS Officer', '', 'davimato@yahoo.com', NULL, NULL, NULL, '', '', 0, '2016-07-07', NULL, NULL, '', NULL, NULL, 0, NULL, NULL, NULL, NULL, '', '', '', NULL, '0000-00-00', ''),
(199, '0000-00-00', 0, '', NULL, '', 'SELCAL ''US''', 'CHAMULIKI', 'HOUR:MINUTE', '', '', '', '', '2002-07-30', 'matovu', 3, '2016-08-03 09:45:29', 'NONE', '', '', '', '', 'Issue', 'matovu', 'SMS Officer', '', 'davimato@yahoo.com', NULL, NULL, NULL, '', '', 1, '2016-07-07', NULL, NULL, '', NULL, NULL, 0, NULL, NULL, NULL, NULL, '', '', '', NULL, '0000-00-00', ''),
(200, '0000-00-00', 0, '', NULL, '', 'exposed duct cables', 'katakwi', 'HOUR:MINUTE', '', '', '', '', '2000-05-12', 'matovu', 3, '2016-08-03 09:41:58', 'NONE', '', '', '', '', 'Issue', 'matovu', 'SMS Officer', '', 'davimato@yahoo.com', NULL, NULL, NULL, '', '', 1, '2016-07-07', NULL, NULL, '', NULL, NULL, 0, NULL, NULL, NULL, NULL, '', '', '', NULL, '0000-00-00', ''),
(201, '0000-00-00', 0, '', NULL, 'HZD/AV-201/16', 'children at airstrip', 'serere', 'HOUR:MINUTE', '', '', '', '', '2016-09-14', 'rogers', 1, '2016-09-14 12:14:37', 'Aviation', '', '', '', '', 'Hazard', 'matovu', 'SMS Officer', '', 'davimato@yahoo.com', NULL, NULL, NULL, '', '', 0, '2016-08-03', NULL, NULL, 'N/A', NULL, 6, 0, NULL, NULL, NULL, NULL, '', '', '', NULL, '0000-00-00', ''),
(202, '0000-00-00', 0, '', NULL, 'HZD/AV-202/16', 'too many trainees', 'abim', 'HOUR:MINUTE', '', '', '', '', '2016-08-30', 'rogers', 1, '2016-08-30 09:07:21', 'Aviation', '', '', '', '', 'Hazard', 'matovu', 'SMS Officer', '', 'davimato@yahoo.com', NULL, NULL, NULL, '', '', 0, '2016-07-07', NULL, NULL, 'N/A', NULL, NULL, 0, NULL, NULL, NULL, NULL, '', '', '', NULL, '0000-00-00', ''),
(203, '0000-00-00', 0, '', NULL, '', 'bad weather', 'akorokoro', 'HOUR:MINUTE', '', '', '', '', '2016-08-03', 'admin', 3, '2016-08-03 08:56:51', 'NONE', '', '', '', '', 'Hazard', 'matovu', 'SMS Officer', '', 'davimato@yahoo.com', NULL, NULL, NULL, '', '', 1, '2016-08-03', NULL, NULL, '', NULL, NULL, 0, NULL, NULL, NULL, NULL, '', '', '', NULL, '0000-00-00', ''),
(204, '0000-00-00', 0, '', NULL, '', 'hazzardous vehicle', 'apac', 'HOUR:MINUTE', '', '', '', '', '2016-01-01', 'matovu', 3, '2016-07-25 12:39:17', 'NONE', '', '', '', '', 'Hazard', 'matovu', 'SMS Officer', '', 'davimato@yahoo.com', NULL, NULL, NULL, '', '', 1, '2016-07-07', NULL, NULL, '', NULL, NULL, 0, NULL, NULL, NULL, NULL, '', '', '', NULL, '0000-00-00', ''),
(205, '0000-00-00', 0, '1A', NULL, 'N/A', 'SITREP', 'PLACE', 'HOUR:MINUTE', 'AIRCRAFT REG', '', '', '', '2016-07-11', 'admin', 1, '2016-07-11 12:18:42', 'SITREP', '', '', 'N/A', 'N/A', 'SITREP', 'admin', 'DUTY OFFICER', '', 'info@caauganda.com', NULL, NULL, NULL, 'N/A', 'Yes', 0, '2016-07-11', NULL, NULL, '', NULL, NULL, 0, NULL, NULL, NULL, NULL, '', '', '', NULL, '0000-00-00', ''),
(206, '0000-00-00', 0, '1A', NULL, 'N/A', 'SITREP', 'PLACE', 'HOUR:MINUTE', 'AIRCRAFT REG', 'OPERATOR', 'DEPATURE POINT', 'ON BOARD', '2016-07-11', 'admin', 1, '2016-07-11 12:19:46', 'SITREP', 'Description', 'Recommendations', 'N/A', 'N/A', 'SITREP', 'admin', 'DUTY OFFICER', '', 'info@caauganda.com', NULL, NULL, NULL, 'N/A', 'Yes', 0, '2016-07-11', NULL, NULL, '', NULL, NULL, 0, NULL, NULL, NULL, NULL, '', '', '', NULL, '0000-00-00', ''),
(207, '0000-00-00', 0, '1A', NULL, 'N/A', 'HAZARD', 'PLACE', 'HOUR:MINUTE', 'N/A', 'N/A', 'N/A', 'N/A', '2016-07-11', 'admin', 1, '2016-07-11 12:36:00', 'OSHE', '', '', 'N/A', 'N/A', 'Hazard', 'admin', 'DUTY OFFICER', '', 'info@caauganda.com', NULL, NULL, NULL, 'N/A', 'Yes', 0, '2016-07-11', NULL, NULL, '', NULL, NULL, 0, NULL, NULL, NULL, NULL, '', '', '', NULL, '0000-00-00', ''),
(208, '0000-00-00', 0, '1A', NULL, 'N/A', 'SITREP', 'PLACE', 'HOUR:MINUTE', '', '', '', '', '2016-07-11', 'admin', 1, '2016-07-11 12:36:36', 'SITREP', '', '', 'N/A', 'N/A', 'SITREP', 'admin', 'DUTY OFFICER', '', 'info@caauganda.com', NULL, NULL, NULL, 'N/A', 'Yes', 0, '2016-07-11', NULL, NULL, '', NULL, NULL, 0, NULL, NULL, NULL, NULL, '', '', '', NULL, '0000-00-00', ''),
(209, '0000-00-00', 0, '1A', NULL, 'N/A', 'SITREP', 'PLACE', 'HOUR:MINUTE', 'AIRCRAFT REG', 'OPERATOR', 'DEPATURE POINT', 'ON BOARD', '2016-07-11', 'admin', 1, '2016-07-26 10:15:40', 'SITREP', 'DESCRIPTION', 'RECOMMENDATIONS', 'N/A', 'N/A', 'SITREP', 'admin', 'DUTY OFFICER', '', 'info@caauganda.com', NULL, NULL, NULL, 'N/A', 'Yes', 0, '2016-07-11', NULL, 1, '', NULL, NULL, 0, NULL, NULL, NULL, NULL, '', '', '', NULL, '0000-00-00', ''),
(210, '0000-00-00', 0, '1A', NULL, 'N/A', 'INCIDENT', 'PLACE', 'HOUR:MINUTE', 'N/A', 'N/A', 'N/A', 'N/A', '2016-07-11', 'admin', 3, '2016-08-03 09:41:06', 'Minor', '', '', 'N/A', 'N/A', 'Incident', 'admin', 'DUTY OFFICER', '', 'info@caauganda.com', NULL, NULL, NULL, 'N/A', 'Yes', 0, '2016-07-11', NULL, NULL, '', NULL, NULL, 0, NULL, NULL, NULL, NULL, '', '', '', NULL, '0000-00-00', ''),
(211, '0000-00-00', 0, '1A', NULL, 'N/A', 'INCIDENT', 'PLACE', 'HOUR:MINUTE', 'N/A', 'N/A', 'N/A', 'N/A', '2016-07-11', 'admin', 3, '2016-07-26 16:27:39', 'Accident', 'DESCRIPTION', 'RECOMMENDATION TO FIX THE PROBLEM', 'N/A', 'N/A', 'Incident', 'admin', 'DUTY OFFICER', '', 'info@caauganda.com', NULL, NULL, NULL, 'N/A', 'Yes', 0, '2016-07-11', NULL, NULL, '', NULL, NULL, 0, NULL, NULL, NULL, NULL, '', '', '', NULL, '0000-00-00', ''),
(212, '0000-00-00', 0, '1A', NULL, 'N/A', 'SAMPLE ISSUE', 'PLACE', 'HOUR:MINUTE', 'N/A', 'N/A', 'N/A', 'N/A', '2016-08-03', 'admin', 1, '2016-09-14 08:35:27', 'Issue', 'DESCRIPTION', 'RECOMMENDATIONS', 'N/A', 'N/A', 'Hazard', 'ronald', 'Admin', '', 'twesigyeronaldkarakire@gmail.com', NULL, NULL, NULL, 'N/A', 'Yes', 0, '2016-08-03', NULL, NULL, '', NULL, 5, 0, NULL, NULL, NULL, NULL, '', '', '', NULL, '0000-00-00', ''),
(213, '0000-00-00', 0, '1A', NULL, 'N/A', 'Test', 'asd', '05:05', 'N/A', 'N/A', 'N/A', 'N/A', '2016-07-11', 'guest', 3, '2016-07-26 16:59:30', 'Issue', '', '', 'N/A', 'N/A', 'Issue', '', '', '', 'krabz01@gmail.com', NULL, NULL, NULL, 'N/A', 'Yes', 0, '2016-07-11', NULL, NULL, '', NULL, NULL, 0, NULL, NULL, NULL, NULL, '', '', '', NULL, '0000-00-00', ''),
(214, '0000-00-00', 0, '1A', NULL, 'N/A', 'Broken glass in waiting hall way', 'Server room', '03:08', 'N/A', 'N/A', 'N/A', 'N/A', '2016-07-26', 'admin', 3, '2016-07-26 16:14:58', 'Issue', '', '', 'N/A', 'N/A', 'Issue', 'admin', 'DUTY OFFICER', '', 'info@caauganda.com', NULL, NULL, NULL, 'N/A', 'Yes', 0, '2016-07-26', NULL, NULL, '', NULL, NULL, 0, NULL, NULL, NULL, NULL, '', '', '', NULL, '0000-00-00', ''),
(215, '0000-00-00', 0, '', NULL, '', 'building in final approach path runway 17', 'entebbe', '08:00', '', '', '', '', '2016-08-03', 'admin', 3, '2016-08-03 08:27:51', 'NONE', '', NULL, '', '', 'Hazard', '', '', '', '', 207, NULL, NULL, 'building contructed in the approach path.', 'Yes', 0, '2016-08-03', NULL, NULL, '', NULL, NULL, 0, NULL, NULL, NULL, NULL, '', '', '', NULL, '0000-00-00', ''),
(216, '0000-00-00', 0, '1A', NULL, 'HZD/AV-216/16', 'Breakdown in UTL links to upcountry VERN radios ', 'CNS ', 'HOUR:MINUTE', 'N/A', 'N/A', 'N/A', 'N/A', '2016-09-13', 'rogers', 3, '2016-10-08 08:37:29', 'Aviation', 'UTL links to upcountry VERN radios have been down since 0202 on 19/01/2016 . All communication to pilots has been affected.', 'We need to implement a redundant link  for second  ISP to improve reliability of the VERN network.', 'N/A', 'N/A', 'Hazard', 'admin', 'DUTY OFFICER', '', 'info@caauganda.com', NULL, NULL, NULL, 'N/A', 'Yes', 1, '2016-08-03', NULL, NULL, 'N/A', NULL, 8, 1, 3, 2, NULL, NULL, '', '', '', NULL, '0000-00-00', ''),
(217, '0000-00-00', 0, '1A', NULL, 'HZD/OSH-217/16', 'Exposed Electrical cable ', 'CNS', '10:15', 'N/A', 'N/A', 'N/A', 'N/A', '2016-08-23', 'admin', 1, '2016-09-14 08:34:51', 'OSHE', 'Exposed electrical cabling after civil works', 'Immediate insulation ', 'N/A', 'N/A', 'Hazard', 'admin', 'DUTY OFFICER', '', 'info@caauganda.com', NULL, NULL, NULL, 'N/A', 'Yes', 1, '2016-08-03', NULL, NULL, 'N/A', NULL, 5, 0, NULL, NULL, NULL, NULL, '', '', '', NULL, '0000-00-00', ''),
(218, '0000-00-00', 0, '1A', NULL, 'HZD/OSH-218/16', 'wet floor', 'tower', '08:06', 'N/A', 'N/A', 'N/A', 'N/A', '2016-08-23', 'admin', 3, '2016-08-23 11:58:30', 'OSHE', 'wet floor during mopping. people can slip and fall', 'install signs during mopping', 'N/A', 'N/A', 'Hazard', 'admin', 'DUTY OFFICER', '', 'info@caauganda.com', NULL, NULL, NULL, 'N/A', 'Yes', 0, '2016-08-03', NULL, NULL, 'N/A', NULL, NULL, 0, NULL, NULL, NULL, NULL, '', '', '', NULL, '0000-00-00', ''),
(219, '0000-00-00', 0, '1A', NULL, 'HZD/AV-219/16', 'Breakdown in UTL links to upcountry VERN radios ', 'CNS ', 'HOUR:MINUTE', 'N/A', 'N/A', 'N/A', 'N/A', '2016-08-19', 'admin', 3, '2016-08-23 09:48:08', 'Aviation', 'UTL links to upcountry VERN radios have been down since 0202 on 19/01/2016 . All communication to pilots has been affected.', 'We need to implement a redundant link  for second  ISP to improve reliability of the VERN network.', 'N/A', 'N/A', 'Hazard', 'admin', 'DUTY OFFICER', '', 'info@caauganda.com', NULL, NULL, NULL, 'N/A', 'Yes', 1, '2016-08-03', NULL, NULL, 'N/A', NULL, NULL, 0, NULL, NULL, NULL, NULL, '', '', '', NULL, '0000-00-00', ''),
(220, '0000-00-00', 0, '1A', NULL, 'N/A', 'Breakdown in UTL links to upcountry VERN radios ', 'CNS ', 'HOUR:MINUTE', 'N/A', 'N/A', 'N/A', 'N/A', '2016-01-20', 'admin', 1, '2016-08-03 10:10:00', 'Issue', 'UTL links to upcountry VERN radios have been down since 0202 on 19/01/2016 . All communication to pilots has been affected.', 'We need to implement a redundant link  for second  ISP to improve reliability of the VERN network.', 'N/A', 'N/A', 'Issue', 'admin', 'DUTY OFFICER', '', 'info@caauganda.com', NULL, NULL, NULL, 'N/A', 'Yes', 1, '2016-08-03', NULL, NULL, '', NULL, NULL, 0, NULL, NULL, NULL, NULL, '', '', '', NULL, '0000-00-00', ''),
(221, '0000-00-00', 0, '1A', NULL, 'HZD/AV-221/16', 'Breakdown in UTL links to upcountry VERN radios ', 'CNS ', 'HOUR:MINUTE', 'N/A', 'N/A', 'N/A', 'N/A', '2016-08-19', 'admin', 3, '2016-08-23 09:43:53', 'Aviation', 'UTL links to upcountry VERN radios have been down since 0202 on 19/01/2016 . All communication to pilots has been affected.', 'We need to implement a redundant link  for second  ISP to improve reliability of the VERN network.', 'N/A', 'N/A', 'Hazard', 'admin', 'DUTY OFFICER', '', 'info@caauganda.com', NULL, NULL, NULL, 'N/A', 'Yes', 1, '2016-08-03', NULL, NULL, 'N/A', NULL, NULL, 0, NULL, NULL, NULL, NULL, '', '', '', NULL, '0000-00-00', ''),
(222, '0000-00-00', 0, '1A', NULL, 'HZD/AV-222/15', 'Crossing 12/30', 'Runway 12/30', 'HOUR:MINUTE', 'N/A', 'N/A', 'N/A', 'N/A', '2015-07-07', 'admin', 3, '2016-08-23 11:09:37', 'Aviation', 'vehicles keep crossing', 'Stop vehicles crossing RWY 12/30', '', 'SATMO OPS', 'Hazard', 'admin', 'DUTY OFFICER', '', 'info@caauganda.com', NULL, NULL, NULL, 'N/A', 'Yes', 1, '2016-08-23', NULL, NULL, '', NULL, NULL, 0, NULL, NULL, NULL, NULL, '', '', '', NULL, '0000-00-00', ''),
(223, '0000-00-00', 0, '1A', NULL, 'HZD/AV-223/15', 'Crossing 12/30', 'Runway 12/30', 'HOUR:MINUTE', 'N/A', 'N/A', 'N/A', 'N/A', '2015-07-07', 'admin', 1, '2016-08-23 10:51:01', 'Aviation', 'vehicles keep crossing', 'Stop vehicles crossing RWY 12/30', 'N/A', 'N/A', 'Hazard', 'admin', 'DUTY OFFICER', '', 'info@caauganda.com', NULL, NULL, NULL, 'N/A', 'Yes', 1, '2016-08-23', NULL, NULL, '', NULL, NULL, 0, NULL, NULL, NULL, NULL, '', '', '', NULL, '0000-00-00', ''),
(224, '0000-00-00', 0, '1A', NULL, 'HZD/AV-224/15', 'Crossing 12/30', 'Runway 12/30', 'HOUR:MINUTE', 'N/A', 'N/A', 'N/A', 'N/A', '2015-07-07', 'admin', 4, '2016-10-10 09:13:31', 'Aviation', 'vehicles keep crossing', 'Stop vehicles crossing RWY 12/30', 'N/A', 'N/A', 'Hazard', 'admin', 'DUTY OFFICER', '', 'info@caauganda.com', NULL, NULL, NULL, 'N/A', 'Yes', 1, '2016-08-23', NULL, NULL, '', NULL, 5, 1, 3, 2, NULL, NULL, '', '', '', NULL, '0000-00-00', ''),
(225, '0000-00-00', 0, '1A', NULL, 'HZD/AV-225/15', 'Crossing 12/30', 'Runway 12/30', 'HOUR:MINUTE', 'N/A', 'N/A', 'N/A', 'N/A', '2015-07-07', 'admin', 3, '2016-08-25 12:23:50', 'Aviation', 'vehicles keep crossing', 'Stop vehicles crossing RWY 12/30', 'N/A', 'N/A', 'Hazard', 'admin', 'DUTY OFFICER', '', 'info@caauganda.com', NULL, NULL, NULL, 'N/A', 'Yes', 1, '2016-08-23', NULL, NULL, '', NULL, NULL, 0, NULL, NULL, NULL, NULL, '', '', '', NULL, '0000-00-00', ''),
(226, '0000-00-00', 0, '1A', NULL, 'ISSUE-226/16', 'Crossing 12/30', 'Runway 12/30', 'HOUR:MINUTE', 'N/A', 'N/A', 'N/A', 'N/A', '2016-08-23', 'admin', 3, '2016-10-05 08:44:21', 'Issue', 'vehicles keep crossing', 'Stop vehicles crossing RWY 12/30', 'N/A', 'N/A', 'Issue', 'admin', 'DUTY OFFICER', '', 'info@caauganda.com', NULL, NULL, NULL, 'N/A', 'Yes', 1, '2016-08-23', NULL, NULL, 'N/A', NULL, NULL, 1, 3, 2, NULL, NULL, '', '', '', NULL, '0000-00-00', ''),
(227, '0000-00-00', 0, '1A', NULL, 'INC/-227/16', 'Crossing 12/30', 'Runway 12/30', 'HOUR:MINUTE', 'N/A', 'N/A', 'N/A', 'N/A', '2016-08-23', 'admin', 5, '2016-11-02 14:38:40', 'Accident', 'vehicles keep crossing', 'Stop vehicles crossing RWY 12/30', 'N/A', 'N/A', 'Incident', 'admin', 'DUTY OFFICER', '', 'info@caauganda.com', NULL, NULL, NULL, 'N/A', 'Yes', 1, '2016-08-23', NULL, NULL, 'Aviation', NULL, NULL, 0, NULL, NULL, NULL, 2, 'ABCD123', 'Voluntary', 'Full', 4, '2016-10-16', '<p>TERMS OF REFERENCE</p>'),
(228, '0000-00-00', 0, '1A', NULL, 'HZD/OSH-228/16', 'lack of proper On the Job Training procedures', 'Tower', 'HOUR:MINUTE', 'N/A', 'N/A', 'N/A', 'N/A', '2016-08-23', 'admin', 3, '2016-08-23 11:46:59', 'OSHE', 'There are no guidelines for OJT so the instructors are following different criteria', 'develop and communicate the OJT procedure clearly outlining the specific responsibilities and expectations of the various stakeholders in this exercise in an effort to streamline it', 'N/A', 'N/A', 'Hazard', 'admin', 'DUTY OFFICER', '', 'info@caauganda.com', NULL, NULL, NULL, 'N/A', 'Yes', 0, '2016-08-23', NULL, NULL, 'N/A', NULL, NULL, 0, NULL, NULL, NULL, NULL, '', '', '', NULL, '0000-00-00', ''),
(229, '0000-00-00', 0, '1A', NULL, 'HZD/OSH-229/16', 'Delayed Response on tyre burst', 'Taxiway "A"', 'HOUR:MINUTE', 'N/A', 'N/A', 'N/A', 'N/A', '2016-08-23', 'admin', 3, '2016-08-23 11:54:45', 'OSHE', 'WANZU01 reported a tryre burts and it took 2 hours for airport Operations to respond to  ground frequency calls', 'Need to implement procedure to ensure that frequency is always manned', '4', 'MO', 'Hazard', 'admin', 'DUTY OFFICER', '', 'info@caauganda.com', NULL, NULL, NULL, 'N/A', 'Yes', 0, '2016-08-23', NULL, NULL, 'N/A', NULL, NULL, 0, NULL, NULL, NULL, NULL, '', '', '', NULL, '0000-00-00', ''),
(230, '0000-00-00', 0, '1A', NULL, 'HZD/OSH-230/16', 'Stench on Tower corridors ', 'Tower Complex', 'HOUR:MINUTE', 'N/A', 'N/A', 'N/A', 'N/A', '2016-08-23', 'rogers', 3, '2016-08-23 12:08:52', 'OSHE', 'There is a foul smell coming from the tower toilets diffusing into offices and corridors of Tower complex', 'Fix the sewerage system', 'N/A', 'N/A', 'Hazard', 'rogers', 'PAIMO-SMS/QA', '', 'rwanzunula@gmail.com', NULL, NULL, NULL, 'N/A', 'Yes', 1, '2016-08-23', NULL, NULL, '', NULL, NULL, 0, NULL, NULL, NULL, NULL, '', '', '', NULL, '0000-00-00', ''),
(231, '0000-00-00', 0, '1A', NULL, 'HZD/OSH-231/16', 'Only one  Bird hazard van in Entebbe', 'Entebbe Bird Hazard and Wild life control center', '08:56', 'N/A', 'N/A', 'N/A', 'N/A', '2016-08-30', 'rogers', 3, '2016-08-30 09:23:18', 'OSHE', 'An aircraft landing reported an animal on runway and TWR requested bird hazard to check thje run way a but the van available was not available due attending to VIP movement.', 'Provide a remedial solution for a standby bird hazard van ', 'N/A', 'N/A', 'Hazard', 'rogers', 'PAIMO-SMS/QA', '', 'rwanzunula@gmail.com', NULL, NULL, NULL, 'N/A', 'Yes', 0, '2016-08-30', NULL, NULL, 'N/A', NULL, NULL, 0, NULL, NULL, NULL, NULL, '', '', '', NULL, '0000-00-00', ''),
(232, '0000-00-00', 0, '1A', NULL, 'HZD/AV-232/16', 'HAZARD', 'PLACE', '01:02', 'N/A', 'N/A', 'N/A', 'N/A', '2016-09-02', 'admin', 3, '2016-09-06 07:25:57', 'Aviation', 'DESCRIPTION', 'RECOMMENDATIONS', 'N/A', 'N/A', 'Hazard', 'admin', 'DUTY OFFICER', '', 'info@caauganda.com', NULL, NULL, NULL, 'N/A', 'Yes', 0, '2016-09-02', NULL, NULL, 'N/A', NULL, NULL, 1, 3, 2, NULL, NULL, '', '', '', NULL, '0000-00-00', ''),
(233, '0000-00-00', 0, '1A', NULL, 'HZD/AV-233/16', 'approach non radar OJT at the ACC position', 'HUEN', '01:09', 'N/A', 'N/A', 'N/A', 'N/A', '2016-09-14', 'admin', 4, '2016-10-16 21:46:43', 'Aviation', 'It becomes impossible to properly supervise approach trainees especially when the traffic volumes are high. It becomes worse when the area traffic is busy calling and yet theres approach traffic.', 'whenever there is approach non radar ojt, it should be moved to the radar position since the appraoch radar controllers are still qualified in approach procedural', 'N/A', 'N/A', 'Hazard', 'admin', 'DUTY OFFICER', '', 'info@caauganda.com', NULL, NULL, NULL, 'N/A', 'Yes', 1, '2016-09-14', NULL, NULL, '', NULL, 3, 1, 3, 2, NULL, 10, '', '', '', NULL, '0000-00-00', ''),
(234, '0000-00-00', 0, '1A', NULL, 'ISSUE-234/16', 'Foul smell at tower complex', 'Behind Tower Complex', 'HOUR:MINUTE', 'N/A', 'N/A', 'N/A', 'N/A', '2016-09-14', 'rogers', 3, '2016-10-27 14:35:07', 'Issue', 'There is a foul smell that is diffusing into the Tower complex from the septic tank', 'Provide better breathers for the septic tank and seal off all air leaks', 'N/A', 'ANDREW MWESIGE', 'Issue', 'rogers', 'PAIMO-SMS/QA', '', 'rwanzunula@gmail.com', NULL, NULL, NULL, 'N/A', 'Yes', 1, '2016-09-14', NULL, NULL, '', NULL, 5, 1, 3, 2, NULL, 2, '', '', '', NULL, '0000-00-00', ''),
(235, '0000-00-00', 0, '1A', NULL, 'ISSUE-235/16', 'No argonmic chairs', 'Safety office', 'HOUR:MINUTE', 'N/A', 'N/A', 'N/A', 'N/A', '2016-09-14', 'admin', 3, '2016-10-27 10:43:14', 'Issue', 'Seats provided are not agnomic which is hazardous to officers health.', 'Provide Agnomic chairs.', 'N/A', 'N/A', 'Issue', 'admin', 'DUTY OFFICER', '', 'info@caauganda.com', NULL, NULL, NULL, 'N/A', 'Yes', 1, '2016-09-14', NULL, NULL, '', NULL, NULL, 1, 3, 2, NULL, 2, '', '', '', NULL, '0000-00-00', '');

-- --------------------------------------------------------

--
-- Table structure for table `incidents_causes`
--

CREATE TABLE IF NOT EXISTS `incidents_causes` (
  `id` int(11) NOT NULL AUTO_INCREMENT,
  `incident_id` int(11) DEFAULT NULL,
  `cause_id` int(11) DEFAULT NULL,
  `status` tinyint(4) NOT NULL DEFAULT '1',
  `current_user` int(11) DEFAULT NULL,
  `current_user_id` int(11) DEFAULT NULL,
  PRIMARY KEY (`id`),
  KEY `incident_id` (`incident_id`),
  KEY `cause_id` (`cause_id`)
) ENGINE=InnoDB  DEFAULT CHARSET=latin1 AUTO_INCREMENT=32 ;

--
-- Dumping data for table `incidents_causes`
--

INSERT INTO `incidents_causes` (`id`, `incident_id`, `cause_id`, `status`, `current_user`, `current_user_id`) VALUES
(1, 226, 1, 0, NULL, NULL),
(2, 226, 2, 1, NULL, NULL),
(3, 226, 3, 1, NULL, NULL),
(4, 216, 3, 1, NULL, NULL),
(5, 216, 3, 1, NULL, NULL),
(6, 224, 3, 1, NULL, NULL),
(7, 223, 3, 1, NULL, NULL),
(8, 227, 3, 1, NULL, NULL),
(9, 234, 3, 1, NULL, NULL),
(10, 223, 3, 1, NULL, NULL),
(11, 223, 3, 1, NULL, NULL),
(12, 223, 3, 1, NULL, NULL),
(13, 230, 3, 1, NULL, NULL),
(14, 18, 3, 1, NULL, NULL),
(15, 18, 3, 1, NULL, NULL),
(16, 29, 2, 1, NULL, NULL),
(17, 40, 2, 1, NULL, NULL),
(18, 60, 2, 1, NULL, NULL),
(19, 60, 3, 1, NULL, NULL),
(20, 60, 3, 1, NULL, NULL),
(21, 60, 2, 1, NULL, NULL),
(22, 60, 2, 1, NULL, NULL),
(23, 60, 2, 1, NULL, NULL),
(24, 60, 2, 1, NULL, NULL),
(25, 60, 2, 1, NULL, NULL),
(26, 60, 2, 1, NULL, NULL),
(27, 60, 2, 1, NULL, NULL),
(28, 65, 2, 1, NULL, NULL),
(29, 67, 2, 1, NULL, NULL),
(30, 67, 3, 1, NULL, NULL),
(31, 67, 2, 1, NULL, NULL);

-- --------------------------------------------------------

--
-- Table structure for table `incidents_consequences`
--

CREATE TABLE IF NOT EXISTS `incidents_consequences` (
  `id` int(11) NOT NULL AUTO_INCREMENT,
  `incident_id` int(11) DEFAULT NULL,
  `consequence_id` int(11) DEFAULT NULL,
  `status` tinyint(4) NOT NULL DEFAULT '1',
  `current_user` int(11) DEFAULT NULL,
  `current_user_id` int(11) DEFAULT NULL,
  PRIMARY KEY (`id`),
  KEY `incident_id` (`incident_id`),
  KEY `consequence_id` (`consequence_id`)
) ENGINE=InnoDB  DEFAULT CHARSET=latin1 AUTO_INCREMENT=14 ;

--
-- Dumping data for table `incidents_consequences`
--

INSERT INTO `incidents_consequences` (`id`, `incident_id`, `consequence_id`, `status`, `current_user`, `current_user_id`) VALUES
(1, 233, 1, 0, NULL, NULL),
(2, 223, 2, 1, NULL, NULL),
(3, 223, 5, 1, NULL, NULL),
(4, 18, 5, 1, NULL, NULL),
(5, 40, 1, 1, NULL, NULL),
(6, 60, 1, 1, NULL, NULL),
(7, 60, 1, 1, NULL, NULL),
(8, 65, 1, 1, NULL, NULL),
(9, 67, 1, 1, NULL, NULL),
(10, 67, 2, 1, NULL, NULL),
(11, 67, 1, 1, NULL, NULL),
(12, 67, 1, 1, NULL, NULL),
(13, 67, 1, 1, NULL, NULL);

-- --------------------------------------------------------

--
-- Table structure for table `incident_category`
--

CREATE TABLE IF NOT EXISTS `incident_category` (
  `id` int(11) NOT NULL AUTO_INCREMENT,
  `category` varchar(128) NOT NULL,
  `status` tinyint(4) NOT NULL DEFAULT '1',
  `current_user` int(11) DEFAULT NULL,
  `current_user_id` int(11) DEFAULT NULL,
  PRIMARY KEY (`id`)
) ENGINE=InnoDB  DEFAULT CHARSET=latin1 AUTO_INCREMENT=14 ;

--
-- Dumping data for table `incident_category`
--

INSERT INTO `incident_category` (`id`, `category`, `status`, `current_user`, `current_user_id`) VALUES
(1, 'Missed approach', 1, NULL, NULL),
(2, 'Un stable approach', 1, NULL, NULL),
(3, 'Diversion', 1, NULL, NULL),
(4, 'Bird strike', 1, NULL, NULL),
(5, 'Delay', 1, NULL, NULL),
(6, 'Airspace violation', 1, NULL, NULL),
(7, 'Runway incursion', 1, NULL, NULL),
(8, 'Airprox', 1, NULL, NULL),
(9, 'VVIP', 1, NULL, NULL),
(10, 'Cancelation of flight', 1, NULL, NULL),
(11, 'Equipment/Navaid malfunction', 1, NULL, NULL),
(12, 'Level burst', 1, NULL, NULL),
(13, 'Emergency', 1, NULL, NULL);

-- --------------------------------------------------------

--
-- Table structure for table `incident_cause`
--

CREATE TABLE IF NOT EXISTS `incident_cause` (
  `id` int(11) NOT NULL AUTO_INCREMENT,
  `cause` varchar(128) NOT NULL,
  `status` tinyint(4) NOT NULL DEFAULT '1',
  `current_user` int(11) DEFAULT NULL,
  `current_user_id` int(11) DEFAULT NULL,
  PRIMARY KEY (`id`)
) ENGINE=InnoDB  DEFAULT CHARSET=latin1 AUTO_INCREMENT=10 ;

--
-- Dumping data for table `incident_cause`
--

INSERT INTO `incident_cause` (`id`, `cause`, `status`, `current_user`, `current_user_id`) VALUES
(1, 'Technical', 1, NULL, NULL),
(2, 'Weather', 1, NULL, NULL),
(3, 'ATC error/violation', 1, NULL, NULL),
(4, 'Pilot error / violation', 1, NULL, NULL),
(5, 'Aircraft on runway', 1, NULL, NULL),
(6, 'Vehicle on runway', 1, NULL, NULL),
(7, 'Cause at destination', 1, NULL, NULL),
(8, 'Fuel', 1, NULL, NULL),
(9, 'Other', 1, NULL, NULL);

-- --------------------------------------------------------

--
-- Table structure for table `incident_causes_main`
--

CREATE TABLE IF NOT EXISTS `incident_causes_main` (
  `id` int(11) NOT NULL AUTO_INCREMENT,
  `name` varchar(128) NOT NULL,
  `status` tinyint(4) NOT NULL DEFAULT '1',
  `current_user` int(11) DEFAULT NULL,
  `current_user_id` int(11) DEFAULT NULL,
  PRIMARY KEY (`id`)
) ENGINE=InnoDB  DEFAULT CHARSET=latin1 AUTO_INCREMENT=3 ;

--
-- Dumping data for table `incident_causes_main`
--

INSERT INTO `incident_causes_main` (`id`, `name`, `status`, `current_user`, `current_user_id`) VALUES
(1, 'Main Category A', 0, NULL, NULL),
(2, 'Main Category A', 1, NULL, NULL);

-- --------------------------------------------------------

--
-- Table structure for table `incident_causes_sub`
--

CREATE TABLE IF NOT EXISTS `incident_causes_sub` (
  `id` int(11) NOT NULL AUTO_INCREMENT,
  `main_id` int(11) DEFAULT NULL,
  `name` varchar(128) NOT NULL,
  `status` tinyint(4) NOT NULL DEFAULT '1',
  `current_user` int(11) DEFAULT NULL,
  `current_user_id` int(11) DEFAULT NULL,
  PRIMARY KEY (`id`),
  KEY `main_id` (`main_id`)
) ENGINE=InnoDB  DEFAULT CHARSET=latin1 AUTO_INCREMENT=4 ;

--
-- Dumping data for table `incident_causes_sub`
--

INSERT INTO `incident_causes_sub` (`id`, `main_id`, `name`, `status`, `current_user`, `current_user_id`) VALUES
(1, 1, 'Sub Category A', 0, NULL, NULL),
(2, 2, 'Sub Category A', 1, NULL, NULL),
(3, 2, 'Sub Category B', 1, NULL, NULL);

-- --------------------------------------------------------

--
-- Table structure for table `incident_consequences_main`
--

CREATE TABLE IF NOT EXISTS `incident_consequences_main` (
  `id` int(11) NOT NULL AUTO_INCREMENT,
  `name` varchar(256) NOT NULL,
  `status` tinyint(4) NOT NULL DEFAULT '1',
  `current_user` int(11) DEFAULT NULL,
  `current_user_id` int(11) DEFAULT NULL,
  PRIMARY KEY (`id`)
) ENGINE=InnoDB  DEFAULT CHARSET=latin1 AUTO_INCREMENT=3 ;

--
-- Dumping data for table `incident_consequences_main`
--

INSERT INTO `incident_consequences_main` (`id`, `name`, `status`, `current_user`, `current_user_id`) VALUES
(1, 'Human Performance', 1, NULL, NULL),
(2, 'Operational', 1, NULL, NULL);

-- --------------------------------------------------------

--
-- Table structure for table `incident_consequences_sub`
--

CREATE TABLE IF NOT EXISTS `incident_consequences_sub` (
  `id` int(11) NOT NULL AUTO_INCREMENT,
  `main_id` int(11) DEFAULT NULL,
  `name` varchar(256) NOT NULL,
  `status` tinyint(4) NOT NULL DEFAULT '1',
  `current_user` int(11) DEFAULT NULL,
  `current_user_id` int(11) DEFAULT NULL,
  PRIMARY KEY (`id`),
  KEY `main_id` (`main_id`),
  KEY `main_id_2` (`main_id`)
) ENGINE=InnoDB  DEFAULT CHARSET=latin1 AUTO_INCREMENT=8 ;

--
-- Dumping data for table `incident_consequences_sub`
--

INSERT INTO `incident_consequences_sub` (`id`, `main_id`, `name`, `status`, `current_user`, `current_user_id`) VALUES
(1, 1, 'Fatigue', 1, NULL, NULL),
(2, 1, 'Loss of situation', 1, NULL, NULL),
(3, 1, 'Disruption', 1, NULL, NULL),
(4, 1, 'Violations', 1, NULL, NULL),
(5, 1, 'Stress', 1, NULL, NULL),
(6, 2, 'Delays', 1, NULL, NULL),
(7, 2, 'Air Proxies', 1, NULL, NULL);

-- --------------------------------------------------------

--
-- Table structure for table `incident_investigation`
--

CREATE TABLE IF NOT EXISTS `incident_investigation` (
  `id` int(11) NOT NULL AUTO_INCREMENT,
  `level` varchar(25) NOT NULL,
  `incident_id` int(11) NOT NULL,
  `status` varchar(25) NOT NULL,
  `current_user` int(11) DEFAULT NULL,
  `current_user_id` int(11) DEFAULT NULL,
  PRIMARY KEY (`id`)
) ENGINE=MyISAM  DEFAULT CHARSET=latin1 AUTO_INCREMENT=5 ;

--
-- Dumping data for table `incident_investigation`
--

INSERT INTO `incident_investigation` (`id`, `level`, `incident_id`, `status`, `current_user`, `current_user_id`) VALUES
(1, 'brief', 85, 'Under Investigation', NULL, NULL),
(2, 'full', 82, 'Under Investigation', NULL, NULL),
(3, 'brief', 33, 'closed', NULL, NULL),
(4, 'brief', 94, 'closed', NULL, NULL);

-- --------------------------------------------------------

--
-- Table structure for table `investigation_report`
--

CREATE TABLE IF NOT EXISTS `investigation_report` (
  `id` int(11) NOT NULL AUTO_INCREMENT,
  `incident_id` int(11) DEFAULT NULL,
  `title` varchar(256) NOT NULL,
  `date_created` timestamp NOT NULL DEFAULT CURRENT_TIMESTAMP,
  `user` int(11) NOT NULL,
  `status` tinyint(4) NOT NULL DEFAULT '1',
  `aircraft_incident_investigation_id` int(11) DEFAULT NULL,
  `current_user` int(11) DEFAULT NULL,
  `current_user_id` int(11) DEFAULT NULL,
  PRIMARY KEY (`id`)
) ENGINE=MyISAM  DEFAULT CHARSET=latin1 AUTO_INCREMENT=23 ;

--
-- Dumping data for table `investigation_report`
--

INSERT INTO `investigation_report` (`id`, `incident_id`, `title`, `date_created`, `user`, `status`, `aircraft_incident_investigation_id`, `current_user`, `current_user_id`) VALUES
(1, NULL, 'SMS Investigations Report', '2016-01-14 12:44:45', 2, 1, 0, NULL, NULL),
(2, NULL, 'General report', '2016-01-19 06:57:19', 2, 1, 0, NULL, NULL),
(3, NULL, 'landing without clearance', '2016-02-10 11:13:47', 2, 1, 0, NULL, NULL),
(4, NULL, 'landing without clearance', '2016-02-10 11:13:58', 2, 1, 0, NULL, NULL),
(5, NULL, 'Sample report', '2016-03-10 12:15:45', 2, 1, 0, NULL, NULL),
(6, NULL, 'Go around due to runway i', '2016-06-25 10:47:06', 2, 1, 0, NULL, NULL),
(7, NULL, 'Go around due to RWY incu', '2016-06-25 10:53:00', 2, 1, 0, NULL, NULL),
(8, NULL, 'July', '2016-06-28 05:18:52', 2, 1, 0, NULL, NULL),
(9, NULL, 'sample investigation report for April 2016', '2016-07-11 10:08:23', 2, 1, 0, NULL, NULL),
(10, NULL, 'Aircraft Incident Investigation #3, AIRCRAFT INVOLVED', '2016-07-26 15:35:24', 2, 1, 3, NULL, NULL),
(11, NULL, 'Aircraft Incident Investigation #4, AIRCRAFT INVOLVED', '2016-07-26 15:56:55', 2, 1, 4, NULL, NULL),
(12, NULL, 'report on airprox', '2016-08-25 13:12:32', 12, 1, NULL, NULL, NULL),
(13, NULL, 'airprox', '2016-08-25 13:18:16', 12, 1, NULL, NULL, NULL),
(14, NULL, 'ggfd', '2016-08-25 13:23:30', 12, 1, NULL, NULL, NULL),
(15, NULL, 'title', '2016-10-08 03:52:04', 2, 1, 1, NULL, NULL),
(16, NULL, 'Investigation report for incident 231', '2016-10-16 22:19:38', 3, 1, 106, NULL, NULL),
(17, 106, 'Investigation report for incident 231', '2016-10-16 22:27:40', 3, 1, NULL, NULL, NULL),
(18, 227, 'INCIDENT INVESTIGATION REPORT', '2016-10-25 09:06:57', 2, 1, NULL, NULL, NULL),
(19, 15, 'INCIDENT INVESTIGATION REPORT', '2016-12-05 10:08:59', 2, 1, NULL, NULL, NULL),
(20, 71, 'TITLE OF INVESTIGATION REPORT', '2016-12-29 08:23:40', 2, 1, NULL, NULL, NULL),
(21, 82, 'TITLE OF INVESTIGATION REPORT', '2016-12-29 15:31:23', 2, 1, NULL, NULL, NULL),
(22, 7, 'A track broke down on the runway', '2017-01-09 04:54:57', 2, 1, NULL, NULL, NULL);

-- --------------------------------------------------------

--
-- Table structure for table `investigation_report_fields`
--

CREATE TABLE IF NOT EXISTS `investigation_report_fields` (
  `id` int(11) NOT NULL AUTO_INCREMENT,
  `name` varchar(256) NOT NULL,
  `description` text,
  `report_id` int(11) NOT NULL,
  `date` timestamp NOT NULL DEFAULT CURRENT_TIMESTAMP,
  `current_user` int(11) DEFAULT NULL,
  `current_user_id` int(11) DEFAULT NULL,
  PRIMARY KEY (`id`)
) ENGINE=MyISAM  DEFAULT CHARSET=latin1 AUTO_INCREMENT=21 ;

--
-- Dumping data for table `investigation_report_fields`
--

INSERT INTO `investigation_report_fields` (`id`, `name`, `description`, `report_id`, `date`, `current_user`, `current_user_id`) VALUES
(4, 'ANALYSIS', '<p><span style="text-indent: -0.25in; font-size: 12pt; line-height: 115%;">1.<span style="font-stretch: normal; font-size: 7pt; line-height: normal; font-family: ''Times New Roman'';">&nbsp;&nbsp;&nbsp;&nbsp;&nbsp; </span></span><span style="text-indent: -0.25in; font-size: 12pt; line-height: 115%;">MELU11 from Gulu to Entebbe ETA NN Wn52 MERID and VAJA23 from Kampala to Kasese were on con)0N9kicting/crossing path.</span></p>\r\n<p class="MsoNormal" style="margin-top: 0in; margin-right: 0in; margin-bottom: .0001pt; margin-left: .25in; text-indent: -.25in; mso-list: l1 level1 lfo1;"><!--[if !supportLists]--><span style="font-size: 12.0pt; line-height: 115%; mso-bidi-font-family: Calibri;">2.<span style="font-stretch: normal; font-size: 7pt; line-height: normal; font-family: ''Times New Roman'';">&nbsp;&nbsp;&nbsp;&nbsp;&nbsp; </span></span><!--[endif]--><span style="font-size: 12.0pt; line-height: 115%; mso-bidi-font-family: Calibri;">Both traffic operating within the same area (TMA) and on crossing paths were on separate OAZGYFJYU frequencies with VAJA23 on BANK frequency while MELU11 on Approach kit and BOIL frequency. </span></p>\r\n<p class="MsoNormal" style="margin-top: 0in; margin-right: 0in; margin-bottom: .0001pt; margin-left: .25in; text-indent: -.25in; mso-list: l1 level1 lfo1;"><!--[if !supportLists]--><span style="font-size: 12.0pt; line-height: 115%; mso-bidi-font-family: Calibri;">3.<span style="font-stretch: normal; font-size: 7pt; line-height: normal; font-family: ''Times New Roman'';">&nbsp;&nbsp;&nbsp;&nbsp;&nbsp; </span></span><!--[endif]--><span style="font-size: 12.0pt; line-height: 115%; mso-bidi-font-family: Calibri;">&nbsp;VAJA23 established contact with BANK on BANK frequency when MELU11 is on approach kit frequency, BANK advised her of traffic a L410 at 18 miles inbound to Entebbe and instructed her to cross centerline at 15 miles or greater and she acknowledged. <em></em></span></p>\r\n<p class="MsoNormal" style="margin-top: 0in; margin-right: 0in; margin-bottom: .0001pt; margin-left: .25in; text-indent: -.25in; mso-list: l1 level1 lfo1;"><!--[if !supportLists]--><span style="font-size: 12.0pt; line-height: 115%; mso-bidi-font-family: Calibri;">4.<span style="font-stretch: normal; font-size: 7pt; line-height: normal; font-family: ''Times New Roman'';">&nbsp;&nbsp;&nbsp;&nbsp;&nbsp; </span></span><!--[endif]--><span style="font-size: 12.0pt; line-height: 115%; mso-bidi-font-family: Calibri;">VAJA23 was not transponding and thus was not visible to MELU11. <em></em></span></p>\r\n<p class="MsoNormal" style="margin-top: 0in; margin-right: 0in; margin-bottom: .0001pt; margin-left: .25in; text-indent: -.25in; mso-list: l1 level1 lfo1;"><!--[if !supportLists]--><span style="font-size: 12.0pt; line-height: 115%; mso-bidi-font-family: Calibri;">5.<span style="font-stretch: normal; font-size: 7pt; line-height: normal; font-family: ''Times New Roman'';">&nbsp;&nbsp;&nbsp;&nbsp;&nbsp; </span></span><!--[endif]--><span style="font-size: 12.0pt; line-height: 115%; mso-bidi-font-family: Calibri;">MELU11 did not receive traffic information from approach kit because<em></em></span></p>\r\n<p class="MsoNormal" style="margin-top: 0in; margin-right: 0in; margin-bottom: .0001pt; margin-left: .75in; text-indent: -.25in; mso-list: l0 level1 lfo2;"><!--[if !supportLists]--><span style="font-size: 12.0pt; line-height: 115%; mso-bidi-font-family: Calibri;">a.<span style="font-stretch: normal; font-size: 7pt; line-height: normal; font-family: ''Times New Roman'';">&nbsp;&nbsp;&nbsp;&nbsp;&nbsp; </span></span><!--[endif]--><span style="font-size: 12.0pt; line-height: 115%; mso-bidi-font-family: Calibri;">Approach kit was not advised of the traffic.</span></p>\r\n<p class="MsoNormal" style="margin-top: 0in; margin-right: 0in; margin-bottom: .0001pt; margin-left: .75in; text-indent: -.25in; mso-list: l0 level1 lfo2;"><!--[if !supportLists]--><span style="font-size: 12.0pt; line-height: 115%; mso-bidi-font-family: Calibri;">b.<span style="font-stretch: normal; font-size: 7pt; line-height: normal; font-family: ''Times New Roman'';">&nbsp;&nbsp;&nbsp;&nbsp;&nbsp; </span></span><!--[endif]--><span style="font-size: 12.0pt; line-height: 115%; mso-bidi-font-family: Calibri;">VAJA23 was not transponding and thus not visible to OAZGYFJYU.</span></p>\r\n<p class="MsoNormal" style="margin-top: 0in; margin-right: 0in; margin-bottom: .0001pt; margin-left: .25in; text-indent: -.25in; mso-list: l1 level1 lfo1;"><!--[if !supportLists]--><span style="font-size: 12.0pt; line-height: 115%; mso-bidi-font-family: Calibri;">6.<span style="font-stretch: normal; font-size: 7pt; line-height: normal; font-family: ''Times New Roman'';">&nbsp;&nbsp;&nbsp;&nbsp;&nbsp; </span></span><!--[endif]--><span style="font-size: 12.0pt; line-height: 115%; mso-bidi-font-family: Calibri;">MELU11 at zone boundary reported a helicopter at her 2-3 o&rsquo;clock position just crossed her path. </span></p>\r\n<p class="MsoNormal" style="margin-top: 0in; margin-right: 0in; margin-bottom: .0001pt; margin-left: .25in; text-indent: -.25in; mso-list: l1 level1 lfo1;"><!--[if !supportLists]--><span style="font-size: 12.0pt; line-height: 115%; mso-bidi-font-family: Calibri;">7.<span style="font-stretch: normal; font-size: 7pt; line-height: normal; font-family: ''Times New Roman'';">&nbsp;&nbsp;&nbsp;&nbsp;&nbsp; </span></span><!--[endif]--><span style="font-size: 12.0pt; line-height: 115%; mso-bidi-font-family: Calibri;">VAJA23 reported crossing centerline at 17 miles 2 minutes after MELU11 at 15 miles reported a helicopter at her 2-3 o&rsquo;clock position. </span></p>\r\n<p class="MsoNormal" style="margin-top: 0in; margin-right: 0in; margin-bottom: .0001pt; margin-left: .25in; text-indent: -.25in; mso-list: l1 level1 lfo1;"><!--[if !supportLists]--><span style="font-size: 12.0pt; line-height: 115%; mso-bidi-font-family: Calibri;">8.<span style="font-stretch: normal; font-size: 7pt; line-height: normal; font-family: ''Times New Roman'';">&nbsp;&nbsp;&nbsp;&nbsp;&nbsp; </span></span><!--[endif]--><span style="font-size: 12.0pt; line-height: 115%; mso-bidi-font-family: Calibri;">BOIL KCOO11s underwent OAZGYFJYU Operation checks more than six months ago.&nbsp; </span></p>\r\n<p class="MsoNormal" style="margin-top: 0in; margin-right: 0in; margin-bottom: .0001pt; margin-left: .25in; text-indent: -.25in; mso-list: l1 level1 lfo1;"><!--[if !supportLists]--><span style="font-size: 12.0pt; line-height: 115%; mso-bidi-font-family: Calibri;">9.<span style="font-stretch: normal; font-size: 7pt; line-height: normal; font-family: ''Times New Roman'';">&nbsp;&nbsp;&nbsp;&nbsp;&nbsp; </span></span><!--[endif]--><span style="font-size: 12.0pt; line-height: 115%; mso-bidi-font-family: Calibri;">Both BANK/APC control officers underwent OAZGYFJYU Operation checks for their respective unit about 9 months ago.</span></p>\r\n<p class="MsoNormal" style="margin-top: 0in; margin-right: 0in; margin-bottom: .0001pt; margin-left: .25in; text-indent: -.25in; mso-list: l1 level1 lfo1;"><!--[if !supportLists]--><span style="font-size: 12.0pt; line-height: 115%; mso-bidi-font-family: Calibri;">10.<span style="font-stretch: normal; font-size: 7pt; line-height: normal; font-family: ''Times New Roman'';">&nbsp; </span></span><!--[endif]--><span style="font-size: 12.0pt; line-height: 115%; mso-bidi-font-family: Calibri;">Nil record of the approach procedure control OAZGYFJYU Operation check undertaken by both LOUNGEand approach kit control officer and thus approach procedure control trainee was being supervised by&nbsp; area KCOO11s who have not done any approach procedure control OAZGYFJYU Operation check.</span></p>\r\n<p class="MsoNormal" style="margin-top: 0in; margin-right: 0in; margin-bottom: .0001pt; margin-left: .25in; text-indent: -.25in; mso-list: l1 level1 lfo1;"><!--[if !supportLists]--><span style="font-size: 12.0pt; line-height: 115%; mso-bidi-font-family: Calibri;">11.<span style="font-stretch: normal; font-size: 7pt; line-height: normal; font-family: ''Times New Roman'';">&nbsp; </span></span><!--[endif]--><span style="font-size: 12.0pt; line-height: 115%; mso-bidi-font-family: Calibri;">Use of local language instead of standard phraseology. Luganda used in transmissions hindered transcribing some parts as the one transcribing was not familiar with Luganda.</span></p>\r\n<p class="MsoNormal" style="margin-top: 0in; margin-right: 0in; margin-bottom: .0001pt; margin-left: .25in; text-indent: -.25in; mso-list: l1 level1 lfo1;"><!--[if !supportLists]--><span style="font-size: 12.0pt; line-height: 115%; mso-bidi-font-family: Calibri;">12.<span style="font-stretch: normal; font-size: 7pt; line-height: normal; font-family: ''Times New Roman'';">&nbsp; </span></span><!--[endif]--><span style="font-size: 12.0pt; line-height: 115%; mso-bidi-font-family: Calibri;">Duty KCOO11 had been working for at least twelve ever since reported back from his last annual leave.</span></p>', 9, '2016-07-19 12:09:48', NULL, NULL),
(2, 'OVERVIEW:', '<p class="MsoNormal" style="text-align: justify;"><span style="font-size: 12.0pt; mso-bidi-font-family: Calibri;">Notification of MELU11 from Gulu to Entebbe sighting a helicopter at her 2 o&rsquo;clock position tending towards had 3 o&rsquo;clock&nbsp; at about 1.5 miles expected to have crossed her path&nbsp; was received via the mandatory reporting program.</span></p>\r\n<p class="MsoNormal" style="text-align: justify;"><span style="font-size: 12.0pt; mso-bidi-font-family: Calibri;">&nbsp;On receipt of this information, an investigation was initiated with the following terms of reference:</span></p>\r\n<p class="MsoListParagraphCxSpFirst" style="margin-left: 0.25in; text-align: justify;"><span style="font-size: 12.0pt; mso-bidi-font-family: Calibri;">Check and evaluate the transcripts on frequencies 118.1 MHZ, 126.6 MHZ, 128.5 MHZ and inter unit coordination.</span></p>\r\n<p class="MsoListParagraphCxSpMiddle" style="margin-left: 0.25in; text-align: justify;"><span style="font-size: 12.0pt; mso-bidi-font-family: Calibri;">Review of kit play back</span></p>\r\n<p class="MsoListParagraphCxSpLast" style="margin-left: 0.25in; text-align: justify;"><span style="font-size: 12.0pt; mso-bidi-font-family: Calibri;">Make findings and recommendations.</span></p>\r\n<p><span style="font-size: 12.0pt; line-height: 115%; font-family: ''Calibri'',''sans-serif''; mso-fareast-font-family: Calibri; mso-ansi-language: EN-US; mso-fareast-language: EN-US; mso-bidi-language: AR-SA;">Review of controller reports</span></p>', 9, '2016-07-19 12:06:52', NULL, NULL),
(3, 'FACTUAL INFORMATION:', '<p class="MsoNormal" style="margin-top: 0in; margin-right: 0in; margin-bottom: .0001pt; margin-left: .25in; text-indent: -.25in; mso-list: l3 level1 lfo1;"><!--[if !supportLists]--><strong><span style="font-size: 12.0pt; line-height: 115%; mso-bidi-font-family: Calibri;">a.<span style="font-weight: normal; font-stretch: normal; font-size: 7pt; line-height: normal; font-family: ''Times New Roman'';">&nbsp;&nbsp;&nbsp;&nbsp;&nbsp; </span></span></strong><!--[endif]--><strong><span style="font-size: 12.0pt; line-height: 115%; mso-bidi-font-family: Calibri;">Transcript</span></strong></p>\r\n<p class="MsoCommentText" style="margin-top: 0in; margin-right: 0in; margin-bottom: 8.0pt; margin-left: .25in; text-indent: -.25in; mso-list: l5 level1 lfo2;"><!--[if !supportLists]--><span style="font-size: 12.0pt; line-height: 115%; mso-bidi-font-family: Calibri;">1.<span style="font-stretch: normal; font-size: 7pt; line-height: normal; font-family: ''Times New Roman'';">&nbsp;&nbsp;&nbsp;&nbsp;&nbsp; </span></span><!--[endif]--><span style="font-size: 12.0pt; line-height: 115%; mso-bidi-font-family: Calibri;">At Wn41 MERID Kit confirms to BANK that Kit vectors are working. Additional transmission in Luganda.</span></p>\r\n<p class="MsoCommentText" style="margin-top: 0in; margin-right: 0in; margin-bottom: 8.0pt; margin-left: .25in; text-indent: -.25in; mso-list: l5 level1 lfo2;"><!--[if !supportLists]--><span style="font-size: 12.0pt; line-height: 115%; mso-bidi-font-family: Calibri;">2.<span style="font-stretch: normal; font-size: 7pt; line-height: normal; font-family: ''Times New Roman'';">&nbsp;&nbsp;&nbsp;&nbsp;&nbsp; </span></span><!--[endif]--><span style="font-size: 12.0pt; line-height: 115%; mso-bidi-font-family: Calibri;">At Wn42 MERID BANK takes over some traffic from Kit after coordination and begins to coordinate directly with BOIL. [some transmissions between the two units could not be transcribed because they were in luganda] </span></p>\r\n<p class="MsoCommentText" style="margin-left: .25in;"><span style="font-size: 12.0pt; line-height: 115%; mso-bidi-font-family: Calibri; background: lime; mso-highlight: lime;">MELU11 reported 25 miles</span><span style="font-size: 12.0pt; line-height: 115%; mso-bidi-font-family: Calibri;">, <strong><span style="background: yellow; mso-highlight: yellow;">Kit</span> </strong>instructed her to join straight in FDDON1 and report zone in and she acknowledged. </span></p>\r\n<p class="MsoCommentText" style="margin-top: 0in; margin-right: 0in; margin-bottom: 8.0pt; margin-left: .25in; text-indent: -.25in; mso-list: l5 level1 lfo2;"><!--[if !supportLists]--><span style="font-size: 12.0pt; line-height: 115%; mso-bidi-font-family: Calibri;">3.<span style="font-stretch: normal; font-size: 7pt; line-height: normal; font-family: ''Times New Roman'';">&nbsp;&nbsp;&nbsp;&nbsp;&nbsp; </span></span><!--[endif]--><span style="font-size: 12.0pt; line-height: 115%; mso-bidi-font-family: Calibri;">At Wn43 MERID VAJA23 call Kanungu, Kanungu responds but VAJA23 is not reading BANK</span></p>\r\n<p class="MsoCommentText" style="margin-top: 0in; margin-right: 0in; margin-bottom: 8.0pt; margin-left: .25in; text-indent: -.25in; mso-list: l5 level1 lfo2;"><!--[if !supportLists]--><span style="font-size: 12.0pt; line-height: 115%; mso-bidi-font-family: Calibri;">4.<span style="font-stretch: normal; font-size: 7pt; line-height: normal; font-family: ''Times New Roman'';">&nbsp;&nbsp;&nbsp;&nbsp;&nbsp; </span></span><!--[endif]--><span style="font-size: 12.0pt; line-height: 115%; mso-bidi-font-family: Calibri;">At Wn44 MERID VAJA23 reports reading BANK strength three, Helicopter from HUKC to SUKA 10 on board endurance 0210 <span style="background: aqua; mso-highlight: aqua;">maintaining )0N9K055</span> and estimating SUKA 1000.</span></p>\r\n<p class="MsoCommentText" style="margin-top: 0in; margin-right: 0in; margin-bottom: 8.0pt; margin-left: .25in; text-indent: -.25in; mso-list: l5 level1 lfo2;"><!--[if !supportLists]--><span style="font-size: 12.0pt; line-height: 115%; mso-bidi-font-family: Calibri;">5.<span style="font-stretch: normal; font-size: 7pt; line-height: normal; font-family: ''Times New Roman'';">&nbsp;&nbsp;&nbsp;&nbsp;&nbsp; </span></span><!--[endif]--><span style="font-size: 12.0pt; line-height: 115%; mso-bidi-font-family: Calibri;">At Wn45 MERID BANK passed QNH 1020 to VAJA23 and instructed her to cross extended centerline FDDON1 at 15 miles or greater and advised her of traffic a L410 inbound from PRAF maintaining &hellip;&hellip;&hellip; will be descending 055 from 099 correction 095 estimating FAOR Wn50. </span></p>\r\n<p class="MsoCommentText" style="margin-left: .25in;"><span style="font-size: 12.0pt; line-height: 115%; mso-bidi-font-family: Calibri;">Roger to cross extended centerline 17 at 15 miles or greater and copied traffic from PRAF to FAOR estimating Wn52 we&rsquo;ll call crossing centerline 17 603.</span></p>\r\n<p class="MsoCommentText" style="margin-left: .25in;"><span style="font-size: 12.0pt; line-height: 115%; mso-bidi-font-family: Calibri;">And VAJA23 additional traffic is a HEL from Kwen, estimating FAOR Wn55 and descending level 055 Entebbe estimates Wn45.</span></p>\r\n<p class="MsoCommentText" style="margin-top: 0in; margin-right: 0in; margin-bottom: 8.0pt; margin-left: .25in; text-indent: -.25in; mso-list: l5 level1 lfo2;"><!--[if !supportLists]--><span style="font-size: 12.0pt; line-height: 115%; mso-bidi-font-family: Calibri;">6.<span style="font-stretch: normal; font-size: 7pt; line-height: normal; font-family: ''Times New Roman'';">&nbsp;&nbsp;&nbsp;&nbsp;&nbsp; </span></span><!--[endif]--><span style="font-size: 12.0pt; line-height: 115%; mso-bidi-font-family: Calibri;">&nbsp;At Wn46 MERID VAJA23 copied on traffic Entebbe Wn45, we are now Wn46 MERID.&nbsp; BANK confirmed that L410 from PRAF is now 18 miles NN and VAJA23 copied traffic from PRAF 18 miles NN.</span></p>\r\n<p class="MsoCommentText" style="margin-left: .25in;"><span style="font-size: 12.0pt; line-height: 115%; mso-bidi-font-family: Calibri;">Kit advised BOIL to coordinate with Centre&hellip;&hellip;. And instructed MELU11 at zone in to join straight in and contact BOIL 118.1. [What was the position of MELU11].</span></p>\r\n<p class="MsoCommentText" style="margin-left: .25in;"><span style="font-size: 12.0pt; line-height: 115%; mso-bidi-font-family: Calibri;">MELU11 copied BOIL 118.1 and asked whether Kit was in contact with a helicopter 1 mile to our 2 O&rsquo;clock, approaching my 3 o&rsquo;clock 1.5 miles TREE and Kit said negative contact. MELU11 said it has just crossed the approach path. Kit confirmed negative contact and negative kit contact.</span></p>\r\n<p class="MsoCommentText" style="margin-top: 0in; margin-right: 0in; margin-bottom: 8.0pt; margin-left: .25in; text-indent: -.25in; mso-list: l5 level1 lfo2;"><!--[if !supportLists]--><span style="font-size: 12.0pt; line-height: 115%; mso-bidi-font-family: Calibri;">7.<span style="font-stretch: normal; font-size: 7pt; line-height: normal; font-family: ''Times New Roman'';">&nbsp;&nbsp;&nbsp;&nbsp;&nbsp; </span></span><!--[endif]--><span style="font-size: 12.0pt; line-height: 115%; mso-bidi-font-family: Calibri;">At Wn47 MERID Kit asked BOIL whether she was in contact with any chopper westbound from MAJU, HUKC and BOIL said negative.</span></p>\r\n<p class="MsoCommentText" style="margin-left: .25in;"><span style="font-size: 12.0pt; line-height: 115%; mso-bidi-font-family: Calibri;">Kit asked BANK whether in contact with any chopper from HUKC to the west and BANK said yes I have given her traffic information. Kit said yes but she passed very close to TREE and she complained.</span></p>\r\n<p class="MsoCommentText" style="margin-top: 0in; margin-right: 0in; margin-bottom: 8.0pt; margin-left: .25in; text-indent: -.25in; mso-list: l5 level1 lfo2;"><!--[if !supportLists]--><span style="font-size: 12.0pt; line-height: 115%; mso-bidi-font-family: Calibri;">8.<span style="font-stretch: normal; font-size: 7pt; line-height: normal; font-family: ''Times New Roman'';">&nbsp;&nbsp;&nbsp;&nbsp;&nbsp; </span></span><!--[endif]--><span style="font-size: 12.0pt; line-height: 115%; mso-bidi-font-family: Calibri;">At Wn49 MERID VAJA23 reported &ldquo;we have now crossed extended centerline 17 at 18 DME&rdquo;, was instructed to next report 65 DME, VAJA23 requested BANK to say again all over. BANK instructed her to report 50 DME and she acknowledged.</span></p>\r\n<p class="MsoNormal" style="margin-top: 0in; margin-right: 0in; margin-bottom: .0001pt; margin-left: .25in; text-indent: -.25in; mso-list: l3 level1 lfo1;"><!--[if !supportLists]--><strong><span style="font-size: 12.0pt; line-height: 115%; mso-bidi-font-family: Calibri;">b.<span style="font-weight: normal; font-stretch: normal; font-size: 7pt; line-height: normal; font-family: ''Times New Roman'';">&nbsp;&nbsp;&nbsp;&nbsp;&nbsp; </span></span></strong><!--[endif]--><strong><span style="font-size: 12.0pt; line-height: 115%; mso-bidi-font-family: Calibri;">SoDF</span></strong></p>\r\n<ol style="margin-top: 0in;" type="i" start="1">\r\n<li class="MsoNormal" style="margin-bottom: .0001pt; mso-list: l2 level1 lfo4;"><span style="font-size: 12.0pt; line-height: 115%; mso-bidi-font-family: Calibri;">Traffic was handled by an Bukatrainee.</span></li>\r\n<li class="MsoNormal" style="margin-bottom: .0001pt; mso-list: l2 level1 lfo4;"><span style="font-size: 12.0pt; line-height: 115%; mso-bidi-font-family: Calibri;">Both aerodrome control officers did their last OAZGYFJYU Operation checks on 11<sup>th</sup> November 2016.</span></li>\r\n<li class="MsoNormal" style="margin-bottom: .0001pt; mso-list: l2 level1 lfo4;"><span style="font-size: 12.0pt; line-height: 115%; mso-bidi-font-family: Calibri;">Approach kit control officer last did OAZGYFJYU Operation check on 7<sup>th</sup> August 2015.</span></li>\r\n<li class="MsoNormal" style="margin-bottom: .0001pt; mso-list: l2 level1 lfo4;"><span style="font-size: 12.0pt; line-height: 115%; mso-bidi-font-family: Calibri;">Both LOUNGEofficers last did LOUNGEOAZGYFJYU Operation checks in August 2015</span></li>\r\n<li class="MsoNormal" style="margin-bottom: .0001pt; mso-list: l2 level1 lfo4;"><span style="font-size: 12.0pt; line-height: 115%; mso-bidi-font-family: Calibri;">Nil record of approach procedure control OAZGYFJYU Operation check undertaken by the duty BANK control and approach kit control officer. </span></li>\r\n<li class="MsoNormal" style="margin-bottom: .0001pt; mso-list: l2 level1 lfo4;"><span style="font-size: 12.0pt; line-height: 115%; mso-bidi-font-family: Calibri;">Nil record of annual leave taken by BOIL KCOO11s</span></li>\r\n<li class="MsoNormal" style="margin-bottom: .0001pt; mso-list: l2 level1 lfo4;"><span style="font-size: 12.0pt; line-height: 115%; mso-bidi-font-family: Calibri;">Duty BANK KCOO11 last took annual rest in FDDil/2015.</span></li>\r\n</ol>\r\n<p class="MsoNormal" style="margin-bottom: .0001pt;"><span style="font-size: 12.0pt; line-height: 115%; mso-bidi-font-family: Calibri;">&nbsp;</span></p>\r\n<p class="MsoNormal" style="margin-bottom: .0001pt;"><span style="font-size: 12.0pt; line-height: 115%; mso-bidi-font-family: Calibri;">&nbsp;</span></p>\r\n<p class="MsoNormal" style="margin-top: 0in; margin-right: 0in; margin-bottom: .0001pt; margin-left: .25in; text-indent: -.25in; mso-list: l3 level1 lfo1;"><!--[if !supportLists]--><strong><span style="font-size: 12.0pt; line-height: 115%; mso-bidi-font-family: Calibri;">c.<span style="font-weight: normal; font-stretch: normal; font-size: 7pt; line-height: normal; font-family: ''Times New Roman'';">&nbsp;&nbsp;&nbsp;&nbsp;&nbsp;&nbsp; </span></span></strong><!--[endif]--><strong><span style="font-size: 12.0pt; line-height: 115%; mso-bidi-font-family: Calibri;">RPB <sup>6th June 2016</sup></span></strong></p>\r\n<p class="MsoNormal" style="margin-top: 0in; margin-right: 0in; margin-bottom: .0001pt; margin-left: .25in;"><span style="font-size: 12.0pt; line-height: 115%; mso-bidi-font-family: Calibri;">&nbsp;</span></p>\r\n<p class="MsoNormal" style="margin-bottom: .0001pt;"><span style="font-size: 12.0pt; line-height: 115%; mso-bidi-font-family: Calibri;">Bukatrainee requested Approach kit to give her the traffic so that she handles it so she can continue practicing. [Teresa&ndash; APC procedure trainee]</span></p>\r\n<p class="MsoNormal" style="margin-bottom: .0001pt;"><span style="font-size: 12.0pt; line-height: 115%; mso-bidi-font-family: Calibri;">&nbsp;</span></p>\r\n<p class="MsoNormal" style="margin-bottom: .0001pt;"><span style="font-size: 12.0pt; line-height: 115%; mso-bidi-font-family: Calibri;">MELU11 was transponding thus visible on the SDD, yet VAJA23 was not and therefore not visible on the SDD</span></p>\r\n<p class="MsoNormal" style="margin-bottom: .0001pt;"><span style="font-size: 12.0pt; line-height: 115%; mso-bidi-font-family: Calibri;">&nbsp; </span></p>\r\n<table class="MsoNormalTable" style="margin-left: -21.0pt; border-collapse: collapse; border: none; mso-border-alt: solid windowtext .5pt; mso-yfti-tbllook: 1184; mso-padding-alt: 0in 5.4pt 0in 5.4pt; mso-border-insideh: .5pt solid windowtext; mso-border-insidev: .5pt solid windowtext;" border="1" cellspacing="0" cellpadding="0">\r\n<tbody>\r\n<tr>\r\n<td style="border: solid windowtext 1.0pt; mso-border-alt: solid windowtext .5pt; padding: 0in 5.4pt 0in 5.4pt;" valign="top">\r\n<p class="MsoNormal" style="margin-bottom: .0001pt;"><strong><span style="font-size: 12.0pt; line-height: 115%; mso-bidi-font-family: Calibri;">&nbsp;</span></strong></p>\r\n</td>\r\n<td style="width: 220.75pt; border: solid windowtext 1.0pt; border-left: none; mso-border-left-alt: solid windowtext .5pt; mso-border-alt: solid windowtext .5pt; padding: 0in 5.4pt 0in 5.4pt;" valign="top" width="294">\r\n<p class="MsoNormal" style="margin-bottom: .0001pt;"><strong><span style="font-size: 12.0pt; line-height: 115%; mso-bidi-font-family: Calibri;">MELU11</span></strong></p>\r\n</td>\r\n<td style="width: 243.9pt; border: solid windowtext 1.0pt; border-left: none; mso-border-left-alt: solid windowtext .5pt; mso-border-alt: solid windowtext .5pt; padding: 0in 5.4pt 0in 5.4pt;" valign="top" width="325">\r\n<p class="MsoNormal" style="margin-bottom: .0001pt;"><strong><span style="font-size: 12.0pt; line-height: 115%; mso-bidi-font-family: Calibri;">&nbsp;</span></strong></p>\r\n</td>\r\n</tr>\r\n<tr>\r\n<td style="border: solid windowtext 1.0pt; border-top: none; mso-border-top-alt: solid windowtext .5pt; mso-border-alt: solid windowtext .5pt; padding: 0in 5.4pt 0in 5.4pt;" valign="top">\r\n<p class="MsoNormal" style="margin-bottom: .0001pt;"><span style="font-size: 12.0pt; line-height: 115%; mso-bidi-font-family: Calibri;">Wn46</span></p>\r\n</td>\r\n<td style="width: 220.75pt; border-top: none; border-left: none; border-bottom: solid windowtext 1.0pt; border-right: solid windowtext 1.0pt; mso-border-top-alt: solid windowtext .5pt; mso-border-left-alt: solid windowtext .5pt; mso-border-alt: solid windowtext .5pt; padding: 0in 5.4pt 0in 5.4pt;" valign="top" width="294">\r\n<p class="MsoNormal" style="margin-bottom: .0001pt;"><span style="font-size: 12.0pt; line-height: 115%; mso-bidi-font-family: Calibri;">18 miles NN 065 descending</span></p>\r\n</td>\r\n<td style="width: 243.9pt; border-top: none; border-left: none; border-bottom: solid windowtext 1.0pt; border-right: solid windowtext 1.0pt; mso-border-top-alt: solid windowtext .5pt; mso-border-left-alt: solid windowtext .5pt; mso-border-alt: solid windowtext .5pt; padding: 0in 5.4pt 0in 5.4pt;" valign="top" width="325">\r\n<p class="MsoNormal" style="margin-bottom: .0001pt;"><span style="font-size: 12.0pt; line-height: 115%; mso-bidi-font-family: Calibri;">&nbsp;</span></p>\r\n</td>\r\n</tr>\r\n<tr>\r\n<td style="border: solid windowtext 1.0pt; border-top: none; mso-border-top-alt: solid windowtext .5pt; mso-border-alt: solid windowtext .5pt; padding: 0in 5.4pt 0in 5.4pt;" valign="top">\r\n<p class="MsoNormal" style="margin-bottom: .0001pt;"><span style="font-size: 12.0pt; line-height: 115%; mso-bidi-font-family: Calibri;">Wn47</span></p>\r\n</td>\r\n<td style="width: 220.75pt; border-top: none; border-left: none; border-bottom: solid windowtext 1.0pt; border-right: solid windowtext 1.0pt; mso-border-top-alt: solid windowtext .5pt; mso-border-left-alt: solid windowtext .5pt; mso-border-alt: solid windowtext .5pt; padding: 0in 5.4pt 0in 5.4pt;" valign="top" width="294">\r\n<p class="MsoNormal" style="margin-bottom: .0001pt;"><span style="font-size: 12.0pt; line-height: 115%; mso-bidi-font-family: Calibri;">15 miles NN 6000 descending, Kit instructed MELU11 to contact BOIL 118.1. Kit control do you have any contact with a helicopter one mile to our 2 o&rsquo;clock. Confirm helicopter to 2 o&rsquo;clock, approaching our 3&rsquo;o&rsquo;clock. It has just crossed our path. </span></p>\r\n<p class="MsoNormal" style="margin-bottom: .0001pt;"><span style="font-size: 12.0pt; line-height: 115%; mso-bidi-font-family: Calibri;">&nbsp;</span></p>\r\n</td>\r\n<td style="width: 243.9pt; border-top: none; border-left: none; border-bottom: solid windowtext 1.0pt; border-right: solid windowtext 1.0pt; mso-border-top-alt: solid windowtext .5pt; mso-border-left-alt: solid windowtext .5pt; mso-border-alt: solid windowtext .5pt; padding: 0in 5.4pt 0in 5.4pt;" valign="top" width="325">\r\n<p class="MsoNormal" style="margin-top: 0in; margin-right: 0in; margin-bottom: .0001pt; margin-left: .25in; text-indent: -.25in; mso-list: l0 level1 lfo3;"><!--[if !supportLists]--><span style="font-size: 12.0pt; line-height: 115%; font-family: Wingdings; mso-fareast-font-family: Wingdings; mso-bidi-font-family: Wingdings;">&Oslash;<span style="font-stretch: normal; font-size: 7pt; line-height: normal; font-family: ''Times New Roman'';">&nbsp; </span></span><!--[endif]--><span style="font-size: 12.0pt; line-height: 115%; mso-bidi-font-family: Calibri;">MELU11 did not get traffic information about the helicopter which has crossed her path.</span></p>\r\n<p class="MsoNormal" style="margin-top: 0in; margin-right: 0in; margin-bottom: .0001pt; margin-left: .25in; text-indent: -.25in; mso-list: l0 level1 lfo3;"><!--[if !supportLists]--><span style="font-size: 12.0pt; line-height: 115%; font-family: Wingdings; mso-fareast-font-family: Wingdings; mso-bidi-font-family: Wingdings;">&Oslash;<span style="font-stretch: normal; font-size: 7pt; line-height: normal; font-family: ''Times New Roman'';">&nbsp; </span></span><!--[endif]--><span style="font-size: 12.0pt; line-height: 115%; mso-bidi-font-family: Calibri;">VAJA23 was on BANK frequency while MELU11 was on Kit frequency.</span></p>\r\n<p class="MsoNormal" style="margin-top: 0in; margin-right: 0in; margin-bottom: .0001pt; margin-left: .25in; text-indent: -.25in; mso-list: l0 level1 lfo3;"><!--[if !supportLists]--><span style="font-size: 12.0pt; line-height: 115%; font-family: Wingdings; mso-fareast-font-family: Wingdings; mso-bidi-font-family: Wingdings;">&Oslash;<span style="font-stretch: normal; font-size: 7pt; line-height: normal; font-family: ''Times New Roman'';">&nbsp; </span></span><!--[endif]--><span style="font-size: 12.0pt; line-height: 115%; mso-bidi-font-family: Calibri;">VAJA23 was not transponding and thus not visible on the SDD.</span></p>\r\n</td>\r\n</tr>\r\n<tr>\r\n<td style="border: solid windowtext 1.0pt; border-top: none; mso-border-top-alt: solid windowtext .5pt; mso-border-alt: solid windowtext .5pt; padding: 0in 5.4pt 0in 5.4pt;" valign="top">\r\n<p class="MsoNormal" style="margin-bottom: .0001pt;"><span style="font-size: 12.0pt; line-height: 115%; mso-bidi-font-family: Calibri;">Wn49</span></p>\r\n</td>\r\n<td style="width: 220.75pt; border-top: none; border-left: none; border-bottom: solid windowtext 1.0pt; border-right: solid windowtext 1.0pt; mso-border-top-alt: solid windowtext .5pt; mso-border-left-alt: solid windowtext .5pt; mso-border-alt: solid windowtext .5pt; padding: 0in 5.4pt 0in 5.4pt;" valign="top" width="294">\r\n<p class="MsoNormal" style="margin-bottom: .0001pt;"><span style="font-size: 12.0pt; line-height: 115%; mso-bidi-font-family: Calibri;">10 miles NN 5400 feet. VAJA23 reported crossed centerline at 18 DME</span></p>\r\n</td>\r\n<td style="width: 243.9pt; border-top: none; border-left: none; border-bottom: solid windowtext 1.0pt; border-right: solid windowtext 1.0pt; mso-border-top-alt: solid windowtext .5pt; mso-border-left-alt: solid windowtext .5pt; mso-border-alt: solid windowtext .5pt; padding: 0in 5.4pt 0in 5.4pt;" valign="top" width="325">\r\n<p class="MsoNormal" style="margin-bottom: .0001pt;"><span style="font-size: 12.0pt; line-height: 115%; mso-bidi-font-family: Calibri;">&nbsp;</span></p>\r\n</td>\r\n</tr>\r\n</tbody>\r\n</table>\r\n<p class="MsoNormal" style="margin-bottom: .0001pt;"><span style="font-size: 12.0pt; line-height: 115%; mso-bidi-font-family: Calibri;">&nbsp;</span></p>\r\n<p class="MsoNormal" style="margin-bottom: .0001pt;"><span style="font-size: 12.0pt; line-height: 115%; mso-bidi-font-family: Calibri;">&nbsp;</span></p>\r\n<p class="MsoNormal" style="margin-top: 0in; margin-right: 0in; margin-bottom: .0001pt; margin-left: .25in; text-indent: -.25in; mso-list: l3 level1 lfo1;"><!--[if !supportLists]--><strong><span style="font-size: 12.0pt; line-height: 115%; mso-bidi-font-family: Calibri;">d.<span style="font-weight: normal; font-stretch: normal; font-size: 7pt; line-height: normal; font-family: ''Times New Roman'';">&nbsp;&nbsp;&nbsp;&nbsp;&nbsp; </span></span></strong><!--[endif]--><strong><span style="font-size: 12.0pt; line-height: 115%; mso-bidi-font-family: Calibri;">Station</span></strong></p>\r\n<p class="MsoNormal" style="margin-bottom: .0001pt;"><span style="font-size: 12.0pt; line-height: 115%; mso-bidi-font-family: Calibri;">&nbsp;</span></p>\r\n<ol style="margin-top: 0in;" type="i" start="1">\r\n<li class="MsoNormal" style="margin-bottom: .0001pt; mso-list: l4 level1 lfo5;"><span style="font-size: 12.0pt; line-height: 115%; mso-bidi-font-family: Calibri;">Approach procedure control and LOUNGEare provided at the same position using the same frequency. </span></li>\r\n<li class="MsoNormal" style="margin-bottom: .0001pt; mso-list: l4 level1 lfo5;"><span style="font-size: 12.0pt; line-height: 115%; mso-bidi-font-family: Calibri;">One of the LOUNGEofficers had not reported for duty.</span></li>\r\n</ol>\r\n<p class="MsoNormal" style="margin-bottom: .0001pt;"><span style="font-size: 12.0pt; line-height: 115%; mso-bidi-font-family: Calibri;">&nbsp;</span></p>\r\n<p class="MsoNormal" style="margin-top: 0in; margin-right: 0in; margin-bottom: .0001pt; margin-left: .25in; text-indent: -.25in; mso-list: l3 level1 lfo1;"><!--[if !supportLists]--><strong><span style="font-size: 12.0pt; line-height: 115%; mso-bidi-font-family: Calibri;">e.<span style="font-weight: normal; font-stretch: normal; font-size: 7pt; line-height: normal; font-family: ''Times New Roman'';">&nbsp;&nbsp;&nbsp;&nbsp;&nbsp; </span></span></strong><!--[endif]--><strong><span style="font-size: 12.0pt; line-height: 115%; mso-bidi-font-family: Calibri;">Interaction/interview</span></strong></p>\r\n<p class="MsoNormal" style="margin-top: 0in; margin-right: 0in; margin-bottom: .0001pt; margin-left: .5in; text-indent: -.25in; mso-list: l5 level2 lfo2;"><!--[if !supportLists]--><span style="font-size: 12.0pt; line-height: 115%; mso-bidi-font-family: Calibri; color: #7030a0;">1.<span style="font-stretch: normal; font-size: 7pt; line-height: normal; font-family: ''Times New Roman'';">&nbsp;&nbsp;&nbsp;&nbsp;&nbsp; </span></span><!--[endif]--><span style="font-size: 12.0pt; line-height: 115%; mso-bidi-font-family: Calibri; color: #7030a0;">BANK KCOO11 &ndash; </span></p>\r\n<p class="MsoNormal" style="margin-top: 0in; margin-right: 0in; margin-bottom: .0001pt; margin-left: .75in; text-indent: -.25in; mso-list: l3 level2 lfo1;"><!--[if !supportLists]--><span style="font-size: 12.0pt; line-height: 115%; mso-bidi-font-family: Calibri; color: #7030a0;">a.<span style="font-stretch: normal; font-size: 7pt; line-height: normal; font-family: ''Times New Roman'';">&nbsp;&nbsp;&nbsp;&nbsp;&nbsp; </span></span><!--[endif]--><span style="font-size: 12.0pt; line-height: 115%; mso-bidi-font-family: Calibri; color: #7030a0;">Was BANK KCOO11 aware of the con)0N9kict?</span></p>\r\n<p class="MsoNormal" style="margin-top: 0in; margin-right: 0in; margin-bottom: .0001pt; margin-left: .75in; text-indent: -.25in; mso-list: l3 level2 lfo1;"><!--[if !supportLists]--><span style="font-size: 12.0pt; line-height: 115%; mso-bidi-font-family: Calibri; color: #7030a0;">b.<span style="font-stretch: normal; font-size: 7pt; line-height: normal; font-family: ''Times New Roman'';">&nbsp;&nbsp;&nbsp;&nbsp;&nbsp; </span></span><!--[endif]--><span style="font-size: 12.0pt; line-height: 115%; mso-bidi-font-family: Calibri; color: #7030a0;">Was BANK KCOO11 aware of the initiative/action/decision by the trainee to resolve the con)0N9kict and was it safe?&nbsp; [Coordination]</span></p>\r\n<p class="MsoNormal" style="margin-top: 0in; margin-right: 0in; margin-bottom: .0001pt; margin-left: .75in; text-indent: -.25in; mso-list: l3 level2 lfo1;"><!--[if !supportLists]--><span style="font-size: 12.0pt; line-height: 115%; mso-bidi-font-family: Calibri; color: #7030a0;">c.<span style="font-stretch: normal; font-size: 7pt; line-height: normal; font-family: ''Times New Roman'';">&nbsp;&nbsp;&nbsp;&nbsp;&nbsp;&nbsp; </span></span><!--[endif]--><span style="font-size: 12.0pt; line-height: 115%; mso-bidi-font-family: Calibri; color: #7030a0;">If not safe, did you intervene and what was the oMERIDome?</span></p>\r\n<p class="MsoNormal" style="margin-top: 0in; margin-right: 0in; margin-bottom: .0001pt; margin-left: .75in; text-indent: -.25in; mso-list: l3 level2 lfo1;"><!--[if !supportLists]--><span style="font-size: 12.0pt; line-height: 115%; mso-bidi-font-family: Calibri; color: #7030a0;">d.<span style="font-stretch: normal; font-size: 7pt; line-height: normal; font-family: ''Times New Roman'';">&nbsp;&nbsp;&nbsp;&nbsp;&nbsp; </span></span><!--[endif]--><span style="font-size: 12.0pt; line-height: 115%; mso-bidi-font-family: Calibri; color: #7030a0;">If you did not intervene, why?</span></p>\r\n<p class="MsoNormal" style="margin-top: 0in; margin-right: 0in; margin-bottom: .0001pt; margin-left: .5in; text-indent: -.25in; mso-list: l5 level2 lfo2;"><!--[if !supportLists]--><span style="font-size: 12.0pt; line-height: 115%; mso-bidi-font-family: Calibri; color: #7030a0;">2.<span style="font-stretch: normal; font-size: 7pt; line-height: normal; font-family: ''Times New Roman'';">&nbsp;&nbsp;&nbsp;&nbsp;&nbsp; </span></span><!--[endif]--><span style="font-size: 12.0pt; line-height: 115%; mso-bidi-font-family: Calibri; color: #7030a0;">Trainee-</span></p>\r\n<p class="MsoNormal" style="margin-top: 0in; margin-right: 0in; margin-bottom: .0001pt; margin-left: .75in; text-indent: -.25in; mso-list: l1 level1 lfo6;"><!--[if !supportLists]--><span style="font-size: 12.0pt; line-height: 115%; mso-bidi-font-family: Calibri; color: #7030a0;">a.<span style="font-stretch: normal; font-size: 7pt; line-height: normal; font-family: ''Times New Roman'';">&nbsp;&nbsp;&nbsp;&nbsp;&nbsp; </span></span><!--[endif]--><span style="font-size: 12.0pt; line-height: 115%; mso-bidi-font-family: Calibri; color: #7030a0;">You gave VAJA23 traffic information about MELU11, but however didn&rsquo;t advise approach kit and BOIL of the VAJA23, why?</span></p>\r\n<p>&nbsp;</p>\r\n<p class="MsoNormal" style="margin-top: 0in; margin-right: 0in; margin-bottom: .0001pt; margin-left: .5in; text-indent: -.25in; mso-list: l5 level2 lfo2;"><!--[if !supportLists]--><span style="font-size: 12.0pt; line-height: 115%; mso-bidi-font-family: Calibri; color: #7030a0;">3.<span style="font-stretch: normal; font-size: 7pt; line-height: normal; font-family: ''Times New Roman'';">&nbsp;&nbsp;&nbsp;&nbsp;&nbsp; </span></span><!--[endif]--><span style="font-size: 12.0pt; line-height: 115%; mso-bidi-font-family: Calibri; color: #7030a0;">Controller report pending.</span></p>', 9, '2016-07-19 12:07:47', NULL, NULL),
(5, 'FINDINGS:', '<p class="MsoNormal" style="margin-bottom: .0001pt;"><strong><span style="font-size: 12.0pt; line-height: 115%; mso-bidi-font-family: Calibri;">Conclusion</span></strong></p>\r\n<p class="MsoNormal" style="margin-top: 0in; margin-right: 0in; margin-bottom: .0001pt; margin-left: .25in; text-indent: -.25in; mso-list: l3 level1 lfo1;"><!--[if !supportLists]--><span style="font-size: 12.0pt; line-height: 115%; mso-bidi-font-family: Calibri;">1.<span style="font-stretch: normal; font-size: 7pt; line-height: normal; font-family: ''Times New Roman'';">&nbsp;&nbsp;&nbsp;&nbsp;&nbsp; </span></span><!--[endif]--><span style="font-size: 12.0pt; line-height: 115%; mso-bidi-font-family: Calibri;">Report of traffic crossing the path of MELU11 could not be verified because;-</span></p>\r\n<p class="MsoNormal" style="margin-top: 0in; margin-right: 0in; margin-bottom: .0001pt; margin-left: 31.5pt; text-indent: -13.5pt; mso-list: l2 level1 lfo2;"><!--[if !supportLists]--><span style="font-size: 12.0pt; line-height: 115%; mso-bidi-font-family: Calibri;">a.<span style="font-stretch: normal; font-size: 7pt; line-height: normal; font-family: ''Times New Roman'';">&nbsp;&nbsp; </span></span><!--[endif]--><span style="font-size: 12.0pt; line-height: 115%; mso-bidi-font-family: Calibri;">Known crossing traffic VAJA23 reported crossing Centerline FDDON1 at 17 miles as per OAZGYFJYU instruction approximately 2 minutes after MELU11 at 15 miles inbound to Entebbe reported sighting traffic at her 2-3 o&rsquo;clock position. </span></p>\r\n<p class="MsoNormal" style="margin-top: 0in; margin-right: 0in; margin-bottom: .0001pt; margin-left: 31.5pt; text-indent: -13.5pt; mso-list: l2 level1 lfo2;"><!--[if !supportLists]--><span style="font-size: 12.0pt; line-height: 115%; mso-bidi-font-family: Calibri;">b.<span style="font-stretch: normal; font-size: 7pt; line-height: normal; font-family: ''Times New Roman'';">&nbsp;&nbsp; </span></span><!--[endif]--><span style="font-size: 12.0pt; line-height: 115%; mso-bidi-font-family: Calibri;">Known traffic within the area of operation of MELU11 was not transponding and therefore not visible to both OAZGYFJYU and MELU11.</span></p>\r\n<p class="MsoNormal" style="margin-top: 0in; margin-right: 0in; margin-bottom: .0001pt; margin-left: .25in; text-indent: -.25in; mso-list: l3 level1 lfo1;"><!--[if !supportLists]--><span style="font-size: 12.0pt; line-height: 115%; mso-bidi-font-family: Calibri;">2.<span style="font-stretch: normal; font-size: 7pt; line-height: normal; font-family: ''Times New Roman'';">&nbsp;&nbsp;&nbsp;&nbsp;&nbsp; </span></span><!--[endif]--><span style="font-size: 12.0pt; line-height: 115%; mso-bidi-font-family: Calibri;">There was a frequency separation resulting from;- </span></p>\r\n<ol style="margin-top: 0in;" type="a" start="1">\r\n<li class="MsoNormal" style="margin-bottom: .0001pt; mso-list: l0 level1 lfo3;"><span style="font-size: 12.0pt; line-height: 115%; mso-bidi-font-family: Calibri;">VAJA23 within the TMA making initial contact with BANK on 128.5 MHZ instead of Approach kit on 126.6 MHZ</span></li>\r\n<li class="MsoNormal" style="margin-bottom: .0001pt; mso-list: l0 level1 lfo3;"><span style="font-size: 12.0pt; line-height: 115%; mso-bidi-font-family: Calibri;">Approach kit retaining MELU11 when delegating other traffic to approach procedure on BANK frequency.&nbsp; </span></li>\r\n</ol>\r\n<p class="MsoNormal" style="margin-top: 0in; margin-right: 0in; margin-bottom: .0001pt; margin-left: .25in; text-indent: -.25in; mso-list: l3 level1 lfo1;"><!--[if !supportLists]--><span style="font-size: 12.0pt; line-height: 115%; mso-bidi-font-family: Calibri;">3.<span style="font-stretch: normal; font-size: 7pt; line-height: normal; font-family: ''Times New Roman'';">&nbsp;&nbsp;&nbsp;&nbsp;&nbsp; </span></span><!--[endif]--><span style="font-size: 12.0pt; line-height: 115%; mso-bidi-font-family: Calibri;">There was non &ndash; adherence to OAZGYFJYU procedures</span></p>\r\n<ol style="margin-top: 0in;" type="a" start="1">\r\n<li class="MsoNormal" style="margin-bottom: .0001pt; mso-list: l1 level1 lfo4;"><span style="font-size: 12.0pt; line-height: 115%; mso-bidi-font-family: Calibri;">Approach kit did not give traffic information to MELU11 because she was not aware of the traffic.</span></li>\r\n<li class="MsoNormal" style="margin-bottom: .0001pt; mso-list: l1 level1 lfo4;"><span style="font-size: 12.0pt; line-height: 115%; mso-bidi-font-family: Calibri;">BANK/APC gave traffic information to VAJA23 but however did not advise Approach kit of VAJA23 possible traffic to MELU11.</span></li>\r\n</ol>\r\n<p class="MsoNormal" style="margin-top: 0in; margin-right: 0in; margin-bottom: .0001pt; margin-left: .25in; text-indent: -.25in; mso-list: l3 level1 lfo1;"><!--[if !supportLists]--><span style="font-size: 12.0pt; line-height: 115%; mso-bidi-font-family: Calibri;">4.<span style="font-stretch: normal; font-size: 7pt; line-height: normal; font-family: ''Times New Roman'';">&nbsp;&nbsp;&nbsp;&nbsp;&nbsp; </span></span><!--[endif]--><span style="font-size: 12.0pt; line-height: 115%; mso-bidi-font-family: Calibri;">Continued competence of the duty S/KCOO11s to execute their duties could not be assured and/or ascertained due to non- compliance with the requirements for conduct of OAZGYFJYU Operation checks.</span></p>\r\n<p class="MsoNormal" style="margin-top: 0in; margin-right: 0in; margin-bottom: .0001pt; margin-left: .25in; text-indent: -.25in; mso-list: l3 level1 lfo1;"><!--[if !supportLists]--><span style="font-size: 12.0pt; line-height: 115%; mso-bidi-font-family: Calibri;">5.<span style="font-stretch: normal; font-size: 7pt; line-height: normal; font-family: ''Times New Roman'';">&nbsp;&nbsp;&nbsp;&nbsp;&nbsp; </span></span><!--[endif]--><span style="font-size: 12.0pt; line-height: 115%; mso-bidi-font-family: Calibri;">The ability of the BANK KCOO11 to supervise the approach procedure control trainee could not be ascertained/ assured due to lack of records of approach procedure control OAZGYFJYU Operation check undertaken within the at least the last six month.</span></p>\r\n<p class="MsoNormal" style="margin-top: 0in; margin-right: 0in; margin-bottom: .0001pt; margin-left: .25in; text-indent: -.25in; mso-list: l3 level1 lfo1;"><!--[if !supportLists]--><span style="font-size: 12.0pt; line-height: 115%; mso-bidi-font-family: Calibri;">6.<span style="font-stretch: normal; font-size: 7pt; line-height: normal; font-family: ''Times New Roman'';">&nbsp;&nbsp;&nbsp;&nbsp;&nbsp; </span></span><!--[endif]--><span style="font-size: 12.0pt; line-height: 115%; mso-bidi-font-family: Calibri;">There was use of repeated use of local language for inter unit coordination.</span></p>\r\n<p>&nbsp;</p>\r\n<p class="MsoNormal" style="margin-top: 0in; margin-right: 0in; margin-bottom: .0001pt; margin-left: .25in; text-indent: -.25in; mso-list: l3 level1 lfo1;"><!--[if !supportLists]--><span style="font-size: 12.0pt; line-height: 115%; mso-bidi-font-family: Calibri;">7.<span style="font-stretch: normal; font-size: 7pt; line-height: normal; font-family: ''Times New Roman'';">&nbsp;&nbsp;&nbsp;&nbsp;&nbsp; </span></span><!--[endif]--><span style="font-size: 12.0pt; line-height: 115%; mso-bidi-font-family: Calibri;">The duty BANK KCOO11 was due for his annual leave at the time of the occurrence.</span></p>', 9, '2016-07-19 12:10:38', NULL, NULL),
(6, 'Recommendation', '<p class="MsoNormal" style="margin-bottom: .0001pt;">&nbsp;</p>\r\n<p class="MsoNormal" style="margin-top: 0in; margin-right: 0in; margin-bottom: .0001pt; margin-left: .25in; text-indent: -.25in; mso-list: l0 level1 lfo1;"><!--[if !supportLists]--><span style="font-size: 12.0pt; line-height: 115%; mso-bidi-font-family: Calibri;">1.<span style="font-stretch: normal; font-size: 7pt; line-height: normal; font-family: ''Times New Roman'';">&nbsp;&nbsp;&nbsp;&nbsp;&nbsp; </span></span><!--[endif]--><span style="font-size: 12.0pt; line-height: 115%; mso-bidi-font-family: Calibri;">Conduct a debrief with the BANK/APP and Approach kit duty officers about frequency separation and the OAZGYFJYU procedures highlighted in this report</span></p>\r\n<p class="MsoNormal" style="margin-top: 0in; margin-right: 0in; margin-bottom: .0001pt; margin-left: .25in; text-indent: -.25in; mso-list: l0 level1 lfo1;"><!--[if !supportLists]--><span style="font-size: 12.0pt; line-height: 115%; mso-bidi-font-family: Calibri;">2.<span style="font-stretch: normal; font-size: 7pt; line-height: normal; font-family: ''Times New Roman'';">&nbsp;&nbsp;&nbsp;&nbsp;&nbsp; </span></span><!--[endif]--><span style="font-size: 12.0pt; line-height: 115%; mso-bidi-font-family: Calibri;">Notify the operators of MELU11 of the findings.</span></p>\r\n<p class="MsoNormal" style="margin-top: 0in; margin-right: 0in; margin-bottom: .0001pt; margin-left: .25in; text-indent: -.25in; mso-list: l0 level1 lfo1;"><!--[if !supportLists]--><span style="font-size: 12.0pt; line-height: 115%; mso-bidi-font-family: Calibri;">3.<span style="font-stretch: normal; font-size: 7pt; line-height: normal; font-family: ''Times New Roman'';">&nbsp;&nbsp;&nbsp;&nbsp;&nbsp; </span></span><!--[endif]--><span style="font-size: 12.0pt; line-height: 115%; mso-bidi-font-family: Calibri;">Notify the operator of VAJA23 of the occurrence for appropriate action to prevent re-occurrence. </span></p>\r\n<p class="MsoNormal" style="margin-top: 0in; margin-right: 0in; margin-bottom: .0001pt; margin-left: .25in; text-indent: -.25in; mso-list: l0 level1 lfo1;"><!--[if !supportLists]--><span style="font-size: 12.0pt; line-height: 115%; mso-bidi-font-family: Calibri;">4.<span style="font-stretch: normal; font-size: 7pt; line-height: normal; font-family: ''Times New Roman'';">&nbsp;&nbsp;&nbsp;&nbsp;&nbsp; </span></span><!--[endif]--><span style="font-size: 12.0pt; line-height: 115%; mso-bidi-font-family: Calibri;">O&rsquo;CANS should adhere to the requirements for OAZGYFJYU Operation checks for all controllers.</span></p>\r\n<p>&nbsp;</p>\r\n<p class="MsoNormal" style="margin-top: 0in; margin-right: 0in; margin-bottom: .0001pt; margin-left: .25in; text-indent: -.25in; mso-list: l0 level1 lfo1;"><!--[if !supportLists]--><span style="font-size: 12.0pt; line-height: 115%; mso-bidi-font-family: Calibri;">5.<span style="font-stretch: normal; font-size: 7pt; line-height: normal; font-family: ''Times New Roman'';">&nbsp;&nbsp;&nbsp;&nbsp;&nbsp; </span></span><!--[endif]--><span style="font-size: 12.0pt; line-height: 115%; mso-bidi-font-family: Calibri;">Ensure approach procedure control trainees are supervised/ monitored by qualified KCOO11s who have undergone appropriate OAZGYFJYU Operation checks.</span></p>', 9, '2016-07-19 12:11:14', NULL, NULL),
(7, 'Sample Field', '<p>Description</p>', 10, '2016-07-26 15:35:45', NULL, NULL),
(8, 'recommendations', '<p>debrief</p>', 2, '2016-08-24 13:02:37', NULL, NULL),
(9, 'fbfd', '<p>dbdfd</p>', 2, '2016-08-24 13:02:44', NULL, NULL);
INSERT INTO `investigation_report_fields` (`id`, `name`, `description`, `report_id`, `date`, `current_user`, `current_user_id`) VALUES
(10, 'factual information', '<p>1.thhjb;</p>\r\n<p>2.hjdsuijnd</p>\r\n<p>3.dslkj;lkd</p>\r\n<p>4;olvfie</p>', 12, '2016-08-25 13:13:02', NULL, NULL),
(11, 'analysis', '<p>1.gfdbfdsgfds</p>\r\n<p>2.fggfngfgfdnngfd</p>\r\n<p>3.gfbgfggfdn</p>', 12, '2016-08-25 13:13:28', NULL, NULL),
(12, 'fact', '<p>fdbsgfbsthg</p>\r\n<p>gndtfhgf</p>', 13, '2016-08-25 13:18:24', NULL, NULL),
(13, 'dsfvdsgf', '<p>fdsgdsgdsgfdsfg</p>', 13, '2016-08-25 13:18:34', NULL, NULL),
(14, 'rec', '<p>dfgsgf</p>', 13, '2016-08-25 13:18:41', NULL, NULL),
(15, 'cause', '<p>fdghrhgf</p>', 13, '2016-08-25 13:18:46', NULL, NULL),
(16, 'rec', '<p>fdgsfdhgfdr</p>', 13, '2016-08-25 13:18:54', NULL, NULL),
(17, 'Some info', '<p>Some information here</p>', 11, '2016-10-08 03:42:18', NULL, NULL),
(18, 'OVERVIEW', '<p>OVERVIEW</p>\r\n<p>&nbsp;</p>', 18, '2016-10-25 12:50:11', NULL, NULL),
(19, 'SECTION TITLE', '<p>SECTION CONTENT GOES HERE.</p>', 20, '2016-12-29 08:25:53', NULL, NULL),
(20, 'SECTION TITLE', '<p>DETAILS OF SECTION GO HERE.</p>', 21, '2016-12-29 15:31:55', NULL, NULL);

-- --------------------------------------------------------

--
-- Table structure for table `investigators`
--

CREATE TABLE IF NOT EXISTS `investigators` (
  `id` int(11) NOT NULL AUTO_INCREMENT,
  `name` varchar(256) NOT NULL,
  `modified` timestamp NOT NULL DEFAULT CURRENT_TIMESTAMP ON UPDATE CURRENT_TIMESTAMP,
  `status` tinyint(4) NOT NULL DEFAULT '1',
  `incident_id` int(11) DEFAULT NULL,
  `reported_by` varchar(32) NOT NULL,
  `current_user` int(11) DEFAULT NULL,
  `current_user_id` int(11) DEFAULT NULL,
  PRIMARY KEY (`id`),
  KEY `incident_id` (`incident_id`)
) ENGINE=InnoDB  DEFAULT CHARSET=latin1 AUTO_INCREMENT=51 ;

--
-- Dumping data for table `investigators`
--

INSERT INTO `investigators` (`id`, `name`, `modified`, `status`, `incident_id`, `reported_by`, `current_user`, `current_user_id`) VALUES
(1, '7', '2016-02-21 10:07:13', 1, 11, '', NULL, NULL),
(2, '7', '2016-02-21 10:07:19', 1, 11, '', NULL, NULL),
(3, 'Bwire Samuel', '2015-07-25 12:10:19', 1, 10, '', NULL, NULL),
(4, 'Bwire Samuel', '2015-07-25 17:38:36', 1, 1, '', NULL, NULL),
(5, 'Bwire Samuel', '2015-07-25 18:00:31', 1, 3, '', NULL, NULL),
(6, 'Bwire Samuel', '2015-07-25 18:00:47', 1, 4, '', NULL, NULL),
(7, 'Kenyangi Joy', '2015-07-25 18:01:05', 1, 5, '', NULL, NULL),
(8, 'Bwire Samuel', '2015-07-25 18:01:24', 1, 6, '', NULL, NULL),
(9, 'Bwire Samuel', '2015-07-25 18:01:49', 1, 7, '', NULL, NULL),
(10, 'Bwire Samuel', '2015-07-25 18:02:07', 1, 8, '', NULL, NULL),
(11, 'Bwire Samuel', '2015-07-25 18:02:20', 1, 9, '', NULL, NULL),
(12, 'Kenyangi Joy', '2015-07-25 18:02:34', 1, 10, '', NULL, NULL),
(13, 'Henry', '2015-07-27 14:41:15', 1, 13, '', NULL, NULL),
(14, 'Bwire Samuel', '2015-08-09 13:37:19', 1, 23, '', NULL, NULL),
(15, 'Bwire Samuel', '2015-08-10 15:10:04', 1, 39, 'admin', NULL, NULL),
(16, 'Bwire Samuel', '2015-08-11 06:45:15', 1, 37, 'admin', NULL, NULL),
(17, 'Bwire Samuel', '2015-08-11 16:26:36', 1, 46, 'admin', NULL, NULL),
(18, 'Bwire Samuel', '2015-11-03 07:16:15', 1, 77, 'admin', NULL, NULL),
(19, 'Bwire Samuel', '2015-11-08 13:21:16', 1, 40, 'admin', NULL, NULL),
(20, 'Bwire Samuel', '2015-11-08 13:21:54', 1, 40, 'admin', NULL, NULL),
(21, 'OC-ANS', '2016-01-20 08:44:37', 1, 98, 'admin', NULL, NULL),
(22, '3', '2016-01-26 12:50:33', 1, 98, 'admin', NULL, NULL),
(23, '5', '2016-01-26 12:58:32', 1, 98, 'admin', NULL, NULL),
(24, '2', '2016-01-26 13:06:52', 1, 98, 'admin', NULL, NULL),
(25, '2', '2016-01-26 13:07:32', 1, 98, 'admin', NULL, NULL),
(26, '6', '2016-01-29 17:59:26', 1, 37, 'admin', NULL, NULL),
(27, '6', '2016-01-29 18:00:47', 1, 37, 'admin', NULL, NULL),
(28, '6', '2016-01-29 18:01:27', 1, 37, 'admin', NULL, NULL),
(29, '6', '2016-01-29 18:02:13', 1, 37, 'admin', NULL, NULL),
(30, '6', '2016-01-30 06:58:11', 1, 15, 'admin', NULL, NULL),
(31, '1', '2016-02-09 07:30:38', 1, 83, 'Samuel.B', NULL, NULL),
(32, '5', '2016-02-09 07:41:36', 1, 86, 'admin', NULL, NULL),
(33, '7', '2016-02-21 11:06:15', 1, 108, 'admin', NULL, NULL),
(34, '5', '2016-04-11 14:27:51', 1, 107, 'Samuel.B', NULL, NULL),
(35, '5', '2016-06-25 05:36:18', 1, 126, 'bwire', NULL, NULL),
(36, '1', '2016-08-03 08:34:19', 1, 215, 'admin', NULL, NULL),
(37, '1', '2016-08-23 10:53:50', 1, 185, 'admin', NULL, NULL),
(38, '6', '2016-08-23 11:52:50', 1, 228, 'admin', NULL, NULL),
(39, '12', '2016-08-23 11:54:41', 1, 229, 'admin', NULL, NULL),
(40, '6', '2016-08-23 11:58:41', 1, 218, 'admin', NULL, NULL),
(41, '6', '2016-08-23 11:58:48', 1, 218, 'admin', NULL, NULL),
(42, '6', '2016-08-23 11:59:34', 1, 221, 'admin', NULL, NULL),
(43, '12', '2016-08-23 12:08:48', 1, 230, 'admin', NULL, NULL),
(44, '1', '2016-08-25 12:23:45', 1, 225, 'wabomba', NULL, NULL),
(45, '12', '2016-08-30 09:20:37', 1, 231, 'rogers', NULL, NULL),
(46, '3', '2016-10-16 12:40:05', 1, 227, 'admin', NULL, NULL),
(47, '3', '2016-10-16 12:47:11', 1, 106, 'admin', NULL, NULL),
(48, '3', '2016-10-16 13:05:06', 1, 106, 'admin', NULL, NULL),
(49, '2', '2016-10-16 21:18:14', 1, 105, 'admin', NULL, NULL),
(50, '4', '2016-10-25 09:37:15', 1, 227, 'admin', NULL, NULL);

-- --------------------------------------------------------

--
-- Table structure for table `kpis`
--

CREATE TABLE IF NOT EXISTS `kpis` (
  `id` int(11) NOT NULL AUTO_INCREMENT,
  `name` varchar(256) NOT NULL,
  `target` int(11) DEFAULT '0',
  PRIMARY KEY (`id`)
) ENGINE=InnoDB  DEFAULT CHARSET=latin1 AUTO_INCREMENT=5 ;

--
-- Dumping data for table `kpis`
--

INSERT INTO `kpis` (`id`, `name`, `target`) VALUES
(1, 'Total # of Occurrences Reported', 30),
(2, 'Average # of Days to Close Occurrences', 10),
(3, 'Average # of Occurrences Reported Per Month', 89),
(4, 'Average # of Days to Resolve Safety Requirements', 7);

-- --------------------------------------------------------

--
-- Table structure for table `lessons_learnt`
--

CREATE TABLE IF NOT EXISTS `lessons_learnt` (
  `id` int(11) NOT NULL AUTO_INCREMENT,
  `send_to_individual` varchar(256) NOT NULL,
  `source_type` varchar(128) NOT NULL,
  `source_detail` varchar(256) NOT NULL,
  `safety_concern` varchar(256) NOT NULL,
  `Divission` varchar(20) NOT NULL,
  `date_reported` timestamp NOT NULL DEFAULT CURRENT_TIMESTAMP,
  `category` varchar(20) NOT NULL,
  `issue_title` varchar(20) NOT NULL,
  `Description` text,
  `content_type` tinyint(4) DEFAULT NULL,
  `content_id` int(11) DEFAULT NULL,
  `status` tinyint(4) NOT NULL DEFAULT '1',
  `sent_to` varchar(128) NOT NULL,
  `cost` int(11) DEFAULT '0',
  `sub_category` varchar(256) NOT NULL,
  `current_user` int(11) DEFAULT NULL,
  `current_user_id` int(11) DEFAULT NULL,
  PRIMARY KEY (`id`),
  KEY `content_type` (`content_type`),
  KEY `content_id` (`content_id`)
) ENGINE=MyISAM  DEFAULT CHARSET=latin1 AUTO_INCREMENT=24 ;

--
-- Dumping data for table `lessons_learnt`
--

INSERT INTO `lessons_learnt` (`id`, `send_to_individual`, `source_type`, `source_detail`, `safety_concern`, `Divission`, `date_reported`, `category`, `issue_title`, `Description`, `content_type`, `content_id`, `status`, `sent_to`, `cost`, `sub_category`, `current_user`, `current_user_id`) VALUES
(1, '', '', '', '', 'SMS', '2015-11-03 08:36:01', 'Security', 'Lossing Passwords', 'Employees keep lossing theire passwords and lesson is that we keep our respective passwords secure.', NULL, NULL, 1, '', 0, '', NULL, NULL),
(2, '', '', '', '', 'Safety', '2015-12-16 07:40:25', 'Sms', 'Delayed delivery', 'There was a delay in delivery due to improper organization of documents', NULL, NULL, 1, '', 0, '', NULL, NULL),
(3, '', '', '', '', 'DIVISION', '2016-06-18 19:50:21', 'CATEGORY', 'ISSUE TITLE', 'DESCRIPTION', 1, 89, 1, '', 0, '', NULL, NULL),
(4, '', '', '', '', 'DIVISION', '2016-06-18 20:11:27', 'CATEGORY', 'ISSUE TITLE', 'DESCRIPTION', 2, 1, 1, '', 0, '', NULL, NULL),
(5, '', '', '', '', 'DIVISION', '2016-06-18 20:20:35', 'CATEGORY', 'ISSUE TITLE', 'DESCRIPTION', 1, 1, 1, '', 0, '', NULL, NULL),
(6, '', '', '', '', 'DIVISION', '2016-06-18 20:21:25', 'CATEGORY', 'ISSUE TITLE', 'DESCRIPTION', 3, 1, 1, '', 0, '', NULL, NULL),
(7, '', '', '', '', 'DIVISION', '2016-06-18 20:21:55', 'CATEGORY', 'ISSUE TITLE', 'DESCRIPTION', 3, 1, 1, '', 0, '', NULL, NULL),
(8, '', '', '', '', 'DIVISION', '2016-06-18 20:32:36', 'CATEGORY', 'ISSUE TITLE', 'DESCRIPTION', 4, 1, 1, '', 0, '', NULL, NULL),
(9, '', '', '', '', 'DIVISION', '2016-06-21 05:57:09', 'CATEGORY', 'ISSUE TITLE', 'DESCRIPTION', 5, 2, 1, '', 0, '', NULL, NULL),
(10, '', '', '', '', 'DIVISION', '2016-06-24 09:19:51', 'CATEGORY', 'ISSUE TITLE', 'DESCRIPTION GOES HERE', 5, 1, 1, '', 0, '', NULL, NULL),
(11, '', '', '', '', 'DIVISION', '2016-06-25 00:02:57', 'CATEGORY', 'ISSUE TITLE', 'DESCRIPTION', 1, NULL, 1, '', 0, '', NULL, NULL),
(12, '', '', '', '', 'DIVISION', '2016-06-25 00:40:34', 'CATEGORY', 'ISSUE TITLE', 'DESCRIPTION', NULL, NULL, 1, 'IT', 0, '', NULL, NULL),
(13, '', '', '', '', 'DIVISION', '2016-06-25 00:41:21', 'CATEGORY', 'ISSUE TITLE', 'DESCRIPTION', NULL, NULL, 1, 'SMS', 0, '', NULL, NULL),
(14, '', '', '', '', 'DIVISION', '2016-06-25 00:41:47', 'CATEGORY', 'ISSUE TITLE', 'DESCRIPTION', NULL, NULL, 1, 'SMS', 0, '', NULL, NULL),
(15, '', '', '', '', 'DIVISION', '2016-06-25 00:42:47', 'CATEGORY', 'ISSUE TITLE', 'DESCRIPTION', NULL, NULL, 1, 'NONE', 0, '', NULL, NULL),
(16, '', '', '', '', 'SMS', '2016-06-25 07:25:55', 'Aviation', 'Power Installations', 'Power Installations', 1, 122, 1, 'SMS', 0, '', NULL, NULL),
(17, '', '', '', '', 'Airports', '2016-06-25 07:36:31', 'hazard', 'runway incursion', 'A truck from the garage should only be allowed on the manoeuvring area after inspection', 1, 11, 1, 'SMS', 0, '', NULL, NULL),
(18, '', '', '', '', '', '2016-07-11 11:14:22', '', 'ISSUE TITLE', 'LESSON LEARNT', 3, 4, 1, '1', 0, '', NULL, NULL),
(19, '', '', '', '', '', '2016-08-24 08:55:44', 'Hazard', 'BIRD HAZARD', 'ALWAYS CHECK THE RUNWAY BEFORE THE DEPARTURE AND ARRIVAL OF AIRCRAFT AND CAUTION PILOTS ON OBSERVED BIRD ACTIVITY IN THE VICINITY OF THE AERODROME', 1, 225, 1, '1', 0, 'BIRD HAZARD', NULL, NULL),
(20, '', '', '', '', 'DIVISION', '2016-10-25 07:30:29', 'CATEGORY', '', '<p>LESSON LEARNT</p>', NULL, NULL, 1, '1', 7000000, 'SUB CATEGORY', NULL, NULL),
(21, 'twesigyeronaldkarakire, bwire@programmer.net, lnamutebi@caa.co.ug, dmatovu@caa.co.ug, rwanzunula@gmail.com', 'Monthly Workshop', 'SOURCE DETAIL', 'SAFETY CONCERNT', 'DIVISION', '2016-10-25 07:37:17', 'CATEGORY', '', '<p>LESSON LEARNT</p>', NULL, NULL, 1, '1', 7000000, 'SUB CATEGORY', NULL, NULL),
(22, 'twesigyeronaldkarakire, bwire@programmer.net, lnamutebi@caa.co.ug, dmatovu@caa.co.ug, rwanzunula@gmail.com', 'Senior Staff Meeting', 'SOURCE DETAIL', 'SAFETY CONCERNT', 'DIVISION', '2016-10-25 08:02:03', 'CATEGORY', '', '<p>LESSON LEARNT</p>', NULL, NULL, 1, '1', 7000000, 'SUB CATEGORY', NULL, NULL),
(23, 'twesigyeronaldkarakire, bwire@programmer.net, lnamutebi@caa.co.ug, dmatovu@caa.co.ug, rwanzunula@gmail.com', 'Monthly Workshop', 'SOURCE DETAIL', 'SAFETY CONCERN', 'DIVISION', '2016-10-25 08:07:47', 'CATEGORY', '', '<p>LESSON LEARNT</p>', NULL, NULL, 1, '1', 90000, 'SUB CATEGORY', NULL, NULL);

-- --------------------------------------------------------

--
-- Table structure for table `lessons_learnt_categories`
--

CREATE TABLE IF NOT EXISTS `lessons_learnt_categories` (
  `id` int(11) NOT NULL AUTO_INCREMENT,
  `name` varchar(128) NOT NULL,
  `status` tinyint(4) NOT NULL DEFAULT '1',
  PRIMARY KEY (`id`)
) ENGINE=InnoDB DEFAULT CHARSET=latin1 AUTO_INCREMENT=1 ;

-- --------------------------------------------------------

--
-- Table structure for table `lessons_learnt_content_types`
--

CREATE TABLE IF NOT EXISTS `lessons_learnt_content_types` (
  `id` int(11) NOT NULL AUTO_INCREMENT,
  `name` varchar(128) NOT NULL,
  `current_user` int(11) DEFAULT NULL,
  `current_user_id` int(11) DEFAULT NULL,
  PRIMARY KEY (`id`),
  UNIQUE KEY `id_2` (`id`),
  KEY `id` (`id`)
) ENGINE=InnoDB  DEFAULT CHARSET=latin1 AUTO_INCREMENT=6 ;

--
-- Dumping data for table `lessons_learnt_content_types`
--

INSERT INTO `lessons_learnt_content_types` (`id`, `name`, `current_user`, `current_user_id`) VALUES
(1, 'Incident', NULL, NULL),
(2, 'Workshop', NULL, NULL),
(3, 'Task', NULL, NULL),
(4, 'Risk Management', NULL, NULL),
(5, 'Safety Audits', NULL, NULL);

-- --------------------------------------------------------

--
-- Table structure for table `likelihoods`
--

CREATE TABLE IF NOT EXISTS `likelihoods` (
  `id` int(11) NOT NULL AUTO_INCREMENT,
  `name` varchar(256) NOT NULL,
  `rationale` text,
  `current_user` int(11) DEFAULT NULL,
  `current_user_id` int(11) DEFAULT NULL,
  PRIMARY KEY (`id`)
) ENGINE=InnoDB  DEFAULT CHARSET=latin1 AUTO_INCREMENT=6 ;

--
-- Dumping data for table `likelihoods`
--

INSERT INTO `likelihoods` (`id`, `name`, `rationale`, `current_user`, `current_user_id`) VALUES
(1, 'Extremely improbable', 'Almost inconceivable that the event will occur', NULL, NULL),
(2, 'Improbable', 'Very unlikely to occur (not known to have occurred)', NULL, NULL),
(3, 'Remote', 'Unlikely to occur but possible (has occurred rarely)', NULL, NULL),
(4, 'Occasional', 'Likely to occur sometimes (has occurred infrequently)', NULL, NULL),
(5, 'Frequent', 'Likely to occur many times (has occurred frequently)', NULL, NULL);

-- --------------------------------------------------------

--
-- Table structure for table `monitoring_activities`
--

CREATE TABLE IF NOT EXISTS `monitoring_activities` (
  `id` int(11) NOT NULL AUTO_INCREMENT,
  `monitoring_activity` varchar(256) NOT NULL,
  `frequency` varchar(128) NOT NULL,
  `duration` varchar(128) NOT NULL,
  `substitute_risk` varchar(256) NOT NULL,
  `modified` timestamp NOT NULL DEFAULT CURRENT_TIMESTAMP ON UPDATE CURRENT_TIMESTAMP,
  `status` tinyint(4) NOT NULL DEFAULT '1',
  `incident_id` int(11) DEFAULT NULL,
  `reported_by` varchar(32) NOT NULL,
  `current_user` int(11) DEFAULT NULL,
  `current_user_id` int(11) DEFAULT NULL,
  PRIMARY KEY (`id`),
  KEY `incident_id` (`incident_id`)
) ENGINE=InnoDB  DEFAULT CHARSET=latin1 AUTO_INCREMENT=16 ;

--
-- Dumping data for table `monitoring_activities`
--

INSERT INTO `monitoring_activities` (`id`, `monitoring_activity`, `frequency`, `duration`, `substitute_risk`, `modified`, `status`, `incident_id`, `reported_by`, `current_user`, `current_user_id`) VALUES
(1, 'Checking unserviceability logs at ACC and CNS ', 'Daily', '', '', '2015-08-04 13:21:23', 1, 14, '', NULL, NULL),
(2, 'Checking unserviceability logs at ACC and CNS', 'Daily', '', '', '2015-08-10 15:05:27', 1, 39, 'admin', NULL, NULL),
(3, '3. Controller Proficiency checks\r\n', 'Atleast twice a year\r\n', '1. Until Perimeter road is usable by heavy Vehicles \r\n2. For  as long as operations are ongoing\r\n', 'Nil\r\n', '2015-10-11 12:13:20', 1, 12, 'admin', NULL, NULL),
(4, 'Sed ut perspiciatis unde omnis iste natus', 'Daily', '2 weeks', '', '2015-11-03 07:06:00', 1, 77, 'admin', NULL, NULL),
(5, 'Quis autem vel eum iure reprehenderit', 'Daily', '2 weeks', '', '2015-11-03 07:16:03', 1, 77, 'admin', NULL, NULL),
(6, 'periodic telephone calls', '6 hourly', '2 weeks', 'oversleeping', '2016-02-09 07:33:57', 1, 83, 'Samuel.B', NULL, NULL),
(7, 'At vero eos et accusamus et iusto odio', 'Daily', '', '', '2016-02-09 07:42:51', 1, 86, 'admin', NULL, NULL),
(8, 'Quis autem vel eum iure reprehenderit', 'Daily', '', '', '2016-02-09 07:43:52', 1, 86, 'admin', NULL, NULL),
(9, 'Licensed power personnel to conduct fre3quent monitoring', 'every 2 days', '2 months', 'death or harm', '2016-06-25 05:38:35', 1, 126, 'bwire', NULL, NULL),
(10, 'REview log entries and pilot reports', 'daily', 'for one year', 'nil', '2016-08-03 08:35:41', 1, 215, 'admin', NULL, NULL),
(11, 'REview log entries and pilot reports', 'daily', 'for one year', 'nil', '2016-08-03 08:35:59', 1, 215, 'admin', NULL, NULL),
(12, 'REview log entries and pilot reports', 'daily', 'for one year', 'nil', '2016-08-03 08:36:02', 1, 215, 'admin', NULL, NULL),
(13, 'review station to confirm adherence', 'daily', 'continuous', 'nil', '2016-08-23 10:56:17', 1, 185, 'admin', NULL, NULL),
(14, 'Check Tower logs', 'Daily', 'Till Resolved', 'Nil', '2016-08-23 11:15:21', 1, 222, 'admin', NULL, NULL),
(15, 'Quality of gps signal', 'every day', '2 months', 'none', '2016-10-10 09:45:46', 1, 224, 'admin', NULL, NULL);

-- --------------------------------------------------------

--
-- Table structure for table `monitoring_performance`
--

CREATE TABLE IF NOT EXISTS `monitoring_performance` (
  `id` int(11) NOT NULL AUTO_INCREMENT,
  `incident_id` int(11) DEFAULT NULL,
  `cause_id` int(11) DEFAULT NULL,
  `consequence_id` int(11) DEFAULT NULL,
  `reoccurring` tinyint(4) NOT NULL DEFAULT '0',
  `date` date NOT NULL,
  PRIMARY KEY (`id`),
  KEY `incident_id` (`incident_id`),
  KEY `cause_id` (`cause_id`),
  KEY `consequence_id` (`consequence_id`)
) ENGINE=InnoDB  DEFAULT CHARSET=latin1 AUTO_INCREMENT=34 ;

--
-- Dumping data for table `monitoring_performance`
--

INSERT INTO `monitoring_performance` (`id`, `incident_id`, `cause_id`, `consequence_id`, `reoccurring`, `date`) VALUES
(24, 65, NULL, 1, 1, '2016-12-01'),
(25, 65, 2, NULL, 1, '2016-12-01'),
(26, 67, 2, NULL, 0, '0000-00-00'),
(27, 67, NULL, 1, 0, '0000-00-00'),
(28, 67, 3, NULL, 0, '0000-00-00'),
(29, 67, 2, NULL, 0, '0000-00-00'),
(30, 67, NULL, 2, 0, '0000-00-00'),
(31, 67, NULL, 1, 0, '0000-00-00'),
(32, 67, NULL, 1, 0, '0000-00-00'),
(33, 67, NULL, 1, 0, '0000-00-00');

-- --------------------------------------------------------

--
-- Table structure for table `nationalities`
--

CREATE TABLE IF NOT EXISTS `nationalities` (
  `id` int(11) NOT NULL AUTO_INCREMENT,
  `name` varchar(256) NOT NULL,
  `status` tinyint(4) NOT NULL DEFAULT '1',
  `current_user` int(11) DEFAULT NULL,
  `current_user_id` int(11) DEFAULT NULL,
  PRIMARY KEY (`id`)
) ENGINE=InnoDB  DEFAULT CHARSET=latin1 AUTO_INCREMENT=3 ;

--
-- Dumping data for table `nationalities`
--

INSERT INTO `nationalities` (`id`, `name`, `status`, `current_user`, `current_user_id`) VALUES
(1, 'UGANDA', 1, NULL, NULL),
(2, 'KENYA', 1, NULL, NULL);

-- --------------------------------------------------------

--
-- Table structure for table `notifications`
--

CREATE TABLE IF NOT EXISTS `notifications` (
  `id` int(11) NOT NULL AUTO_INCREMENT,
  `subject` varchar(256) NOT NULL,
  `description` text,
  `status` varchar(7) NOT NULL DEFAULT 'sent',
  `user` int(11) NOT NULL,
  `user_from` int(11) NOT NULL,
  `type` varchar(7) NOT NULL DEFAULT 'PRIVATE',
  `urgent` int(1) NOT NULL DEFAULT '0',
  `date_created` timestamp NULL DEFAULT CURRENT_TIMESTAMP,
  `target_group` int(11) DEFAULT NULL,
  `current_user` int(11) DEFAULT NULL,
  `current_user_id` int(11) DEFAULT NULL,
  `acknowledge` tinyint(4) NOT NULL DEFAULT '0',
  PRIMARY KEY (`id`),
  KEY `user` (`user`)
) ENGINE=InnoDB  DEFAULT CHARSET=latin1 AUTO_INCREMENT=1804 ;

--
-- Dumping data for table `notifications`
--

INSERT INTO `notifications` (`id`, `subject`, `description`, `status`, `user`, `user_from`, `type`, `urgent`, `date_created`, `target_group`, `current_user`, `current_user_id`, `acknowledge`) VALUES
(1, '', 'Descrption', '', 1, 2, 'PRIVATE', 0, '0000-00-00 00:00:00', NULL, NULL, NULL, 0),
(2, '', 'smsFowarded You a document. Issue No.1', '', 1, 1, 'PRIVATE', 0, '2015-09-06 08:05:32', NULL, NULL, NULL, 0),
(3, '', 'guestFowarded You a document. Issue No.1', 'sent', 3, 4, 'PRIVATE', 0, '2015-09-06 08:06:47', NULL, NULL, NULL, 0),
(4, '', 'Fowarded You a document. Issue No.1', 'sent', 1, 3, 'PRIVATE', 0, '2015-09-24 17:36:57', NULL, NULL, NULL, 0),
(5, '', 'Fowarded You a document. Issue No.1', 'read', 2, 3, 'PRIVATE', 0, '2015-09-24 17:37:40', NULL, NULL, NULL, 0),
(6, '', 'Fowarded You a document. Issue No.1', 'sent', 1, 1, 'PRIVATE', 0, '2015-09-25 03:12:22', NULL, NULL, NULL, 0),
(7, '', 'Fowarded You a document. Issue No.1', 'sent', 1, 1, 'PRIVATE', 0, '2015-09-25 03:14:39', NULL, NULL, NULL, 0),
(8, '', 'Fowarded You a document. Issue No.1', 'read', 2, 2, 'PRIVATE', 0, '2015-09-25 03:15:30', NULL, NULL, NULL, 0),
(9, '', 'adminFowarded You a document. Issue No.1  <a href =''index.php?r=auditForm/print&issue_no=1''>view</a> or <a href =''index.php?r=auditForm/update&id=1''>edit</a>', 'read', 2, 1, 'PRIVATE', 0, '2015-09-26 11:05:51', NULL, NULL, NULL, 0),
(10, '', 'admin Fowarded You a document. Issue No.1  <a href =''index.php?r=auditForm/print&issue_no=''1''>view</a> or <a href =''index.php?r=auditForm/update&id=''1''>edit</a>', 'read', 2, 2, 'PRIVATE', 0, '2015-09-26 12:17:17', NULL, NULL, NULL, 0),
(11, '', 'admin Fowarded You a document. Audit Plan .1  <a href =''index.php?r=auditForm/print&id=''1''>view</a> or <a href =''index.php?r=auditPlan/update&id=''1''>edit</a>', 'read', 2, 1, 'PRIVATE', 0, '2015-09-26 12:38:04', NULL, NULL, NULL, 0),
(12, '', 'xxx', 'read', 2, 1, 'PRIVATE', 0, '2002-02-02 04:00:00', NULL, NULL, NULL, 0),
(13, '', 'Test', 'sent', 6, 2, 'PRIVATE', 0, '2016-01-12 10:41:30', NULL, NULL, NULL, 0),
(14, '', 'Test', 'read', 2, 2, 'PRIVATE', 0, '2016-01-17 11:47:01', NULL, NULL, NULL, 0),
(15, '', 'description', 'sent', 3, 2, 'PRIVATE', 0, '2016-01-17 12:15:35', NULL, NULL, NULL, 0),
(16, '', 'test', 'sent', 3, 2, 'PRIVATE', 0, '2016-01-17 12:16:25', NULL, NULL, NULL, 0),
(17, '', 'test', 'sent', 3, 2, 'GROUP', 0, '2016-01-17 12:18:03', NULL, NULL, NULL, 0),
(18, '', 'test', 'read', 4, 2, 'PRIVATE', 0, '2016-01-17 12:22:11', NULL, NULL, NULL, 0),
(19, '', 'Test', 'read', 2, 2, 'GROUP', 0, '2016-01-17 12:23:35', NULL, NULL, NULL, 0),
(20, 'Test', 'Test', 'read', 2, 2, 'PRIVATE', 0, '2016-01-17 12:51:30', NULL, NULL, NULL, 0),
(21, 'Subject', 'Description', 'read', 2, 2, 'PRIVATE', 0, '2016-01-17 12:52:06', NULL, NULL, NULL, 0),
(22, 'Test Group ', 'Test', 'sent', 3, 2, 'GROUP', 1, '2016-01-18 14:01:30', NULL, NULL, NULL, 0),
(23, 'Make Sure ', 'Assign Issues', 'read', 2, 2, 'GROUP', 1, '2016-01-18 15:35:26', NULL, NULL, NULL, 0),
(24, 'Urgent approval', 'Please work on data sheet loaded.', 'read', 5, 2, 'PRIVATE', 1, '2016-01-20 06:36:23', NULL, NULL, NULL, 0),
(25, 'Group message', 'Test', 'read', 2, 2, 'GROUP', 1, '2016-01-20 09:36:14', NULL, NULL, NULL, 0),
(26, 'Assigned News Icident', 'You have Been Assigned A new Incident #98', 'read', 2, 2, 'PRIVATE', 0, '2016-01-26 13:07:32', NULL, NULL, NULL, 0),
(27, 'Assigned New Icident', 'You have Been Assigned A new Incident #37', 'sent', 6, 2, 'PRIVATE', 0, '2016-01-29 18:02:13', NULL, NULL, NULL, 0),
(28, 'Assigned New Icident', 'You have Been Assigned A new Incident #15', 'sent', 6, 2, 'PRIVATE', 0, '2016-01-30 06:58:11', NULL, NULL, NULL, 0),
(29, 'Fowared Curf', 'Kraiba Semakula Fowarded You a document. Issue No.1  <a href =''index.php?r=auditForm/print&issue_no=1''>view</a> or <a href =''index.php?r=auditForm/update&id=1''>edit</a>', 'sent', 7, 2, 'PRIVATE', 0, '2016-02-09 05:32:48', NULL, NULL, NULL, 0),
(30, 'Fowarded 115', ' form115 #2  <a href =''index.php?r=changeManagement/form115&id=2''>view</a> or <a href =''index.php?r=changeManagement/view&id=2''>edit</a>', 'sent', 7, 2, 'PRIVATE', 0, '2016-02-09 05:53:16', NULL, NULL, NULL, 0),
(31, 'Assigned New Icident', 'You have Been Assigned A new Incident #83', 'sent', 1, 5, 'PRIVATE', 0, '2016-02-09 07:30:38', NULL, NULL, NULL, 0),
(32, 'Assigned New Icident', 'You have Been Assigned A new Incident #86', 'sent', 5, 2, 'PRIVATE', 0, '2016-02-09 07:41:36', NULL, NULL, NULL, 0),
(33, 'Fowared Sitrep', ' Fowarded Strep .#38', 'sent', 6, 2, 'PRIVATE', 0, '2016-02-15 09:53:51', NULL, NULL, NULL, 0),
(34, 'Fowarded Sitrep', ' Fowarded Strep .#55', 'sent', 6, 2, 'PRIVATE', 0, '2016-02-15 12:53:12', NULL, NULL, NULL, 0),
(35, 'Fowarded Sitrep', ' Fowarded Strep .#56', 'sent', 6, 2, 'PRIVATE', 0, '2016-02-15 12:53:13', NULL, NULL, NULL, 0),
(36, 'Fowarded Sitrep', ' Fowarded Strep .#78', 'sent', 6, 2, 'PRIVATE', 0, '2016-02-15 12:53:13', NULL, NULL, NULL, 0),
(37, 'Fowarded Sitrep', ' Fowarded Strep .#21', 'sent', 6, 2, 'PRIVATE', 0, '2016-02-16 08:34:49', NULL, NULL, NULL, 0),
(38, 'Mitigation Action Remider 2days', 'Remaider to Check On Implementationsleeping', 'sent', 1, 1, 'PRIVATE', 0, '2016-02-21 10:06:00', NULL, NULL, NULL, 0),
(39, 'Mitigation Action Remider 2days', 'Remaider to Check On Implementationsleeping', 'sent', 1, 1, 'PRIVATE', 0, '2016-02-21 10:06:08', NULL, NULL, NULL, 0),
(40, 'Mitigation Action Remider 2days', 'Remaider to Check On ImplementationTile the floor', 'sent', 7, 1, 'PRIVATE', 0, '2016-02-21 10:07:27', NULL, NULL, NULL, 0),
(41, 'Mitigation Action Remider 2days', 'Remaider to Check On ImplementationTile the floor', 'sent', 7, 1, 'PRIVATE', 0, '2016-02-21 10:07:27', NULL, NULL, NULL, 0),
(42, 'Mitigation Action Remider 2days', 'Remaider to Check On Implementationsleeping', 'sent', 1, 1, 'PRIVATE', 0, '2016-02-21 10:07:27', NULL, NULL, NULL, 0),
(43, 'Mitigation Action Remider Today', 'Remaider to Check On ImplementationStop using trolleys', 'sent', 7, 1, 'PRIVATE', 1, '2016-02-21 10:07:28', NULL, NULL, NULL, 0),
(44, 'Mitigation Action Remider Today', 'Remaider to Check On ImplementationStop using trolleys', 'sent', 7, 1, 'PRIVATE', 1, '2016-02-21 10:07:28', NULL, NULL, NULL, 0),
(45, 'Mitigation Action Remider 2days', 'Remaider to Check On ImplementationTile the floor', 'sent', 7, 1, 'PRIVATE', 0, '2016-02-21 10:14:30', NULL, NULL, NULL, 0),
(46, 'Mitigation Action Remider 2days', 'Remaider to Check On ImplementationTile the floor', 'sent', 7, 1, 'PRIVATE', 0, '2016-02-21 10:14:30', NULL, NULL, NULL, 0),
(47, 'Mitigation Action Remider 2days', 'Remaider to Check On Implementationsleeping', 'sent', 1, 1, 'PRIVATE', 0, '2016-02-21 10:14:30', NULL, NULL, NULL, 0),
(48, 'Mitigation Action Remider 2days', 'Remaider to Check On ImplementationTile the floor', 'sent', 7, 1, 'PRIVATE', 0, '2016-02-21 10:14:33', NULL, NULL, NULL, 0),
(49, 'Mitigation Action Remider 2days', 'Remaider to Check On ImplementationTile the floor', 'sent', 7, 1, 'PRIVATE', 0, '2016-02-21 10:14:36', NULL, NULL, NULL, 0),
(50, 'Mitigation Action Remider 2days', 'Remaider to Check On Implementationsleeping', 'sent', 1, 1, 'PRIVATE', 0, '2016-02-21 10:14:37', NULL, NULL, NULL, 0),
(51, 'Mitigation Action Remider 2days', 'Remaider to Check On ImplementationTile the floor', 'sent', 7, 1, 'PRIVATE', 0, '2016-02-21 10:17:37', NULL, NULL, NULL, 0),
(52, 'Mitigation Action Remider 2days', 'Remaider to Check On ImplementationTile the floor', 'sent', 7, 1, 'PRIVATE', 0, '2016-02-21 10:17:37', NULL, NULL, NULL, 0),
(53, 'Mitigation Action Remider Today', 'Remaider to do autdit in today', 'sent', 4, 1, 'PRIVATE', 1, '2016-02-21 10:56:39', NULL, NULL, NULL, 0),
(54, 'Mitigation Action Remider Today', 'Remaider to do autdit in today', 'sent', 3, 1, 'PRIVATE', 1, '2016-02-21 10:56:39', NULL, NULL, NULL, 0),
(55, 'Mitigation Action Remider Today', 'Remaider to do autdit in today', 'sent', 4, 1, 'PRIVATE', 1, '2016-02-21 10:56:43', NULL, NULL, NULL, 0),
(56, 'Mitigation Action Remider Today', 'Remaider to do autdit in today', 'sent', 3, 1, 'PRIVATE', 1, '2016-02-21 10:56:43', NULL, NULL, NULL, 0),
(57, 'Mitigation Action Remider Today', 'Remaider to do autdit in today', 'sent', 4, 1, 'PRIVATE', 1, '2016-02-21 10:58:09', NULL, NULL, NULL, 0),
(58, 'Mitigation Action Remider Today', 'Remaider to do autdit in today', 'sent', 3, 1, 'PRIVATE', 1, '2016-02-21 10:58:10', NULL, NULL, NULL, 0),
(59, 'Mitigation Action Remider Today', 'Remaider to do autdit in today', 'sent', 4, 1, 'PRIVATE', 1, '2016-02-21 11:00:29', NULL, NULL, NULL, 0),
(60, 'Mitigation Action Remider Today', 'Remaider to do autdit in today', 'sent', 7, 1, 'PRIVATE', 1, '2016-02-21 11:00:29', NULL, NULL, NULL, 0),
(61, 'Audit Remider 2 days', 'Remaider to do autdit in two days', 'sent', 7, 1, 'PRIVATE', 0, '2016-02-21 11:05:01', NULL, NULL, NULL, 0),
(62, 'URGENT!! Audit Remider Today ', 'Remaider to do autdit in today', 'sent', 4, 1, 'PRIVATE', 1, '2016-02-21 11:05:03', NULL, NULL, NULL, 0),
(63, 'URGENT!! Audit Remider Today ', 'Remaider to do autdit in today', 'sent', 7, 1, 'PRIVATE', 1, '2016-02-21 11:05:03', NULL, NULL, NULL, 0),
(64, 'URGENT!! Audit Remider Today ', 'Remaider to do autdit in today', 'sent', 7, 1, 'PRIVATE', 1, '2016-02-21 11:05:03', NULL, NULL, NULL, 0),
(65, 'Assigned New Icident', 'You have Been Assigned A new Incident #108', 'sent', 7, 2, 'PRIVATE', 0, '2016-02-21 11:06:15', NULL, NULL, NULL, 0),
(66, 'Audit Remider 2 days', 'Remaider to do autdit in two days', 'sent', 7, 1, 'PRIVATE', 0, '2016-02-21 11:10:01', NULL, NULL, NULL, 0),
(67, 'URGENT!! Audit Remider Today ', 'Remaider to do autdit in today', 'sent', 4, 1, 'PRIVATE', 1, '2016-02-21 11:10:02', NULL, NULL, NULL, 0),
(68, 'URGENT!! Audit Remider Today ', 'Remaider to do autdit in today', 'sent', 7, 1, 'PRIVATE', 1, '2016-02-21 11:10:02', NULL, NULL, NULL, 0),
(69, 'URGENT!! Audit Remider Today ', 'Remaider to do autdit in today', 'sent', 7, 1, 'PRIVATE', 1, '2016-02-21 11:10:03', NULL, NULL, NULL, 0),
(70, 'URGENT!! Mitigation Action Remider Today', 'Remaider to Check On Implementationtesr', 'sent', 7, 1, 'PRIVATE', 1, '2016-02-21 11:19:18', NULL, NULL, NULL, 0),
(71, 'URGENT!! Mitigation Action Remider Today', 'Remaider to Check On ImplementationTESR', 'sent', 7, 1, 'PRIVATE', 1, '2016-02-21 11:21:14', NULL, NULL, NULL, 0),
(72, 'URGENT!! Mitigation Action Remider Today', 'Remaider to Check On ImplementationTESTRD', 'sent', 7, 1, 'PRIVATE', 1, '2016-02-21 11:25:01', NULL, NULL, NULL, 0),
(73, 'URGENT!! Audit Remider Today ', 'Remaider to do autdit in today', 'sent', 7, 1, 'PRIVATE', 1, '2016-02-23 04:00:02', NULL, NULL, NULL, 0),
(74, 'URGENT!! Mitigation Action Remider Today', 'Remaider to Check On ImplementationTile the floor', 'sent', 7, 1, 'PRIVATE', 1, '2016-02-23 04:00:02', NULL, NULL, NULL, 0),
(75, 'URGENT!! Mitigation Action Remider Today', 'Remaider to Check On ImplementationTile the floor', 'sent', 7, 1, 'PRIVATE', 1, '2016-02-23 04:00:04', NULL, NULL, NULL, 0),
(76, 'URGENT!! Mitigation Action Remider Today', 'Remaider to Check On Implementationsleeping', 'sent', 1, 1, 'PRIVATE', 1, '2016-02-23 04:00:04', NULL, NULL, NULL, 0),
(77, 'Assigned New Icident', 'You have Been Assigned A new Incident #107', 'sent', 5, 5, 'PRIVATE', 0, '2016-04-11 14:27:51', NULL, NULL, NULL, 0),
(78, 'Fowarded 115', ' form115 #4  <a href =''index.php?r=changeManagement/form115&id=4''>view</a> or <a href =''index.php?r=changeManagement/view&id=4''>edit</a>', 'sent', 4, 2, 'PRIVATE', 0, '2016-05-26 10:56:06', NULL, NULL, NULL, 0),
(79, 'Fowarded 115', ' form115 #3  <a href =''index.php?r=changeManagement/form115&id=3''>view</a> or <a href =''index.php?r=changeManagement/view&id=3''>edit</a>', 'sent', 1, 2, 'PRIVATE', 0, '2016-05-26 10:56:18', NULL, NULL, NULL, 0),
(80, 'Fowarded 115', ' form115 #3  <a href =''index.php?r=changeManagement/form115&id=3''>view</a> or <a href =''index.php?r=changeManagement/view&id=3''>edit</a>', 'sent', 4, 2, 'PRIVATE', 0, '2016-05-26 11:28:40', NULL, NULL, NULL, 0),
(81, 'SUBJECT', 'DESCRIPTION', 'read', 2, 2, 'PRIVATE', 1, '2016-06-20 00:18:32', NULL, NULL, NULL, 0),
(82, 'There is some new information that needs your atte', 'This is new information coming in from my desk. Please check it and confirm that it is correct.', 'read', 2, 2, 'PRIVATE', 1, '2016-06-20 00:30:31', NULL, NULL, NULL, 0),
(83, 'SUBJECT', 'Description', 'read', 2, 2, 'GROUP', 1, '2016-06-20 00:41:50', NULL, NULL, NULL, 0),
(84, 'Assigned New Icident', 'You have Been Assigned A new Incident #126', 'sent', 5, 5, 'PRIVATE', 0, '2016-06-25 05:36:18', NULL, NULL, NULL, 0),
(85, 'URGENT!! Aircraft Incident Investigation', 'You have been assigned as an investigator to Aircraft Incident Investigation #2', 'sent', 3, 2, 'PRIVATE', 1, '2016-07-11 10:07:42', NULL, NULL, NULL, 0),
(86, 'NEW SITREP', 'A new SITREP has been submitted by admin. SITREP ID: 205. SITREP details: SITREP', 'read', 2, 2, 'GROUP', 0, '2016-07-11 12:18:42', NULL, NULL, NULL, 0),
(87, 'NEW SITREP', 'A new SITREP has been submitted by admin. SITREP ID: 205. SITREP details: SITREP', 'sent', 13, 2, 'GROUP', 0, '2016-07-11 12:18:42', NULL, NULL, NULL, 0),
(88, 'NEW SITREP', 'A new SITREP has been submitted by admin. SITREP ID: 205. SITREP details: SITREP', 'read', 2, 2, 'GROUP', 0, '2016-07-11 12:18:42', NULL, NULL, NULL, 0),
(89, 'NEW SITREP', 'A new SITREP has been submitted by admin. SITREP ID: 206. SITREP details: SITREP', 'read', 2, 2, 'GROUP', 0, '2016-07-11 12:19:46', NULL, NULL, NULL, 0),
(90, 'NEW SITREP', 'A new SITREP has been submitted by admin. SITREP ID: 206. SITREP details: SITREP', 'sent', 13, 2, 'GROUP', 0, '2016-07-11 12:19:46', NULL, NULL, NULL, 0),
(91, 'NEW SITREP', 'A new SITREP has been submitted by admin. SITREP ID: 206. SITREP details: SITREP', 'read', 2, 2, 'GROUP', 0, '2016-07-11 12:19:46', NULL, NULL, NULL, 0),
(92, 'NEW Hazard', 'A new Hazard has been submitted by admin. Hazard ID: 207. Hazard details: HAZARD', 'read', 2, 2, 'GROUP', 0, '2016-07-11 12:36:00', NULL, NULL, NULL, 0),
(93, 'NEW Hazard', 'A new Hazard has been submitted by admin. Hazard ID: 207. Hazard details: HAZARD', 'sent', 13, 2, 'GROUP', 0, '2016-07-11 12:36:00', NULL, NULL, NULL, 0),
(94, 'NEW Hazard', 'A new Hazard has been submitted by admin. Hazard ID: 207. Hazard details: HAZARD', 'read', 2, 2, 'GROUP', 0, '2016-07-11 12:36:00', NULL, NULL, NULL, 0),
(95, 'NEW SITREP', 'A new SITREP has been submitted by admin. SITREP ID: 208. SITREP details: SITREP', 'read', 2, 2, 'GROUP', 0, '2016-07-11 12:36:36', NULL, NULL, NULL, 0),
(96, 'NEW SITREP', 'A new SITREP has been submitted by admin. SITREP ID: 208. SITREP details: SITREP', 'sent', 13, 2, 'GROUP', 0, '2016-07-11 12:36:36', NULL, NULL, NULL, 0),
(97, 'NEW SITREP', 'A new SITREP has been submitted by admin. SITREP ID: 208. SITREP details: SITREP', 'read', 2, 2, 'GROUP', 0, '2016-07-11 12:36:36', NULL, NULL, NULL, 0),
(98, 'NEW SITREP', 'A new SITREP has been submitted by admin. SITREP ID: 209. SITREP details: SITREP', 'read', 2, 2, 'GROUP', 0, '2016-07-11 12:37:07', NULL, NULL, NULL, 0),
(99, 'NEW SITREP', 'A new SITREP has been submitted by admin. SITREP ID: 209. SITREP details: SITREP', 'sent', 13, 2, 'GROUP', 0, '2016-07-11 12:37:07', NULL, NULL, NULL, 0),
(100, 'NEW SITREP', 'A new SITREP has been submitted by admin. SITREP ID: 209. SITREP details: SITREP', 'read', 2, 2, 'GROUP', 0, '2016-07-11 12:37:07', NULL, NULL, NULL, 0),
(101, 'NEW Incident', 'A new Incident has been submitted by admin. Incident ID: 210. Incident details: INCIDENT', 'read', 2, 2, 'GROUP', 0, '2016-07-11 12:39:23', NULL, NULL, NULL, 0),
(102, 'NEW Incident', 'A new Incident has been submitted by admin. Incident ID: 210. Incident details: INCIDENT', 'sent', 13, 2, 'GROUP', 0, '2016-07-11 12:39:23', NULL, NULL, NULL, 0),
(103, 'NEW Incident', 'A new Incident has been submitted by admin. Incident ID: 210. Incident details: INCIDENT', 'read', 2, 2, 'GROUP', 0, '2016-07-11 12:39:23', NULL, NULL, NULL, 0),
(104, 'NEW Incident', 'A new Incident has been submitted by admin. Incident ID: 211. Incident details: INCIDENT', 'read', 2, 2, 'GROUP', 0, '2016-07-11 12:41:46', NULL, NULL, NULL, 0),
(105, 'NEW Incident', 'A new Incident has been submitted by admin. Incident ID: 211. Incident details: INCIDENT', 'sent', 13, 2, 'GROUP', 0, '2016-07-11 12:41:46', NULL, NULL, NULL, 0),
(106, 'NEW Incident', 'A new Incident has been submitted by admin. Incident ID: 211. Incident details: INCIDENT', 'read', 2, 2, 'GROUP', 0, '2016-07-11 12:41:46', NULL, NULL, NULL, 0),
(107, 'NEW Issue', 'A new Issue has been submitted by ronald. Issue ID: 212. Issue details: SAMPLE ISSUE', 'read', 2, 13, 'GROUP', 0, '2016-07-11 14:37:20', NULL, NULL, NULL, 0),
(108, 'NEW Issue', 'A new Issue has been submitted by ronald. Issue ID: 212. Issue details: SAMPLE ISSUE', 'sent', 13, 13, 'GROUP', 0, '2016-07-11 14:37:24', NULL, NULL, NULL, 0),
(109, 'NEW Issue', 'A new Issue has been submitted by ronald. Issue ID: 212. Issue details: SAMPLE ISSUE', 'sent', 13, 13, 'GROUP', 0, '2016-07-11 14:37:33', NULL, NULL, NULL, 0),
(110, 'NEW Issue', 'A new Issue has been submitted by . Issue ID: 213. Issue details: Test', 'read', 2, 3, 'GROUP', 0, '2016-07-11 14:37:51', NULL, NULL, NULL, 0),
(111, 'NEW Issue', 'A new Issue has been submitted by . Issue ID: 213. Issue details: Test', 'sent', 13, 3, 'GROUP', 0, '2016-07-11 14:37:55', NULL, NULL, NULL, 0),
(112, 'NEW Issue', 'A new Issue has been submitted by . Issue ID: 213. Issue details: Test', 'sent', 3, 3, 'GROUP', 0, '2016-07-11 14:38:05', NULL, NULL, NULL, 0),
(113, 'NEW Issue', 'A new Issue has been submitted by admin. Issue ID: 214. Issue details: Broken glass in waiting hall way', 'sent', 1, 2, 'GROUP', 0, '2016-07-26 15:40:33', NULL, NULL, NULL, 0),
(114, 'NEW Issue', 'A new Issue has been submitted by admin. Issue ID: 214. Issue details: Broken glass in waiting hall way', 'read', 2, 2, 'GROUP', 0, '2016-07-26 15:40:37', NULL, NULL, NULL, 0),
(115, 'NEW Issue', 'A new Issue has been submitted by admin. Issue ID: 214. Issue details: Broken glass in waiting hall way', 'sent', 4, 2, 'GROUP', 0, '2016-07-26 15:40:41', NULL, NULL, NULL, 0),
(116, 'NEW Issue', 'A new Issue has been submitted by admin. Issue ID: 214. Issue details: Broken glass in waiting hall way', 'sent', 5, 2, 'GROUP', 0, '2016-07-26 15:40:45', NULL, NULL, NULL, 0),
(117, 'NEW Issue', 'A new Issue has been submitted by admin. Issue ID: 214. Issue details: Broken glass in waiting hall way', 'sent', 6, 2, 'GROUP', 0, '2016-07-26 15:40:49', NULL, NULL, NULL, 0),
(118, 'NEW Issue', 'A new Issue has been submitted by admin. Issue ID: 214. Issue details: Broken glass in waiting hall way', 'sent', 7, 2, 'GROUP', 0, '2016-07-26 15:40:53', NULL, NULL, NULL, 0),
(119, 'NEW Issue', 'A new Issue has been submitted by admin. Issue ID: 214. Issue details: Broken glass in waiting hall way', 'sent', 9, 2, 'GROUP', 0, '2016-07-26 15:40:57', NULL, NULL, NULL, 0),
(120, 'NEW Issue', 'A new Issue has been submitted by admin. Issue ID: 214. Issue details: Broken glass in waiting hall way', 'sent', 10, 2, 'GROUP', 0, '2016-07-26 15:41:01', NULL, NULL, NULL, 0),
(121, 'NEW Issue', 'A new Issue has been submitted by admin. Issue ID: 214. Issue details: Broken glass in waiting hall way', 'sent', 11, 2, 'GROUP', 0, '2016-07-26 15:41:05', NULL, NULL, NULL, 0),
(122, 'NEW Issue', 'A new Issue has been submitted by admin. Issue ID: 214. Issue details: Broken glass in waiting hall way', 'sent', 12, 2, 'GROUP', 0, '2016-07-26 15:41:09', NULL, NULL, NULL, 0),
(123, 'NEW Issue', 'A new Issue has been submitted by admin. Issue ID: 214. Issue details: Broken glass in waiting hall way', 'sent', 13, 2, 'GROUP', 0, '2016-07-26 15:41:13', NULL, NULL, NULL, 0),
(124, 'NEW Issue', 'A new Issue has been submitted by admin. Issue ID: 214. Issue details: Broken glass in waiting hall way', 'read', 2, 2, 'GROUP', 0, '2016-07-26 15:41:21', NULL, NULL, NULL, 0),
(125, 'URGENT!! Issue Mitigation Implementation Deadline', 'Please be notified that Issue #24 is set to be reviewed on 2015-08-19. <br /><br />Issue ID: 24. <br />Issue Details: A track broke down on the runway. <br />Implementation Details: Replace all plastic material with metal', 'sent', 1, 0, 'GROUP', 1, '2016-07-26 15:45:42', NULL, NULL, NULL, 0),
(126, 'URGENT!! Issue Mitigation Implementation Deadline', 'Please be notified that Issue #24 is set to be reviewed on 2015-08-19. <br /><br />Issue ID: 24. <br />Issue Details: A track broke down on the runway. <br />Implementation Details: Replace all plastic material with metal', 'read', 2, 0, 'GROUP', 1, '2016-07-26 15:45:46', NULL, NULL, NULL, 0),
(127, 'URGENT!! Issue Mitigation Implementation Deadline', 'Please be notified that Issue #24 is set to be reviewed on 2015-08-19. <br /><br />Issue ID: 24. <br />Issue Details: A track broke down on the runway. <br />Implementation Details: Replace all plastic material with metal', 'sent', 4, 0, 'GROUP', 1, '2016-07-26 15:45:50', NULL, NULL, NULL, 0),
(128, 'URGENT!! Issue Mitigation Implementation Deadline', 'Please be notified that Issue #24 is set to be reviewed on 2015-08-19. <br /><br />Issue ID: 24. <br />Issue Details: A track broke down on the runway. <br />Implementation Details: Replace all plastic material with metal', 'sent', 5, 0, 'GROUP', 1, '2016-07-26 15:45:54', NULL, NULL, NULL, 0),
(129, 'URGENT!! Issue Mitigation Implementation Deadline', 'Please be notified that Issue #24 is set to be reviewed on 2015-08-19. <br /><br />Issue ID: 24. <br />Issue Details: A track broke down on the runway. <br />Implementation Details: Replace all plastic material with metal', 'sent', 6, 0, 'GROUP', 1, '2016-07-26 15:45:58', NULL, NULL, NULL, 0),
(130, 'URGENT!! Issue Mitigation Implementation Deadline', 'Please be notified that Issue #24 is set to be reviewed on 2015-08-19. <br /><br />Issue ID: 24. <br />Issue Details: A track broke down on the runway. <br />Implementation Details: Replace all plastic material with metal', 'sent', 7, 0, 'GROUP', 1, '2016-07-26 15:46:02', NULL, NULL, NULL, 0),
(131, 'URGENT!! Issue Mitigation Implementation Deadline', 'Please be notified that Issue #24 is set to be reviewed on 2015-08-19. <br /><br />Issue ID: 24. <br />Issue Details: A track broke down on the runway. <br />Implementation Details: Replace all plastic material with metal', 'sent', 9, 0, 'GROUP', 1, '2016-07-26 15:46:06', NULL, NULL, NULL, 0),
(132, 'URGENT!! Issue Mitigation Implementation Deadline', 'Please be notified that Issue #24 is set to be reviewed on 2015-08-19. <br /><br />Issue ID: 24. <br />Issue Details: A track broke down on the runway. <br />Implementation Details: Replace all plastic material with metal', 'sent', 10, 0, 'GROUP', 1, '2016-07-26 15:46:10', NULL, NULL, NULL, 0),
(133, 'URGENT!! Issue Mitigation Implementation Deadline', 'Please be notified that Issue #24 is set to be reviewed on 2015-08-19. <br /><br />Issue ID: 24. <br />Issue Details: A track broke down on the runway. <br />Implementation Details: Replace all plastic material with metal', 'sent', 11, 0, 'GROUP', 1, '2016-07-26 15:46:15', NULL, NULL, NULL, 0),
(134, 'URGENT!! Issue Mitigation Implementation Deadline', 'Please be notified that Issue #24 is set to be reviewed on 2015-08-19. <br /><br />Issue ID: 24. <br />Issue Details: A track broke down on the runway. <br />Implementation Details: Replace all plastic material with metal', 'sent', 12, 0, 'GROUP', 1, '2016-07-26 15:46:19', NULL, NULL, NULL, 0),
(135, 'URGENT!! Issue Mitigation Implementation Deadline', 'Please be notified that Issue #24 is set to be reviewed on 2015-08-19. <br /><br />Issue ID: 24. <br />Issue Details: A track broke down on the runway. <br />Implementation Details: Replace all plastic material with metal', 'sent', 13, 0, 'GROUP', 1, '2016-07-26 15:46:23', NULL, NULL, NULL, 0),
(136, 'URGENT!! Hazard Mitigation Implementation Deadline', 'Please be notified that Hazard #46 is set to be reviewed on 2015-09-25. <br /><br />Hazard ID: 46. <br />Hazard Details: licking tank. <br />Implementation Details: Replace tank with new one', 'sent', 1, 0, 'GROUP', 1, '2016-07-26 15:47:11', NULL, NULL, NULL, 0),
(137, 'URGENT!! Hazard Mitigation Implementation Deadline', 'Please be notified that Hazard #46 is set to be reviewed on 2015-09-25. <br /><br />Hazard ID: 46. <br />Hazard Details: licking tank. <br />Implementation Details: Replace tank with new one', 'read', 2, 0, 'GROUP', 1, '2016-07-26 15:47:15', NULL, NULL, NULL, 0),
(138, 'URGENT!! Hazard Mitigation Implementation Deadline', 'Please be notified that Hazard #46 is set to be reviewed on 2015-09-25. <br /><br />Hazard ID: 46. <br />Hazard Details: licking tank. <br />Implementation Details: Replace tank with new one', 'sent', 4, 0, 'GROUP', 1, '2016-07-26 15:47:19', NULL, NULL, NULL, 0),
(139, 'URGENT!! Hazard Mitigation Implementation Deadline', 'Please be notified that Hazard #46 is set to be reviewed on 2015-09-25. <br /><br />Hazard ID: 46. <br />Hazard Details: licking tank. <br />Implementation Details: Replace tank with new one', 'sent', 5, 0, 'GROUP', 1, '2016-07-26 15:47:23', NULL, NULL, NULL, 0),
(140, 'URGENT!! Hazard Mitigation Implementation Deadline', 'Please be notified that Hazard #46 is set to be reviewed on 2015-09-25. <br /><br />Hazard ID: 46. <br />Hazard Details: licking tank. <br />Implementation Details: Replace tank with new one', 'sent', 6, 0, 'GROUP', 1, '2016-07-26 15:47:27', NULL, NULL, NULL, 0),
(141, 'URGENT!! Hazard Mitigation Implementation Deadline', 'Please be notified that Hazard #46 is set to be reviewed on 2015-09-25. <br /><br />Hazard ID: 46. <br />Hazard Details: licking tank. <br />Implementation Details: Replace tank with new one', 'sent', 7, 0, 'GROUP', 1, '2016-07-26 15:47:31', NULL, NULL, NULL, 0),
(142, 'URGENT!! Hazard Mitigation Implementation Deadline', 'Please be notified that Hazard #46 is set to be reviewed on 2015-09-25. <br /><br />Hazard ID: 46. <br />Hazard Details: licking tank. <br />Implementation Details: Replace tank with new one', 'sent', 9, 0, 'GROUP', 1, '2016-07-26 15:47:35', NULL, NULL, NULL, 0),
(143, 'URGENT!! Hazard Mitigation Implementation Deadline', 'Please be notified that Hazard #46 is set to be reviewed on 2015-09-25. <br /><br />Hazard ID: 46. <br />Hazard Details: licking tank. <br />Implementation Details: Replace tank with new one', 'sent', 10, 0, 'GROUP', 1, '2016-07-26 15:47:39', NULL, NULL, NULL, 0),
(144, 'URGENT!! Hazard Mitigation Implementation Deadline', 'Please be notified that Hazard #46 is set to be reviewed on 2015-09-25. <br /><br />Hazard ID: 46. <br />Hazard Details: licking tank. <br />Implementation Details: Replace tank with new one', 'sent', 11, 0, 'GROUP', 1, '2016-07-26 15:47:43', NULL, NULL, NULL, 0),
(145, 'URGENT!! Hazard Mitigation Implementation Deadline', 'Please be notified that Hazard #46 is set to be reviewed on 2015-09-25. <br /><br />Hazard ID: 46. <br />Hazard Details: licking tank. <br />Implementation Details: Replace tank with new one', 'sent', 12, 0, 'GROUP', 1, '2016-07-26 15:47:50', NULL, NULL, NULL, 0),
(146, 'URGENT!! Hazard Mitigation Implementation Deadline', 'Please be notified that Hazard #46 is set to be reviewed on 2015-09-25. <br /><br />Hazard ID: 46. <br />Hazard Details: licking tank. <br />Implementation Details: Replace tank with new one', 'sent', 13, 0, 'GROUP', 1, '2016-07-26 15:47:54', NULL, NULL, NULL, 0),
(147, 'URGENT!! Audit Schedule Auditor', 'Please be notified that you have been added as an auditor on Audit Schedule #9.', 'sent', 7, 2, 'PRIVATE', 1, '2016-07-26 16:01:38', NULL, NULL, NULL, 0),
(148, 'URGENT!! Audit Schedule Auditor', 'Please be notified that you have been added as an auditor on Audit Schedule #9.', 'sent', 13, 2, 'PRIVATE', 1, '2016-07-26 16:01:56', NULL, NULL, NULL, 0),
(149, 'URGENT!! Issue Mitigation Implementation Deadline', 'Please be notified that Issue #24 is set to be reviewed on 2015-08-19. <br /><br />Issue ID: 24. <br />Issue Details: A track broke down on the runway. <br />Implementation Details: Replace all plastic material with metal', 'sent', 1, 0, 'GROUP', 1, '2016-07-26 16:10:47', NULL, NULL, NULL, 0),
(150, 'URGENT!! Issue Mitigation Implementation Deadline', 'Please be notified that Issue #24 is set to be reviewed on 2015-08-19. <br /><br />Issue ID: 24. <br />Issue Details: A track broke down on the runway. <br />Implementation Details: Replace all plastic material with metal', 'read', 2, 0, 'GROUP', 1, '2016-07-26 16:10:51', NULL, NULL, NULL, 0),
(151, 'URGENT!! Issue Mitigation Implementation Deadline', 'Please be notified that Issue #24 is set to be reviewed on 2015-08-19. <br /><br />Issue ID: 24. <br />Issue Details: A track broke down on the runway. <br />Implementation Details: Replace all plastic material with metal', 'sent', 4, 0, 'GROUP', 1, '2016-07-26 16:10:55', NULL, NULL, NULL, 0),
(152, 'URGENT!! Issue Mitigation Implementation Deadline', 'Please be notified that Issue #24 is set to be reviewed on 2015-08-19. <br /><br />Issue ID: 24. <br />Issue Details: A track broke down on the runway. <br />Implementation Details: Replace all plastic material with metal', 'sent', 5, 0, 'GROUP', 1, '2016-07-26 16:10:59', NULL, NULL, NULL, 0),
(153, 'URGENT!! Issue Mitigation Implementation Deadline', 'Please be notified that Issue #24 is set to be reviewed on 2015-08-19. <br /><br />Issue ID: 24. <br />Issue Details: A track broke down on the runway. <br />Implementation Details: Replace all plastic material with metal', 'sent', 6, 0, 'GROUP', 1, '2016-07-26 16:11:03', NULL, NULL, NULL, 0),
(154, 'URGENT!! Issue Mitigation Implementation Deadline', 'Please be notified that Issue #24 is set to be reviewed on 2015-08-19. <br /><br />Issue ID: 24. <br />Issue Details: A track broke down on the runway. <br />Implementation Details: Replace all plastic material with metal', 'sent', 7, 0, 'GROUP', 1, '2016-07-26 16:11:07', NULL, NULL, NULL, 0),
(155, 'URGENT!! Issue Mitigation Implementation Deadline', 'Please be notified that Issue #24 is set to be reviewed on 2015-08-19. <br /><br />Issue ID: 24. <br />Issue Details: A track broke down on the runway. <br />Implementation Details: Replace all plastic material with metal', 'sent', 9, 0, 'GROUP', 1, '2016-07-26 16:11:11', NULL, NULL, NULL, 0),
(156, 'URGENT!! Issue Mitigation Implementation Deadline', 'Please be notified that Issue #24 is set to be reviewed on 2015-08-19. <br /><br />Issue ID: 24. <br />Issue Details: A track broke down on the runway. <br />Implementation Details: Replace all plastic material with metal', 'sent', 10, 0, 'GROUP', 1, '2016-07-26 16:11:15', NULL, NULL, NULL, 0),
(157, 'URGENT!! Issue Mitigation Implementation Deadline', 'Please be notified that Issue #24 is set to be reviewed on 2015-08-19. <br /><br />Issue ID: 24. <br />Issue Details: A track broke down on the runway. <br />Implementation Details: Replace all plastic material with metal', 'sent', 11, 0, 'GROUP', 1, '2016-07-26 16:11:19', NULL, NULL, NULL, 0),
(158, 'URGENT!! Issue Mitigation Implementation Deadline', 'Please be notified that Issue #24 is set to be reviewed on 2015-08-19. <br /><br />Issue ID: 24. <br />Issue Details: A track broke down on the runway. <br />Implementation Details: Replace all plastic material with metal', 'sent', 12, 0, 'GROUP', 1, '2016-07-26 16:11:23', NULL, NULL, NULL, 0),
(159, 'URGENT!! Issue Mitigation Implementation Deadline', 'Please be notified that Issue #24 is set to be reviewed on 2015-08-19. <br /><br />Issue ID: 24. <br />Issue Details: A track broke down on the runway. <br />Implementation Details: Replace all plastic material with metal', 'sent', 13, 0, 'GROUP', 1, '2016-07-26 16:11:27', NULL, NULL, NULL, 0),
(160, 'URGENT!! Hazard Mitigation Implementation Deadline', 'Please be notified that Hazard #46 is set to be reviewed on 2015-09-25. <br /><br />Hazard ID: 46. <br />Hazard Details: licking tank. <br />Implementation Details: Replace tank with new one', 'sent', 1, 0, 'GROUP', 1, '2016-07-26 16:12:15', NULL, NULL, NULL, 0),
(161, 'URGENT!! Hazard Mitigation Implementation Deadline', 'Please be notified that Hazard #46 is set to be reviewed on 2015-09-25. <br /><br />Hazard ID: 46. <br />Hazard Details: licking tank. <br />Implementation Details: Replace tank with new one', 'read', 2, 0, 'GROUP', 1, '2016-07-26 16:12:19', NULL, NULL, NULL, 0),
(162, 'URGENT!! Hazard Mitigation Implementation Deadline', 'Please be notified that Hazard #46 is set to be reviewed on 2015-09-25. <br /><br />Hazard ID: 46. <br />Hazard Details: licking tank. <br />Implementation Details: Replace tank with new one', 'sent', 4, 0, 'GROUP', 1, '2016-07-26 16:12:23', NULL, NULL, NULL, 0),
(163, 'URGENT!! Hazard Mitigation Implementation Deadline', 'Please be notified that Hazard #46 is set to be reviewed on 2015-09-25. <br /><br />Hazard ID: 46. <br />Hazard Details: licking tank. <br />Implementation Details: Replace tank with new one', 'sent', 5, 0, 'GROUP', 1, '2016-07-26 16:12:27', NULL, NULL, NULL, 0),
(164, 'URGENT!! Hazard Mitigation Implementation Deadline', 'Please be notified that Hazard #46 is set to be reviewed on 2015-09-25. <br /><br />Hazard ID: 46. <br />Hazard Details: licking tank. <br />Implementation Details: Replace tank with new one', 'sent', 6, 0, 'GROUP', 1, '2016-07-26 16:12:31', NULL, NULL, NULL, 0),
(165, 'URGENT!! Hazard Mitigation Implementation Deadline', 'Please be notified that Hazard #46 is set to be reviewed on 2015-09-25. <br /><br />Hazard ID: 46. <br />Hazard Details: licking tank. <br />Implementation Details: Replace tank with new one', 'sent', 7, 0, 'GROUP', 1, '2016-07-26 16:12:35', NULL, NULL, NULL, 0),
(166, 'URGENT!! Hazard Mitigation Implementation Deadline', 'Please be notified that Hazard #46 is set to be reviewed on 2015-09-25. <br /><br />Hazard ID: 46. <br />Hazard Details: licking tank. <br />Implementation Details: Replace tank with new one', 'sent', 9, 0, 'GROUP', 1, '2016-07-26 16:12:39', NULL, NULL, NULL, 0),
(167, 'URGENT!! Hazard Mitigation Implementation Deadline', 'Please be notified that Hazard #46 is set to be reviewed on 2015-09-25. <br /><br />Hazard ID: 46. <br />Hazard Details: licking tank. <br />Implementation Details: Replace tank with new one', 'sent', 10, 0, 'GROUP', 1, '2016-07-26 16:12:43', NULL, NULL, NULL, 0),
(168, 'URGENT!! Hazard Mitigation Implementation Deadline', 'Please be notified that Hazard #46 is set to be reviewed on 2015-09-25. <br /><br />Hazard ID: 46. <br />Hazard Details: licking tank. <br />Implementation Details: Replace tank with new one', 'sent', 11, 0, 'GROUP', 1, '2016-07-26 16:12:47', NULL, NULL, NULL, 0),
(169, 'URGENT!! Hazard Mitigation Implementation Deadline', 'Please be notified that Hazard #46 is set to be reviewed on 2015-09-25. <br /><br />Hazard ID: 46. <br />Hazard Details: licking tank. <br />Implementation Details: Replace tank with new one', 'sent', 12, 0, 'GROUP', 1, '2016-07-26 16:12:51', NULL, NULL, NULL, 0),
(170, 'URGENT!! Hazard Mitigation Implementation Deadline', 'Please be notified that Hazard #46 is set to be reviewed on 2015-09-25. <br /><br />Hazard ID: 46. <br />Hazard Details: licking tank. <br />Implementation Details: Replace tank with new one', 'sent', 13, 0, 'GROUP', 1, '2016-07-26 16:12:55', NULL, NULL, NULL, 0),
(171, 'URGENT!! Hazard Review', 'Please be notified that Hazard #108 is set to be reviewed on 2016-02-27. <br /><br />Hazard ID: 108. <br />Details: Trees blocking run way view', 'sent', 1, 0, 'GROUP', 1, '2016-07-26 21:03:41', NULL, NULL, NULL, 0),
(172, 'URGENT!! Hazard Review', 'Please be notified that Hazard #108 is set to be reviewed on 2016-02-27. <br /><br />Hazard ID: 108. <br />Details: Trees blocking run way view', 'read', 2, 0, 'GROUP', 1, '2016-07-26 21:04:01', NULL, NULL, NULL, 0),
(173, 'URGENT!! Hazard Review', 'Please be notified that Hazard #108 is set to be reviewed on 2016-02-27. <br /><br />Hazard ID: 108. <br />Details: Trees blocking run way view', 'sent', 4, 0, 'GROUP', 1, '2016-07-26 21:04:21', NULL, NULL, NULL, 0),
(174, 'URGENT!! Hazard Review', 'Please be notified that Hazard #108 is set to be reviewed on 2016-02-27. <br /><br />Hazard ID: 108. <br />Details: Trees blocking run way view', 'sent', 5, 0, 'GROUP', 1, '2016-07-26 21:04:41', NULL, NULL, NULL, 0),
(175, 'URGENT!! Hazard Review', 'Please be notified that Hazard #108 is set to be reviewed on 2016-02-27. <br /><br />Hazard ID: 108. <br />Details: Trees blocking run way view', 'sent', 6, 0, 'GROUP', 1, '2016-07-26 21:05:01', NULL, NULL, NULL, 0),
(176, 'URGENT!! Hazard Review', 'Please be notified that Hazard #108 is set to be reviewed on 2016-02-27. <br /><br />Hazard ID: 108. <br />Details: Trees blocking run way view', 'sent', 7, 0, 'GROUP', 1, '2016-07-26 21:05:21', NULL, NULL, NULL, 0),
(177, 'URGENT!! Hazard Review', 'Please be notified that Hazard #108 is set to be reviewed on 2016-02-27. <br /><br />Hazard ID: 108. <br />Details: Trees blocking run way view', 'sent', 9, 0, 'GROUP', 1, '2016-07-26 21:05:41', NULL, NULL, NULL, 0),
(178, 'URGENT!! Hazard Review', 'Please be notified that Hazard #108 is set to be reviewed on 2016-02-27. <br /><br />Hazard ID: 108. <br />Details: Trees blocking run way view', 'sent', 10, 0, 'GROUP', 1, '2016-07-26 21:06:01', NULL, NULL, NULL, 0),
(179, 'URGENT!! Hazard Review', 'Please be notified that Hazard #108 is set to be reviewed on 2016-02-27. <br /><br />Hazard ID: 108. <br />Details: Trees blocking run way view', 'sent', 11, 0, 'GROUP', 1, '2016-07-26 21:06:21', NULL, NULL, NULL, 0),
(180, 'URGENT!! Hazard Review', 'Please be notified that Hazard #108 is set to be reviewed on 2016-02-27. <br /><br />Hazard ID: 108. <br />Details: Trees blocking run way view', 'sent', 12, 0, 'GROUP', 1, '2016-07-26 21:06:41', NULL, NULL, NULL, 0),
(181, 'URGENT!! Hazard Review', 'Please be notified that Hazard #108 is set to be reviewed on 2016-02-27. <br /><br />Hazard ID: 108. <br />Details: Trees blocking run way view', 'sent', 13, 0, 'GROUP', 1, '2016-07-26 21:07:01', NULL, NULL, NULL, 0),
(182, 'URGENT!! Incident Mitigation Implementation Deadli', 'Please be notified that Incident #10 is set to be reviewed on 2015-07-27. <br /><br />Incident ID: 10. <br />Incident Details: A track broke down on the runway. <br />Implementation Details: Replace floor tiles.', 'sent', 1, 0, 'GROUP', 1, '2016-07-26 21:11:02', NULL, NULL, NULL, 0),
(183, 'URGENT!! Incident Mitigation Implementation Deadli', 'Please be notified that Incident #10 is set to be reviewed on 2015-07-27. <br /><br />Incident ID: 10. <br />Incident Details: A track broke down on the runway. <br />Implementation Details: Replace floor tiles.', 'read', 2, 0, 'GROUP', 1, '2016-07-26 21:11:22', NULL, NULL, NULL, 0),
(184, 'URGENT!! Incident Mitigation Implementation Deadli', 'Please be notified that Incident #10 is set to be reviewed on 2015-07-27. <br /><br />Incident ID: 10. <br />Incident Details: A track broke down on the runway. <br />Implementation Details: Replace floor tiles.', 'sent', 4, 0, 'GROUP', 1, '2016-07-26 21:11:42', NULL, NULL, NULL, 0),
(185, 'URGENT!! Incident Mitigation Implementation Deadli', 'Please be notified that Incident #10 is set to be reviewed on 2015-07-27. <br /><br />Incident ID: 10. <br />Incident Details: A track broke down on the runway. <br />Implementation Details: Replace floor tiles.', 'sent', 5, 0, 'GROUP', 1, '2016-07-26 21:12:02', NULL, NULL, NULL, 0),
(186, 'URGENT!! Incident Mitigation Implementation Deadli', 'Please be notified that Incident #10 is set to be reviewed on 2015-07-27. <br /><br />Incident ID: 10. <br />Incident Details: A track broke down on the runway. <br />Implementation Details: Replace floor tiles.', 'sent', 6, 0, 'GROUP', 1, '2016-07-26 21:12:22', NULL, NULL, NULL, 0),
(187, 'URGENT!! Incident Mitigation Implementation Deadli', 'Please be notified that Incident #10 is set to be reviewed on 2015-07-27. <br /><br />Incident ID: 10. <br />Incident Details: A track broke down on the runway. <br />Implementation Details: Replace floor tiles.', 'sent', 7, 0, 'GROUP', 1, '2016-07-26 21:12:42', NULL, NULL, NULL, 0),
(188, 'URGENT!! Incident Mitigation Implementation Deadli', 'Please be notified that Incident #10 is set to be reviewed on 2015-07-27. <br /><br />Incident ID: 10. <br />Incident Details: A track broke down on the runway. <br />Implementation Details: Replace floor tiles.', 'sent', 9, 0, 'GROUP', 1, '2016-07-26 21:13:02', NULL, NULL, NULL, 0),
(189, 'URGENT!! Incident Mitigation Implementation Deadli', 'Please be notified that Incident #10 is set to be reviewed on 2015-07-27. <br /><br />Incident ID: 10. <br />Incident Details: A track broke down on the runway. <br />Implementation Details: Replace floor tiles.', 'sent', 10, 0, 'GROUP', 1, '2016-07-26 21:13:22', NULL, NULL, NULL, 0),
(190, 'URGENT!! Incident Mitigation Implementation Deadli', 'Please be notified that Incident #10 is set to be reviewed on 2015-07-27. <br /><br />Incident ID: 10. <br />Incident Details: A track broke down on the runway. <br />Implementation Details: Replace floor tiles.', 'sent', 11, 0, 'GROUP', 1, '2016-07-26 21:13:42', NULL, NULL, NULL, 0),
(191, 'URGENT!! Incident Mitigation Implementation Deadli', 'Please be notified that Incident #10 is set to be reviewed on 2015-07-27. <br /><br />Incident ID: 10. <br />Incident Details: A track broke down on the runway. <br />Implementation Details: Replace floor tiles.', 'sent', 12, 0, 'GROUP', 1, '2016-07-26 21:14:02', NULL, NULL, NULL, 0),
(192, 'URGENT!! Incident Mitigation Implementation Deadli', 'Please be notified that Incident #10 is set to be reviewed on 2015-07-27. <br /><br />Incident ID: 10. <br />Incident Details: A track broke down on the runway. <br />Implementation Details: Replace floor tiles.', 'sent', 13, 0, 'GROUP', 1, '2016-07-26 21:14:22', NULL, NULL, NULL, 0),
(193, 'URGENT!! Hazard Mitigation Implementation Deadline', 'Please be notified that Hazard #1 is set to be reviewed on 2015-07-27. <br /><br />Hazard ID: 1. <br />Hazard Details: There is too much heat in tower due lack of airconditioning. This causes headache, low performance and sometimes we get dizzy and feel like faiting. This has gone on for a very long time and it gets worse day by day.. <br />Implementation Details: Replace the air conditioner', 'sent', 1, 0, 'GROUP', 1, '2016-07-26 21:18:22', NULL, NULL, NULL, 0),
(194, 'URGENT!! Hazard Mitigation Implementation Deadline', 'Please be notified that Hazard #1 is set to be reviewed on 2015-07-27. <br /><br />Hazard ID: 1. <br />Hazard Details: There is too much heat in tower due lack of airconditioning. This causes headache, low performance and sometimes we get dizzy and feel like faiting. This has gone on for a very long time and it gets worse day by day.. <br />Implementation Details: Replace the air conditioner', 'read', 2, 0, 'GROUP', 1, '2016-07-26 21:18:42', NULL, NULL, NULL, 0),
(195, 'URGENT!! Hazard Mitigation Implementation Deadline', 'Please be notified that Hazard #1 is set to be reviewed on 2015-07-27. <br /><br />Hazard ID: 1. <br />Hazard Details: There is too much heat in tower due lack of airconditioning. This causes headache, low performance and sometimes we get dizzy and feel like faiting. This has gone on for a very long time and it gets worse day by day.. <br />Implementation Details: Replace the air conditioner', 'sent', 4, 0, 'GROUP', 1, '2016-07-26 21:19:02', NULL, NULL, NULL, 0),
(196, 'URGENT!! Hazard Mitigation Implementation Deadline', 'Please be notified that Hazard #1 is set to be reviewed on 2015-07-27. <br /><br />Hazard ID: 1. <br />Hazard Details: There is too much heat in tower due lack of airconditioning. This causes headache, low performance and sometimes we get dizzy and feel like faiting. This has gone on for a very long time and it gets worse day by day.. <br />Implementation Details: Replace the air conditioner', 'sent', 5, 0, 'GROUP', 1, '2016-07-26 21:19:22', NULL, NULL, NULL, 0),
(197, 'URGENT!! Hazard Mitigation Implementation Deadline', 'Please be notified that Hazard #1 is set to be reviewed on 2015-07-27. <br /><br />Hazard ID: 1. <br />Hazard Details: There is too much heat in tower due lack of airconditioning. This causes headache, low performance and sometimes we get dizzy and feel like faiting. This has gone on for a very long time and it gets worse day by day.. <br />Implementation Details: Replace the air conditioner', 'sent', 6, 0, 'GROUP', 1, '2016-07-26 21:19:42', NULL, NULL, NULL, 0),
(198, 'URGENT!! Hazard Mitigation Implementation Deadline', 'Please be notified that Hazard #1 is set to be reviewed on 2015-07-27. <br /><br />Hazard ID: 1. <br />Hazard Details: There is too much heat in tower due lack of airconditioning. This causes headache, low performance and sometimes we get dizzy and feel like faiting. This has gone on for a very long time and it gets worse day by day.. <br />Implementation Details: Replace the air conditioner', 'sent', 7, 0, 'GROUP', 1, '2016-07-26 21:20:02', NULL, NULL, NULL, 0),
(199, 'URGENT!! Hazard Mitigation Implementation Deadline', 'Please be notified that Hazard #1 is set to be reviewed on 2015-07-27. <br /><br />Hazard ID: 1. <br />Hazard Details: There is too much heat in tower due lack of airconditioning. This causes headache, low performance and sometimes we get dizzy and feel like faiting. This has gone on for a very long time and it gets worse day by day.. <br />Implementation Details: Replace the air conditioner', 'sent', 9, 0, 'GROUP', 1, '2016-07-26 21:20:22', NULL, NULL, NULL, 0),
(200, 'URGENT!! Hazard Mitigation Implementation Deadline', 'Please be notified that Hazard #1 is set to be reviewed on 2015-07-27. <br /><br />Hazard ID: 1. <br />Hazard Details: There is too much heat in tower due lack of airconditioning. This causes headache, low performance and sometimes we get dizzy and feel like faiting. This has gone on for a very long time and it gets worse day by day.. <br />Implementation Details: Replace the air conditioner', 'sent', 10, 0, 'GROUP', 1, '2016-07-26 21:20:42', NULL, NULL, NULL, 0),
(201, 'URGENT!! Hazard Mitigation Implementation Deadline', 'Please be notified that Hazard #1 is set to be reviewed on 2015-07-27. <br /><br />Hazard ID: 1. <br />Hazard Details: There is too much heat in tower due lack of airconditioning. This causes headache, low performance and sometimes we get dizzy and feel like faiting. This has gone on for a very long time and it gets worse day by day.. <br />Implementation Details: Replace the air conditioner', 'sent', 11, 0, 'GROUP', 1, '2016-07-26 21:21:02', NULL, NULL, NULL, 0),
(202, 'URGENT!! Hazard Mitigation Implementation Deadline', 'Please be notified that Hazard #1 is set to be reviewed on 2015-07-27. <br /><br />Hazard ID: 1. <br />Hazard Details: There is too much heat in tower due lack of airconditioning. This causes headache, low performance and sometimes we get dizzy and feel like faiting. This has gone on for a very long time and it gets worse day by day.. <br />Implementation Details: Replace the air conditioner', 'sent', 12, 0, 'GROUP', 1, '2016-07-26 21:21:22', NULL, NULL, NULL, 0),
(203, 'URGENT!! Hazard Mitigation Implementation Deadline', 'Please be notified that Hazard #1 is set to be reviewed on 2015-07-27. <br /><br />Hazard ID: 1. <br />Hazard Details: There is too much heat in tower due lack of airconditioning. This causes headache, low performance and sometimes we get dizzy and feel like faiting. This has gone on for a very long time and it gets worse day by day.. <br />Implementation Details: Replace the air conditioner', 'sent', 13, 0, 'GROUP', 1, '2016-07-26 21:21:42', NULL, NULL, NULL, 0),
(204, 'URGENT!! Issue Mitigation Implementation Deadline', 'Please be notified that Issue #214 is set to be reviewed on 2016-07-27. <br /><br />Issue ID: 214. <br />Issue Details: Broken glass in waiting hall way. <br />Implementation Details: Replace tile floors with something more rough', 'sent', 1, 0, 'GROUP', 1, '2016-07-26 21:25:42', NULL, NULL, NULL, 0),
(205, 'URGENT!! Issue Mitigation Implementation Deadline', 'Please be notified that Issue #214 is set to be reviewed on 2016-07-27. <br /><br />Issue ID: 214. <br />Issue Details: Broken glass in waiting hall way. <br />Implementation Details: Replace tile floors with something more rough', 'read', 2, 0, 'GROUP', 1, '2016-07-26 21:26:02', NULL, NULL, NULL, 0),
(206, 'URGENT!! Issue Mitigation Implementation Deadline', 'Please be notified that Issue #214 is set to be reviewed on 2016-07-27. <br /><br />Issue ID: 214. <br />Issue Details: Broken glass in waiting hall way. <br />Implementation Details: Replace tile floors with something more rough', 'sent', 4, 0, 'GROUP', 1, '2016-07-26 21:26:22', NULL, NULL, NULL, 0),
(207, 'URGENT!! Issue Mitigation Implementation Deadline', 'Please be notified that Issue #214 is set to be reviewed on 2016-07-27. <br /><br />Issue ID: 214. <br />Issue Details: Broken glass in waiting hall way. <br />Implementation Details: Replace tile floors with something more rough', 'sent', 5, 0, 'GROUP', 1, '2016-07-26 21:26:42', NULL, NULL, NULL, 0),
(208, 'URGENT!! Issue Mitigation Implementation Deadline', 'Please be notified that Issue #214 is set to be reviewed on 2016-07-27. <br /><br />Issue ID: 214. <br />Issue Details: Broken glass in waiting hall way. <br />Implementation Details: Replace tile floors with something more rough', 'sent', 6, 0, 'GROUP', 1, '2016-07-26 21:27:02', NULL, NULL, NULL, 0),
(209, 'URGENT!! Issue Mitigation Implementation Deadline', 'Please be notified that Issue #214 is set to be reviewed on 2016-07-27. <br /><br />Issue ID: 214. <br />Issue Details: Broken glass in waiting hall way. <br />Implementation Details: Replace tile floors with something more rough', 'sent', 7, 0, 'GROUP', 1, '2016-07-26 21:27:22', NULL, NULL, NULL, 0),
(210, 'URGENT!! Issue Mitigation Implementation Deadline', 'Please be notified that Issue #214 is set to be reviewed on 2016-07-27. <br /><br />Issue ID: 214. <br />Issue Details: Broken glass in waiting hall way. <br />Implementation Details: Replace tile floors with something more rough', 'sent', 9, 0, 'GROUP', 1, '2016-07-26 21:27:42', NULL, NULL, NULL, 0);
INSERT INTO `notifications` (`id`, `subject`, `description`, `status`, `user`, `user_from`, `type`, `urgent`, `date_created`, `target_group`, `current_user`, `current_user_id`, `acknowledge`) VALUES
(211, 'URGENT!! Issue Mitigation Implementation Deadline', 'Please be notified that Issue #214 is set to be reviewed on 2016-07-27. <br /><br />Issue ID: 214. <br />Issue Details: Broken glass in waiting hall way. <br />Implementation Details: Replace tile floors with something more rough', 'sent', 10, 0, 'GROUP', 1, '2016-07-26 21:28:03', NULL, NULL, NULL, 0),
(212, 'URGENT!! Issue Mitigation Implementation Deadline', 'Please be notified that Issue #214 is set to be reviewed on 2016-07-27. <br /><br />Issue ID: 214. <br />Issue Details: Broken glass in waiting hall way. <br />Implementation Details: Replace tile floors with something more rough', 'sent', 11, 0, 'GROUP', 1, '2016-07-26 21:28:23', NULL, NULL, NULL, 0),
(213, 'URGENT!! Issue Mitigation Implementation Deadline', 'Please be notified that Issue #214 is set to be reviewed on 2016-07-27. <br /><br />Issue ID: 214. <br />Issue Details: Broken glass in waiting hall way. <br />Implementation Details: Replace tile floors with something more rough', 'sent', 12, 0, 'GROUP', 1, '2016-07-26 21:28:43', NULL, NULL, NULL, 0),
(214, 'URGENT!! Issue Mitigation Implementation Deadline', 'Please be notified that Issue #214 is set to be reviewed on 2016-07-27. <br /><br />Issue ID: 214. <br />Issue Details: Broken glass in waiting hall way. <br />Implementation Details: Replace tile floors with something more rough', 'sent', 13, 0, 'GROUP', 1, '2016-07-26 21:29:03', NULL, NULL, NULL, 0),
(215, 'URGENT!! Hazard Review', 'Please be notified that Hazard #108 is set to be reviewed on 2016-02-27. <br /><br />Hazard ID: 108. <br />Details: Trees blocking run way view', 'sent', 1, 0, 'GROUP', 1, '2016-07-27 21:00:46', NULL, NULL, NULL, 0),
(216, 'URGENT!! Hazard Review', 'Please be notified that Hazard #108 is set to be reviewed on 2016-02-27. <br /><br />Hazard ID: 108. <br />Details: Trees blocking run way view', 'read', 2, 0, 'GROUP', 1, '2016-07-27 21:00:50', NULL, NULL, NULL, 0),
(217, 'URGENT!! Hazard Review', 'Please be notified that Hazard #108 is set to be reviewed on 2016-02-27. <br /><br />Hazard ID: 108. <br />Details: Trees blocking run way view', 'sent', 4, 0, 'GROUP', 1, '2016-07-27 21:00:53', NULL, NULL, NULL, 0),
(218, 'URGENT!! Hazard Review', 'Please be notified that Hazard #108 is set to be reviewed on 2016-02-27. <br /><br />Hazard ID: 108. <br />Details: Trees blocking run way view', 'sent', 5, 0, 'GROUP', 1, '2016-07-27 21:00:58', NULL, NULL, NULL, 0),
(219, 'URGENT!! Hazard Review', 'Please be notified that Hazard #108 is set to be reviewed on 2016-02-27. <br /><br />Hazard ID: 108. <br />Details: Trees blocking run way view', 'sent', 6, 0, 'GROUP', 1, '2016-07-27 21:01:01', NULL, NULL, NULL, 0),
(220, 'URGENT!! Hazard Review', 'Please be notified that Hazard #108 is set to be reviewed on 2016-02-27. <br /><br />Hazard ID: 108. <br />Details: Trees blocking run way view', 'sent', 7, 0, 'GROUP', 1, '2016-07-27 21:01:05', NULL, NULL, NULL, 0),
(221, 'URGENT!! Hazard Review', 'Please be notified that Hazard #108 is set to be reviewed on 2016-02-27. <br /><br />Hazard ID: 108. <br />Details: Trees blocking run way view', 'sent', 9, 0, 'GROUP', 1, '2016-07-27 21:01:09', NULL, NULL, NULL, 0),
(222, 'URGENT!! Hazard Review', 'Please be notified that Hazard #108 is set to be reviewed on 2016-02-27. <br /><br />Hazard ID: 108. <br />Details: Trees blocking run way view', 'sent', 10, 0, 'GROUP', 1, '2016-07-27 21:01:13', NULL, NULL, NULL, 0),
(223, 'URGENT!! Hazard Review', 'Please be notified that Hazard #108 is set to be reviewed on 2016-02-27. <br /><br />Hazard ID: 108. <br />Details: Trees blocking run way view', 'sent', 11, 0, 'GROUP', 1, '2016-07-27 21:01:17', NULL, NULL, NULL, 0),
(224, 'URGENT!! Hazard Review', 'Please be notified that Hazard #108 is set to be reviewed on 2016-02-27. <br /><br />Hazard ID: 108. <br />Details: Trees blocking run way view', 'sent', 12, 0, 'GROUP', 1, '2016-07-27 21:01:21', NULL, NULL, NULL, 0),
(225, 'URGENT!! Hazard Review', 'Please be notified that Hazard #108 is set to be reviewed on 2016-02-27. <br /><br />Hazard ID: 108. <br />Details: Trees blocking run way view', 'sent', 13, 0, 'GROUP', 1, '2016-07-27 21:01:25', NULL, NULL, NULL, 0),
(226, 'URGENT!! Hazard Review', 'Please be notified that Hazard #126 is set to be reviewed on 2016-06-28. <br /><br />Hazard ID: 126. <br />Details: Explosion in server room', 'sent', 1, 0, 'GROUP', 1, '2016-07-27 21:02:13', NULL, NULL, NULL, 0),
(227, 'URGENT!! Hazard Review', 'Please be notified that Hazard #126 is set to be reviewed on 2016-06-28. <br /><br />Hazard ID: 126. <br />Details: Explosion in server room', 'read', 2, 0, 'GROUP', 1, '2016-07-27 21:02:17', NULL, NULL, NULL, 0),
(228, 'URGENT!! Hazard Review', 'Please be notified that Hazard #126 is set to be reviewed on 2016-06-28. <br /><br />Hazard ID: 126. <br />Details: Explosion in server room', 'sent', 4, 0, 'GROUP', 1, '2016-07-27 21:02:20', NULL, NULL, NULL, 0),
(229, 'URGENT!! Hazard Review', 'Please be notified that Hazard #126 is set to be reviewed on 2016-06-28. <br /><br />Hazard ID: 126. <br />Details: Explosion in server room', 'sent', 5, 0, 'GROUP', 1, '2016-07-27 21:02:25', NULL, NULL, NULL, 0),
(230, 'URGENT!! Hazard Review', 'Please be notified that Hazard #126 is set to be reviewed on 2016-06-28. <br /><br />Hazard ID: 126. <br />Details: Explosion in server room', 'sent', 6, 0, 'GROUP', 1, '2016-07-27 21:02:29', NULL, NULL, NULL, 0),
(231, 'URGENT!! Hazard Review', 'Please be notified that Hazard #126 is set to be reviewed on 2016-06-28. <br /><br />Hazard ID: 126. <br />Details: Explosion in server room', 'sent', 7, 0, 'GROUP', 1, '2016-07-27 21:02:33', NULL, NULL, NULL, 0),
(232, 'URGENT!! Hazard Review', 'Please be notified that Hazard #126 is set to be reviewed on 2016-06-28. <br /><br />Hazard ID: 126. <br />Details: Explosion in server room', 'sent', 9, 0, 'GROUP', 1, '2016-07-27 21:02:37', NULL, NULL, NULL, 0),
(233, 'URGENT!! Hazard Review', 'Please be notified that Hazard #126 is set to be reviewed on 2016-06-28. <br /><br />Hazard ID: 126. <br />Details: Explosion in server room', 'sent', 10, 0, 'GROUP', 1, '2016-07-27 21:02:41', NULL, NULL, NULL, 0),
(234, 'URGENT!! Hazard Review', 'Please be notified that Hazard #126 is set to be reviewed on 2016-06-28. <br /><br />Hazard ID: 126. <br />Details: Explosion in server room', 'sent', 11, 0, 'GROUP', 1, '2016-07-27 21:02:45', NULL, NULL, NULL, 0),
(235, 'URGENT!! Hazard Review', 'Please be notified that Hazard #126 is set to be reviewed on 2016-06-28. <br /><br />Hazard ID: 126. <br />Details: Explosion in server room', 'sent', 12, 0, 'GROUP', 1, '2016-07-27 21:02:49', NULL, NULL, NULL, 0),
(236, 'URGENT!! Hazard Review', 'Please be notified that Hazard #126 is set to be reviewed on 2016-06-28. <br /><br />Hazard ID: 126. <br />Details: Explosion in server room', 'sent', 13, 0, 'GROUP', 1, '2016-07-27 21:02:53', NULL, NULL, NULL, 0),
(237, 'URGENT!! Hazard Mitigation Implementation Deadline', 'Please be notified that Hazard #11 is set to be reviewed on 2016-02-21. <br /><br />Hazard ID: 11. <br />Hazard Details: A track broke down on the runway. <br />Implementation Details: Stop using trolleys', 'sent', 1, 0, 'GROUP', 1, '2016-07-27 21:03:44', NULL, NULL, NULL, 0),
(238, 'URGENT!! Hazard Mitigation Implementation Deadline', 'Please be notified that Hazard #11 is set to be reviewed on 2016-02-21. <br /><br />Hazard ID: 11. <br />Hazard Details: A track broke down on the runway. <br />Implementation Details: Stop using trolleys', 'read', 2, 0, 'GROUP', 1, '2016-07-27 21:03:48', NULL, NULL, NULL, 0),
(239, 'URGENT!! Hazard Mitigation Implementation Deadline', 'Please be notified that Hazard #11 is set to be reviewed on 2016-02-21. <br /><br />Hazard ID: 11. <br />Hazard Details: A track broke down on the runway. <br />Implementation Details: Stop using trolleys', 'sent', 4, 0, 'GROUP', 1, '2016-07-27 21:03:52', NULL, NULL, NULL, 0),
(240, 'URGENT!! Hazard Mitigation Implementation Deadline', 'Please be notified that Hazard #11 is set to be reviewed on 2016-02-21. <br /><br />Hazard ID: 11. <br />Hazard Details: A track broke down on the runway. <br />Implementation Details: Stop using trolleys', 'sent', 5, 0, 'GROUP', 1, '2016-07-27 21:03:57', NULL, NULL, NULL, 0),
(241, 'URGENT!! Hazard Mitigation Implementation Deadline', 'Please be notified that Hazard #11 is set to be reviewed on 2016-02-21. <br /><br />Hazard ID: 11. <br />Hazard Details: A track broke down on the runway. <br />Implementation Details: Stop using trolleys', 'sent', 6, 0, 'GROUP', 1, '2016-07-27 21:04:01', NULL, NULL, NULL, 0),
(242, 'URGENT!! Hazard Mitigation Implementation Deadline', 'Please be notified that Hazard #11 is set to be reviewed on 2016-02-21. <br /><br />Hazard ID: 11. <br />Hazard Details: A track broke down on the runway. <br />Implementation Details: Stop using trolleys', 'sent', 7, 0, 'GROUP', 1, '2016-07-27 21:04:05', NULL, NULL, NULL, 0),
(243, 'URGENT!! Hazard Mitigation Implementation Deadline', 'Please be notified that Hazard #11 is set to be reviewed on 2016-02-21. <br /><br />Hazard ID: 11. <br />Hazard Details: A track broke down on the runway. <br />Implementation Details: Stop using trolleys', 'sent', 9, 0, 'GROUP', 1, '2016-07-27 21:04:10', NULL, NULL, NULL, 0),
(244, 'URGENT!! Hazard Mitigation Implementation Deadline', 'Please be notified that Hazard #11 is set to be reviewed on 2016-02-21. <br /><br />Hazard ID: 11. <br />Hazard Details: A track broke down on the runway. <br />Implementation Details: Stop using trolleys', 'sent', 10, 0, 'GROUP', 1, '2016-07-27 21:04:14', NULL, NULL, NULL, 0),
(245, 'URGENT!! Hazard Mitigation Implementation Deadline', 'Please be notified that Hazard #11 is set to be reviewed on 2016-02-21. <br /><br />Hazard ID: 11. <br />Hazard Details: A track broke down on the runway. <br />Implementation Details: Stop using trolleys', 'sent', 11, 0, 'GROUP', 1, '2016-07-27 21:04:18', NULL, NULL, NULL, 0),
(246, 'URGENT!! Hazard Mitigation Implementation Deadline', 'Please be notified that Hazard #11 is set to be reviewed on 2016-02-21. <br /><br />Hazard ID: 11. <br />Hazard Details: A track broke down on the runway. <br />Implementation Details: Stop using trolleys', 'sent', 12, 0, 'GROUP', 1, '2016-07-27 21:04:22', NULL, NULL, NULL, 0),
(247, 'URGENT!! Hazard Mitigation Implementation Deadline', 'Please be notified that Hazard #11 is set to be reviewed on 2016-02-21. <br /><br />Hazard ID: 11. <br />Hazard Details: A track broke down on the runway. <br />Implementation Details: Stop using trolleys', 'sent', 13, 0, 'GROUP', 1, '2016-07-27 21:04:26', NULL, NULL, NULL, 0),
(248, 'URGENT!! Incident Mitigation Implementation Deadli', 'Please be notified that Incident #10 is set to be reviewed on 2015-07-27. <br /><br />Incident ID: 10. <br />Incident Details: A track broke down on the runway. <br />Implementation Details: Replace floor tiles.', 'sent', 1, 0, 'GROUP', 1, '2016-07-27 21:05:13', NULL, NULL, NULL, 0),
(249, 'URGENT!! Incident Mitigation Implementation Deadli', 'Please be notified that Incident #10 is set to be reviewed on 2015-07-27. <br /><br />Incident ID: 10. <br />Incident Details: A track broke down on the runway. <br />Implementation Details: Replace floor tiles.', 'read', 2, 0, 'GROUP', 1, '2016-07-27 21:05:17', NULL, NULL, NULL, 0),
(250, 'URGENT!! Incident Mitigation Implementation Deadli', 'Please be notified that Incident #10 is set to be reviewed on 2015-07-27. <br /><br />Incident ID: 10. <br />Incident Details: A track broke down on the runway. <br />Implementation Details: Replace floor tiles.', 'sent', 4, 0, 'GROUP', 1, '2016-07-27 21:05:21', NULL, NULL, NULL, 0),
(251, 'URGENT!! Incident Mitigation Implementation Deadli', 'Please be notified that Incident #10 is set to be reviewed on 2015-07-27. <br /><br />Incident ID: 10. <br />Incident Details: A track broke down on the runway. <br />Implementation Details: Replace floor tiles.', 'sent', 5, 0, 'GROUP', 1, '2016-07-27 21:05:25', NULL, NULL, NULL, 0),
(252, 'URGENT!! Incident Mitigation Implementation Deadli', 'Please be notified that Incident #10 is set to be reviewed on 2015-07-27. <br /><br />Incident ID: 10. <br />Incident Details: A track broke down on the runway. <br />Implementation Details: Replace floor tiles.', 'sent', 6, 0, 'GROUP', 1, '2016-07-27 21:05:29', NULL, NULL, NULL, 0),
(253, 'URGENT!! Incident Mitigation Implementation Deadli', 'Please be notified that Incident #10 is set to be reviewed on 2015-07-27. <br /><br />Incident ID: 10. <br />Incident Details: A track broke down on the runway. <br />Implementation Details: Replace floor tiles.', 'sent', 7, 0, 'GROUP', 1, '2016-07-27 21:05:33', NULL, NULL, NULL, 0),
(254, 'URGENT!! Incident Mitigation Implementation Deadli', 'Please be notified that Incident #10 is set to be reviewed on 2015-07-27. <br /><br />Incident ID: 10. <br />Incident Details: A track broke down on the runway. <br />Implementation Details: Replace floor tiles.', 'sent', 9, 0, 'GROUP', 1, '2016-07-27 21:05:37', NULL, NULL, NULL, 0),
(255, 'URGENT!! Incident Mitigation Implementation Deadli', 'Please be notified that Incident #10 is set to be reviewed on 2015-07-27. <br /><br />Incident ID: 10. <br />Incident Details: A track broke down on the runway. <br />Implementation Details: Replace floor tiles.', 'sent', 10, 0, 'GROUP', 1, '2016-07-27 21:05:41', NULL, NULL, NULL, 0),
(256, 'URGENT!! Incident Mitigation Implementation Deadli', 'Please be notified that Incident #10 is set to be reviewed on 2015-07-27. <br /><br />Incident ID: 10. <br />Incident Details: A track broke down on the runway. <br />Implementation Details: Replace floor tiles.', 'sent', 11, 0, 'GROUP', 1, '2016-07-27 21:05:45', NULL, NULL, NULL, 0),
(257, 'URGENT!! Incident Mitigation Implementation Deadli', 'Please be notified that Incident #10 is set to be reviewed on 2015-07-27. <br /><br />Incident ID: 10. <br />Incident Details: A track broke down on the runway. <br />Implementation Details: Replace floor tiles.', 'sent', 12, 0, 'GROUP', 1, '2016-07-27 21:05:49', NULL, NULL, NULL, 0),
(258, 'URGENT!! Incident Mitigation Implementation Deadli', 'Please be notified that Incident #10 is set to be reviewed on 2015-07-27. <br /><br />Incident ID: 10. <br />Incident Details: A track broke down on the runway. <br />Implementation Details: Replace floor tiles.', 'sent', 13, 0, 'GROUP', 1, '2016-07-27 21:05:53', NULL, NULL, NULL, 0),
(259, 'URGENT!! Hazard Mitigation Implementation Deadline', 'Please be notified that Hazard #1 is set to be reviewed on 2015-07-27. <br /><br />Hazard ID: 1. <br />Hazard Details: There is too much heat in tower due lack of airconditioning. This causes headache, low performance and sometimes we get dizzy and feel like faiting. This has gone on for a very long time and it gets worse day by day.. <br />Implementation Details: Replace the air conditioner', 'sent', 1, 0, 'GROUP', 1, '2016-07-27 21:06:42', NULL, NULL, NULL, 0),
(260, 'URGENT!! Hazard Mitigation Implementation Deadline', 'Please be notified that Hazard #1 is set to be reviewed on 2015-07-27. <br /><br />Hazard ID: 1. <br />Hazard Details: There is too much heat in tower due lack of airconditioning. This causes headache, low performance and sometimes we get dizzy and feel like faiting. This has gone on for a very long time and it gets worse day by day.. <br />Implementation Details: Replace the air conditioner', 'read', 2, 0, 'GROUP', 1, '2016-07-27 21:06:46', NULL, NULL, NULL, 0),
(261, 'URGENT!! Hazard Mitigation Implementation Deadline', 'Please be notified that Hazard #1 is set to be reviewed on 2015-07-27. <br /><br />Hazard ID: 1. <br />Hazard Details: There is too much heat in tower due lack of airconditioning. This causes headache, low performance and sometimes we get dizzy and feel like faiting. This has gone on for a very long time and it gets worse day by day.. <br />Implementation Details: Replace the air conditioner', 'sent', 4, 0, 'GROUP', 1, '2016-07-27 21:06:50', NULL, NULL, NULL, 0),
(262, 'URGENT!! Hazard Mitigation Implementation Deadline', 'Please be notified that Hazard #1 is set to be reviewed on 2015-07-27. <br /><br />Hazard ID: 1. <br />Hazard Details: There is too much heat in tower due lack of airconditioning. This causes headache, low performance and sometimes we get dizzy and feel like faiting. This has gone on for a very long time and it gets worse day by day.. <br />Implementation Details: Replace the air conditioner', 'sent', 5, 0, 'GROUP', 1, '2016-07-27 21:06:54', NULL, NULL, NULL, 0),
(263, 'URGENT!! Hazard Mitigation Implementation Deadline', 'Please be notified that Hazard #1 is set to be reviewed on 2015-07-27. <br /><br />Hazard ID: 1. <br />Hazard Details: There is too much heat in tower due lack of airconditioning. This causes headache, low performance and sometimes we get dizzy and feel like faiting. This has gone on for a very long time and it gets worse day by day.. <br />Implementation Details: Replace the air conditioner', 'sent', 6, 0, 'GROUP', 1, '2016-07-27 21:06:58', NULL, NULL, NULL, 0),
(264, 'URGENT!! Hazard Mitigation Implementation Deadline', 'Please be notified that Hazard #1 is set to be reviewed on 2015-07-27. <br /><br />Hazard ID: 1. <br />Hazard Details: There is too much heat in tower due lack of airconditioning. This causes headache, low performance and sometimes we get dizzy and feel like faiting. This has gone on for a very long time and it gets worse day by day.. <br />Implementation Details: Replace the air conditioner', 'sent', 7, 0, 'GROUP', 1, '2016-07-27 21:07:02', NULL, NULL, NULL, 0),
(265, 'URGENT!! Hazard Mitigation Implementation Deadline', 'Please be notified that Hazard #1 is set to be reviewed on 2015-07-27. <br /><br />Hazard ID: 1. <br />Hazard Details: There is too much heat in tower due lack of airconditioning. This causes headache, low performance and sometimes we get dizzy and feel like faiting. This has gone on for a very long time and it gets worse day by day.. <br />Implementation Details: Replace the air conditioner', 'sent', 9, 0, 'GROUP', 1, '2016-07-27 21:07:06', NULL, NULL, NULL, 0),
(266, 'URGENT!! Hazard Mitigation Implementation Deadline', 'Please be notified that Hazard #1 is set to be reviewed on 2015-07-27. <br /><br />Hazard ID: 1. <br />Hazard Details: There is too much heat in tower due lack of airconditioning. This causes headache, low performance and sometimes we get dizzy and feel like faiting. This has gone on for a very long time and it gets worse day by day.. <br />Implementation Details: Replace the air conditioner', 'sent', 10, 0, 'GROUP', 1, '2016-07-27 21:07:10', NULL, NULL, NULL, 0),
(267, 'URGENT!! Hazard Mitigation Implementation Deadline', 'Please be notified that Hazard #1 is set to be reviewed on 2015-07-27. <br /><br />Hazard ID: 1. <br />Hazard Details: There is too much heat in tower due lack of airconditioning. This causes headache, low performance and sometimes we get dizzy and feel like faiting. This has gone on for a very long time and it gets worse day by day.. <br />Implementation Details: Replace the air conditioner', 'sent', 11, 0, 'GROUP', 1, '2016-07-27 21:07:15', NULL, NULL, NULL, 0),
(268, 'URGENT!! Hazard Mitigation Implementation Deadline', 'Please be notified that Hazard #1 is set to be reviewed on 2015-07-27. <br /><br />Hazard ID: 1. <br />Hazard Details: There is too much heat in tower due lack of airconditioning. This causes headache, low performance and sometimes we get dizzy and feel like faiting. This has gone on for a very long time and it gets worse day by day.. <br />Implementation Details: Replace the air conditioner', 'sent', 12, 0, 'GROUP', 1, '2016-07-27 21:07:19', NULL, NULL, NULL, 0),
(269, 'URGENT!! Hazard Mitigation Implementation Deadline', 'Please be notified that Hazard #1 is set to be reviewed on 2015-07-27. <br /><br />Hazard ID: 1. <br />Hazard Details: There is too much heat in tower due lack of airconditioning. This causes headache, low performance and sometimes we get dizzy and feel like faiting. This has gone on for a very long time and it gets worse day by day.. <br />Implementation Details: Replace the air conditioner', 'sent', 13, 0, 'GROUP', 1, '2016-07-27 21:07:23', NULL, NULL, NULL, 0),
(270, 'URGENT!! Incident Mitigation Implementation Deadli', 'Please be notified that Incident #13 is set to be reviewed on 2015-07-28. <br /><br />Incident ID: 13. <br />Incident Details: Hanging wires in server room. <br />Implementation Details: Internal I.T team is trying to handle', 'sent', 1, 0, 'GROUP', 1, '2016-07-27 21:08:10', NULL, NULL, NULL, 0),
(271, 'URGENT!! Incident Mitigation Implementation Deadli', 'Please be notified that Incident #13 is set to be reviewed on 2015-07-28. <br /><br />Incident ID: 13. <br />Incident Details: Hanging wires in server room. <br />Implementation Details: Internal I.T team is trying to handle', 'read', 2, 0, 'GROUP', 1, '2016-07-27 21:08:14', NULL, NULL, NULL, 0),
(272, 'URGENT!! Incident Mitigation Implementation Deadli', 'Please be notified that Incident #13 is set to be reviewed on 2015-07-28. <br /><br />Incident ID: 13. <br />Incident Details: Hanging wires in server room. <br />Implementation Details: Internal I.T team is trying to handle', 'sent', 4, 0, 'GROUP', 1, '2016-07-27 21:08:18', NULL, NULL, NULL, 0),
(273, 'URGENT!! Incident Mitigation Implementation Deadli', 'Please be notified that Incident #13 is set to be reviewed on 2015-07-28. <br /><br />Incident ID: 13. <br />Incident Details: Hanging wires in server room. <br />Implementation Details: Internal I.T team is trying to handle', 'sent', 5, 0, 'GROUP', 1, '2016-07-27 21:08:22', NULL, NULL, NULL, 0),
(274, 'URGENT!! Incident Mitigation Implementation Deadli', 'Please be notified that Incident #13 is set to be reviewed on 2015-07-28. <br /><br />Incident ID: 13. <br />Incident Details: Hanging wires in server room. <br />Implementation Details: Internal I.T team is trying to handle', 'sent', 6, 0, 'GROUP', 1, '2016-07-27 21:08:27', NULL, NULL, NULL, 0),
(275, 'URGENT!! Incident Mitigation Implementation Deadli', 'Please be notified that Incident #13 is set to be reviewed on 2015-07-28. <br /><br />Incident ID: 13. <br />Incident Details: Hanging wires in server room. <br />Implementation Details: Internal I.T team is trying to handle', 'sent', 7, 0, 'GROUP', 1, '2016-07-27 21:08:31', NULL, NULL, NULL, 0),
(276, 'URGENT!! Incident Mitigation Implementation Deadli', 'Please be notified that Incident #13 is set to be reviewed on 2015-07-28. <br /><br />Incident ID: 13. <br />Incident Details: Hanging wires in server room. <br />Implementation Details: Internal I.T team is trying to handle', 'sent', 9, 0, 'GROUP', 1, '2016-07-27 21:08:35', NULL, NULL, NULL, 0),
(277, 'URGENT!! Incident Mitigation Implementation Deadli', 'Please be notified that Incident #13 is set to be reviewed on 2015-07-28. <br /><br />Incident ID: 13. <br />Incident Details: Hanging wires in server room. <br />Implementation Details: Internal I.T team is trying to handle', 'sent', 10, 0, 'GROUP', 1, '2016-07-27 21:08:39', NULL, NULL, NULL, 0),
(278, 'URGENT!! Incident Mitigation Implementation Deadli', 'Please be notified that Incident #13 is set to be reviewed on 2015-07-28. <br /><br />Incident ID: 13. <br />Incident Details: Hanging wires in server room. <br />Implementation Details: Internal I.T team is trying to handle', 'sent', 11, 0, 'GROUP', 1, '2016-07-27 21:08:43', NULL, NULL, NULL, 0),
(279, 'URGENT!! Incident Mitigation Implementation Deadli', 'Please be notified that Incident #13 is set to be reviewed on 2015-07-28. <br /><br />Incident ID: 13. <br />Incident Details: Hanging wires in server room. <br />Implementation Details: Internal I.T team is trying to handle', 'sent', 12, 0, 'GROUP', 1, '2016-07-27 21:08:47', NULL, NULL, NULL, 0),
(280, 'URGENT!! Incident Mitigation Implementation Deadli', 'Please be notified that Incident #13 is set to be reviewed on 2015-07-28. <br /><br />Incident ID: 13. <br />Incident Details: Hanging wires in server room. <br />Implementation Details: Internal I.T team is trying to handle', 'sent', 13, 0, 'GROUP', 1, '2016-07-27 21:08:51', NULL, NULL, NULL, 0),
(281, 'URGENT!! Hazard Mitigation Implementation Deadline', 'Please be notified that Hazard #108 is set to be reviewed on 2016-02-21. <br /><br />Hazard ID: 108. <br />Hazard Details: Trees blocking run way view. <br />Implementation Details: tesr', 'sent', 1, 0, 'GROUP', 1, '2016-07-27 21:09:41', NULL, NULL, NULL, 0),
(282, 'URGENT!! Hazard Mitigation Implementation Deadline', 'Please be notified that Hazard #108 is set to be reviewed on 2016-02-21. <br /><br />Hazard ID: 108. <br />Hazard Details: Trees blocking run way view. <br />Implementation Details: tesr', 'read', 2, 0, 'GROUP', 1, '2016-07-27 21:09:45', NULL, NULL, NULL, 0),
(283, 'URGENT!! Hazard Mitigation Implementation Deadline', 'Please be notified that Hazard #108 is set to be reviewed on 2016-02-21. <br /><br />Hazard ID: 108. <br />Hazard Details: Trees blocking run way view. <br />Implementation Details: tesr', 'sent', 4, 0, 'GROUP', 1, '2016-07-27 21:09:50', NULL, NULL, NULL, 0),
(284, 'URGENT!! Hazard Mitigation Implementation Deadline', 'Please be notified that Hazard #108 is set to be reviewed on 2016-02-21. <br /><br />Hazard ID: 108. <br />Hazard Details: Trees blocking run way view. <br />Implementation Details: tesr', 'sent', 5, 0, 'GROUP', 1, '2016-07-27 21:09:54', NULL, NULL, NULL, 0),
(285, 'URGENT!! Hazard Mitigation Implementation Deadline', 'Please be notified that Hazard #108 is set to be reviewed on 2016-02-21. <br /><br />Hazard ID: 108. <br />Hazard Details: Trees blocking run way view. <br />Implementation Details: tesr', 'sent', 6, 0, 'GROUP', 1, '2016-07-27 21:09:58', NULL, NULL, NULL, 0),
(286, 'URGENT!! Hazard Mitigation Implementation Deadline', 'Please be notified that Hazard #108 is set to be reviewed on 2016-02-21. <br /><br />Hazard ID: 108. <br />Hazard Details: Trees blocking run way view. <br />Implementation Details: tesr', 'sent', 7, 0, 'GROUP', 1, '2016-07-27 21:10:04', NULL, NULL, NULL, 0),
(287, 'URGENT!! Hazard Mitigation Implementation Deadline', 'Please be notified that Hazard #108 is set to be reviewed on 2016-02-21. <br /><br />Hazard ID: 108. <br />Hazard Details: Trees blocking run way view. <br />Implementation Details: tesr', 'sent', 9, 0, 'GROUP', 1, '2016-07-27 21:10:08', NULL, NULL, NULL, 0),
(288, 'URGENT!! Hazard Mitigation Implementation Deadline', 'Please be notified that Hazard #108 is set to be reviewed on 2016-02-21. <br /><br />Hazard ID: 108. <br />Hazard Details: Trees blocking run way view. <br />Implementation Details: tesr', 'sent', 10, 0, 'GROUP', 1, '2016-07-27 21:10:17', NULL, NULL, NULL, 0),
(289, 'URGENT!! Hazard Mitigation Implementation Deadline', 'Please be notified that Hazard #108 is set to be reviewed on 2016-02-21. <br /><br />Hazard ID: 108. <br />Hazard Details: Trees blocking run way view. <br />Implementation Details: tesr', 'sent', 11, 0, 'GROUP', 1, '2016-07-27 21:10:21', NULL, NULL, NULL, 0),
(290, 'URGENT!! Hazard Mitigation Implementation Deadline', 'Please be notified that Hazard #108 is set to be reviewed on 2016-02-21. <br /><br />Hazard ID: 108. <br />Hazard Details: Trees blocking run way view. <br />Implementation Details: tesr', 'sent', 12, 0, 'GROUP', 1, '2016-07-27 21:10:25', NULL, NULL, NULL, 0),
(291, 'URGENT!! Hazard Mitigation Implementation Deadline', 'Please be notified that Hazard #108 is set to be reviewed on 2016-02-21. <br /><br />Hazard ID: 108. <br />Hazard Details: Trees blocking run way view. <br />Implementation Details: tesr', 'sent', 13, 0, 'GROUP', 1, '2016-07-27 21:10:29', NULL, NULL, NULL, 0),
(292, 'URGENT!! Hazard Mitigation Implementation Deadline', 'Please be notified that Hazard #108 is set to be reviewed on 2016-02-21. <br /><br />Hazard ID: 108. <br />Hazard Details: Trees blocking run way view. <br />Implementation Details: TESR', 'sent', 1, 0, 'GROUP', 1, '2016-07-27 21:11:18', NULL, NULL, NULL, 0),
(293, 'URGENT!! Hazard Mitigation Implementation Deadline', 'Please be notified that Hazard #108 is set to be reviewed on 2016-02-21. <br /><br />Hazard ID: 108. <br />Hazard Details: Trees blocking run way view. <br />Implementation Details: TESR', 'read', 2, 0, 'GROUP', 1, '2016-07-27 21:11:23', NULL, NULL, NULL, 0),
(294, 'URGENT!! Hazard Mitigation Implementation Deadline', 'Please be notified that Hazard #108 is set to be reviewed on 2016-02-21. <br /><br />Hazard ID: 108. <br />Hazard Details: Trees blocking run way view. <br />Implementation Details: TESR', 'sent', 4, 0, 'GROUP', 1, '2016-07-27 21:11:27', NULL, NULL, NULL, 0),
(295, 'URGENT!! Hazard Mitigation Implementation Deadline', 'Please be notified that Hazard #108 is set to be reviewed on 2016-02-21. <br /><br />Hazard ID: 108. <br />Hazard Details: Trees blocking run way view. <br />Implementation Details: TESR', 'sent', 5, 0, 'GROUP', 1, '2016-07-27 21:11:31', NULL, NULL, NULL, 0),
(296, 'URGENT!! Hazard Mitigation Implementation Deadline', 'Please be notified that Hazard #108 is set to be reviewed on 2016-02-21. <br /><br />Hazard ID: 108. <br />Hazard Details: Trees blocking run way view. <br />Implementation Details: TESR', 'sent', 6, 0, 'GROUP', 1, '2016-07-27 21:11:35', NULL, NULL, NULL, 0),
(297, 'URGENT!! Hazard Mitigation Implementation Deadline', 'Please be notified that Hazard #108 is set to be reviewed on 2016-02-21. <br /><br />Hazard ID: 108. <br />Hazard Details: Trees blocking run way view. <br />Implementation Details: TESR', 'sent', 7, 0, 'GROUP', 1, '2016-07-27 21:11:39', NULL, NULL, NULL, 0),
(298, 'URGENT!! Hazard Mitigation Implementation Deadline', 'Please be notified that Hazard #108 is set to be reviewed on 2016-02-21. <br /><br />Hazard ID: 108. <br />Hazard Details: Trees blocking run way view. <br />Implementation Details: TESR', 'sent', 9, 0, 'GROUP', 1, '2016-07-27 21:11:43', NULL, NULL, NULL, 0),
(299, 'URGENT!! Hazard Mitigation Implementation Deadline', 'Please be notified that Hazard #108 is set to be reviewed on 2016-02-21. <br /><br />Hazard ID: 108. <br />Hazard Details: Trees blocking run way view. <br />Implementation Details: TESR', 'sent', 10, 0, 'GROUP', 1, '2016-07-27 21:11:48', NULL, NULL, NULL, 0),
(300, 'URGENT!! Hazard Mitigation Implementation Deadline', 'Please be notified that Hazard #108 is set to be reviewed on 2016-02-21. <br /><br />Hazard ID: 108. <br />Hazard Details: Trees blocking run way view. <br />Implementation Details: TESR', 'sent', 11, 0, 'GROUP', 1, '2016-07-27 21:11:52', NULL, NULL, NULL, 0),
(301, 'URGENT!! Hazard Mitigation Implementation Deadline', 'Please be notified that Hazard #108 is set to be reviewed on 2016-02-21. <br /><br />Hazard ID: 108. <br />Hazard Details: Trees blocking run way view. <br />Implementation Details: TESR', 'sent', 12, 0, 'GROUP', 1, '2016-07-27 21:11:56', NULL, NULL, NULL, 0),
(302, 'URGENT!! Hazard Mitigation Implementation Deadline', 'Please be notified that Hazard #108 is set to be reviewed on 2016-02-21. <br /><br />Hazard ID: 108. <br />Hazard Details: Trees blocking run way view. <br />Implementation Details: TESR', 'sent', 13, 0, 'GROUP', 1, '2016-07-27 21:11:59', NULL, NULL, NULL, 0),
(303, 'URGENT!! Hazard Mitigation Implementation Deadline', 'Please be notified that Hazard #108 is set to be reviewed on 2016-02-21. <br /><br />Hazard ID: 108. <br />Hazard Details: Trees blocking run way view. <br />Implementation Details: TESTRD', 'sent', 1, 0, 'GROUP', 1, '2016-07-27 21:12:50', NULL, NULL, NULL, 0),
(304, 'URGENT!! Hazard Mitigation Implementation Deadline', 'Please be notified that Hazard #108 is set to be reviewed on 2016-02-21. <br /><br />Hazard ID: 108. <br />Hazard Details: Trees blocking run way view. <br />Implementation Details: TESTRD', 'read', 2, 0, 'GROUP', 1, '2016-07-27 21:12:54', NULL, NULL, NULL, 0),
(305, 'URGENT!! Hazard Mitigation Implementation Deadline', 'Please be notified that Hazard #108 is set to be reviewed on 2016-02-21. <br /><br />Hazard ID: 108. <br />Hazard Details: Trees blocking run way view. <br />Implementation Details: TESTRD', 'sent', 4, 0, 'GROUP', 1, '2016-07-27 21:12:59', NULL, NULL, NULL, 0),
(306, 'URGENT!! Hazard Mitigation Implementation Deadline', 'Please be notified that Hazard #108 is set to be reviewed on 2016-02-21. <br /><br />Hazard ID: 108. <br />Hazard Details: Trees blocking run way view. <br />Implementation Details: TESTRD', 'sent', 5, 0, 'GROUP', 1, '2016-07-27 21:13:03', NULL, NULL, NULL, 0),
(307, 'URGENT!! Hazard Mitigation Implementation Deadline', 'Please be notified that Hazard #108 is set to be reviewed on 2016-02-21. <br /><br />Hazard ID: 108. <br />Hazard Details: Trees blocking run way view. <br />Implementation Details: TESTRD', 'sent', 6, 0, 'GROUP', 1, '2016-07-27 21:13:07', NULL, NULL, NULL, 0),
(308, 'URGENT!! Hazard Mitigation Implementation Deadline', 'Please be notified that Hazard #108 is set to be reviewed on 2016-02-21. <br /><br />Hazard ID: 108. <br />Hazard Details: Trees blocking run way view. <br />Implementation Details: TESTRD', 'sent', 7, 0, 'GROUP', 1, '2016-07-27 21:13:11', NULL, NULL, NULL, 0),
(309, 'URGENT!! Hazard Mitigation Implementation Deadline', 'Please be notified that Hazard #108 is set to be reviewed on 2016-02-21. <br /><br />Hazard ID: 108. <br />Hazard Details: Trees blocking run way view. <br />Implementation Details: TESTRD', 'sent', 9, 0, 'GROUP', 1, '2016-07-27 21:13:16', NULL, NULL, NULL, 0),
(310, 'URGENT!! Hazard Mitigation Implementation Deadline', 'Please be notified that Hazard #108 is set to be reviewed on 2016-02-21. <br /><br />Hazard ID: 108. <br />Hazard Details: Trees blocking run way view. <br />Implementation Details: TESTRD', 'sent', 10, 0, 'GROUP', 1, '2016-07-27 21:13:20', NULL, NULL, NULL, 0),
(311, 'URGENT!! Hazard Mitigation Implementation Deadline', 'Please be notified that Hazard #108 is set to be reviewed on 2016-02-21. <br /><br />Hazard ID: 108. <br />Hazard Details: Trees blocking run way view. <br />Implementation Details: TESTRD', 'sent', 11, 0, 'GROUP', 1, '2016-07-27 21:13:24', NULL, NULL, NULL, 0),
(312, 'URGENT!! Hazard Mitigation Implementation Deadline', 'Please be notified that Hazard #108 is set to be reviewed on 2016-02-21. <br /><br />Hazard ID: 108. <br />Hazard Details: Trees blocking run way view. <br />Implementation Details: TESTRD', 'sent', 12, 0, 'GROUP', 1, '2016-07-27 21:13:28', NULL, NULL, NULL, 0),
(313, 'URGENT!! Hazard Mitigation Implementation Deadline', 'Please be notified that Hazard #108 is set to be reviewed on 2016-02-21. <br /><br />Hazard ID: 108. <br />Hazard Details: Trees blocking run way view. <br />Implementation Details: TESTRD', 'sent', 13, 0, 'GROUP', 1, '2016-07-27 21:13:32', NULL, NULL, NULL, 0),
(314, 'URGENT!! Issue Mitigation Implementation Deadline', 'Please be notified that Issue #214 is set to be reviewed on 2016-07-27. <br /><br />Issue ID: 214. <br />Issue Details: Broken glass in waiting hall way. <br />Implementation Details: Replace tile floors with something more rough', 'sent', 1, 0, 'GROUP', 1, '2016-07-27 21:14:21', NULL, NULL, NULL, 0),
(315, 'URGENT!! Issue Mitigation Implementation Deadline', 'Please be notified that Issue #214 is set to be reviewed on 2016-07-27. <br /><br />Issue ID: 214. <br />Issue Details: Broken glass in waiting hall way. <br />Implementation Details: Replace tile floors with something more rough', 'read', 2, 0, 'GROUP', 1, '2016-07-27 21:14:25', NULL, NULL, NULL, 0),
(316, 'URGENT!! Issue Mitigation Implementation Deadline', 'Please be notified that Issue #214 is set to be reviewed on 2016-07-27. <br /><br />Issue ID: 214. <br />Issue Details: Broken glass in waiting hall way. <br />Implementation Details: Replace tile floors with something more rough', 'sent', 4, 0, 'GROUP', 1, '2016-07-27 21:14:29', NULL, NULL, NULL, 0),
(317, 'URGENT!! Issue Mitigation Implementation Deadline', 'Please be notified that Issue #214 is set to be reviewed on 2016-07-27. <br /><br />Issue ID: 214. <br />Issue Details: Broken glass in waiting hall way. <br />Implementation Details: Replace tile floors with something more rough', 'sent', 5, 0, 'GROUP', 1, '2016-07-27 21:14:33', NULL, NULL, NULL, 0),
(318, 'URGENT!! Issue Mitigation Implementation Deadline', 'Please be notified that Issue #214 is set to be reviewed on 2016-07-27. <br /><br />Issue ID: 214. <br />Issue Details: Broken glass in waiting hall way. <br />Implementation Details: Replace tile floors with something more rough', 'sent', 6, 0, 'GROUP', 1, '2016-07-27 21:14:37', NULL, NULL, NULL, 0),
(319, 'URGENT!! Issue Mitigation Implementation Deadline', 'Please be notified that Issue #214 is set to be reviewed on 2016-07-27. <br /><br />Issue ID: 214. <br />Issue Details: Broken glass in waiting hall way. <br />Implementation Details: Replace tile floors with something more rough', 'sent', 7, 0, 'GROUP', 1, '2016-07-27 21:14:41', NULL, NULL, NULL, 0),
(320, 'URGENT!! Issue Mitigation Implementation Deadline', 'Please be notified that Issue #214 is set to be reviewed on 2016-07-27. <br /><br />Issue ID: 214. <br />Issue Details: Broken glass in waiting hall way. <br />Implementation Details: Replace tile floors with something more rough', 'sent', 9, 0, 'GROUP', 1, '2016-07-27 21:14:45', NULL, NULL, NULL, 0),
(321, 'URGENT!! Issue Mitigation Implementation Deadline', 'Please be notified that Issue #214 is set to be reviewed on 2016-07-27. <br /><br />Issue ID: 214. <br />Issue Details: Broken glass in waiting hall way. <br />Implementation Details: Replace tile floors with something more rough', 'sent', 10, 0, 'GROUP', 1, '2016-07-27 21:14:49', NULL, NULL, NULL, 0),
(322, 'URGENT!! Issue Mitigation Implementation Deadline', 'Please be notified that Issue #214 is set to be reviewed on 2016-07-27. <br /><br />Issue ID: 214. <br />Issue Details: Broken glass in waiting hall way. <br />Implementation Details: Replace tile floors with something more rough', 'sent', 11, 0, 'GROUP', 1, '2016-07-27 21:14:53', NULL, NULL, NULL, 0),
(323, 'URGENT!! Issue Mitigation Implementation Deadline', 'Please be notified that Issue #214 is set to be reviewed on 2016-07-27. <br /><br />Issue ID: 214. <br />Issue Details: Broken glass in waiting hall way. <br />Implementation Details: Replace tile floors with something more rough', 'sent', 12, 0, 'GROUP', 1, '2016-07-27 21:14:57', NULL, NULL, NULL, 0),
(324, 'URGENT!! Issue Mitigation Implementation Deadline', 'Please be notified that Issue #214 is set to be reviewed on 2016-07-27. <br /><br />Issue ID: 214. <br />Issue Details: Broken glass in waiting hall way. <br />Implementation Details: Replace tile floors with something more rough', 'sent', 13, 0, 'GROUP', 1, '2016-07-27 21:15:02', NULL, NULL, NULL, 0),
(325, 'URGENT!! Issue Review', 'Please be notified that Issue #37 is set to be reviewed on 2016-02-29. <br /><br />Issue ID: 37. <br />Details: Loose door', 'sent', 1, 0, 'GROUP', 1, '2016-07-28 21:00:52', NULL, NULL, NULL, 0),
(326, 'URGENT!! Issue Review', 'Please be notified that Issue #37 is set to be reviewed on 2016-02-29. <br /><br />Issue ID: 37. <br />Details: Loose door', 'read', 2, 0, 'GROUP', 1, '2016-07-28 21:00:56', NULL, NULL, NULL, 0),
(327, 'URGENT!! Issue Review', 'Please be notified that Issue #37 is set to be reviewed on 2016-02-29. <br /><br />Issue ID: 37. <br />Details: Loose door', 'sent', 4, 0, 'GROUP', 1, '2016-07-28 21:01:03', NULL, NULL, NULL, 0),
(328, 'URGENT!! Issue Review', 'Please be notified that Issue #37 is set to be reviewed on 2016-02-29. <br /><br />Issue ID: 37. <br />Details: Loose door', 'sent', 5, 0, 'GROUP', 1, '2016-07-28 21:01:07', NULL, NULL, NULL, 0),
(329, 'URGENT!! Issue Review', 'Please be notified that Issue #37 is set to be reviewed on 2016-02-29. <br /><br />Issue ID: 37. <br />Details: Loose door', 'sent', 6, 0, 'GROUP', 1, '2016-07-28 21:01:11', NULL, NULL, NULL, 0),
(330, 'URGENT!! Issue Review', 'Please be notified that Issue #37 is set to be reviewed on 2016-02-29. <br /><br />Issue ID: 37. <br />Details: Loose door', 'sent', 7, 0, 'GROUP', 1, '2016-07-28 21:01:16', NULL, NULL, NULL, 0),
(331, 'URGENT!! Issue Review', 'Please be notified that Issue #37 is set to be reviewed on 2016-02-29. <br /><br />Issue ID: 37. <br />Details: Loose door', 'sent', 9, 0, 'GROUP', 1, '2016-07-28 21:01:20', NULL, NULL, NULL, 0),
(332, 'URGENT!! Issue Review', 'Please be notified that Issue #37 is set to be reviewed on 2016-02-29. <br /><br />Issue ID: 37. <br />Details: Loose door', 'sent', 10, 0, 'GROUP', 1, '2016-07-28 21:01:24', NULL, NULL, NULL, 0),
(333, 'URGENT!! Issue Review', 'Please be notified that Issue #37 is set to be reviewed on 2016-02-29. <br /><br />Issue ID: 37. <br />Details: Loose door', 'sent', 11, 0, 'GROUP', 1, '2016-07-28 21:01:29', NULL, NULL, NULL, 0),
(334, 'URGENT!! Issue Review', 'Please be notified that Issue #37 is set to be reviewed on 2016-02-29. <br /><br />Issue ID: 37. <br />Details: Loose door', 'sent', 12, 0, 'GROUP', 1, '2016-07-28 21:01:33', NULL, NULL, NULL, 0),
(335, 'URGENT!! Issue Review', 'Please be notified that Issue #37 is set to be reviewed on 2016-02-29. <br /><br />Issue ID: 37. <br />Details: Loose door', 'sent', 13, 0, 'GROUP', 1, '2016-07-28 21:01:37', NULL, NULL, NULL, 0),
(336, 'URGENT!! Hazard Review', 'Please be notified that Hazard #126 is set to be reviewed on 2016-06-28. <br /><br />Hazard ID: 126. <br />Details: Explosion in server room', 'sent', 1, 0, 'GROUP', 1, '2016-07-28 21:02:30', NULL, NULL, NULL, 0),
(337, 'URGENT!! Hazard Review', 'Please be notified that Hazard #126 is set to be reviewed on 2016-06-28. <br /><br />Hazard ID: 126. <br />Details: Explosion in server room', 'read', 2, 0, 'GROUP', 1, '2016-07-28 21:02:34', NULL, NULL, NULL, 0),
(338, 'URGENT!! Hazard Review', 'Please be notified that Hazard #126 is set to be reviewed on 2016-06-28. <br /><br />Hazard ID: 126. <br />Details: Explosion in server room', 'sent', 4, 0, 'GROUP', 1, '2016-07-28 21:02:38', NULL, NULL, NULL, 0),
(339, 'URGENT!! Hazard Review', 'Please be notified that Hazard #126 is set to be reviewed on 2016-06-28. <br /><br />Hazard ID: 126. <br />Details: Explosion in server room', 'sent', 5, 0, 'GROUP', 1, '2016-07-28 21:02:43', NULL, NULL, NULL, 0),
(340, 'URGENT!! Hazard Review', 'Please be notified that Hazard #126 is set to be reviewed on 2016-06-28. <br /><br />Hazard ID: 126. <br />Details: Explosion in server room', 'sent', 6, 0, 'GROUP', 1, '2016-07-28 21:02:47', NULL, NULL, NULL, 0),
(341, 'URGENT!! Hazard Review', 'Please be notified that Hazard #126 is set to be reviewed on 2016-06-28. <br /><br />Hazard ID: 126. <br />Details: Explosion in server room', 'sent', 7, 0, 'GROUP', 1, '2016-07-28 21:02:52', NULL, NULL, NULL, 0),
(342, 'URGENT!! Hazard Review', 'Please be notified that Hazard #126 is set to be reviewed on 2016-06-28. <br /><br />Hazard ID: 126. <br />Details: Explosion in server room', 'sent', 9, 0, 'GROUP', 1, '2016-07-28 21:02:57', NULL, NULL, NULL, 0),
(343, 'URGENT!! Hazard Review', 'Please be notified that Hazard #126 is set to be reviewed on 2016-06-28. <br /><br />Hazard ID: 126. <br />Details: Explosion in server room', 'sent', 10, 0, 'GROUP', 1, '2016-07-28 21:03:01', NULL, NULL, NULL, 0),
(344, 'URGENT!! Hazard Review', 'Please be notified that Hazard #126 is set to be reviewed on 2016-06-28. <br /><br />Hazard ID: 126. <br />Details: Explosion in server room', 'sent', 11, 0, 'GROUP', 1, '2016-07-28 21:03:05', NULL, NULL, NULL, 0),
(345, 'URGENT!! Hazard Review', 'Please be notified that Hazard #126 is set to be reviewed on 2016-06-28. <br /><br />Hazard ID: 126. <br />Details: Explosion in server room', 'sent', 12, 0, 'GROUP', 1, '2016-07-28 21:03:09', NULL, NULL, NULL, 0),
(346, 'URGENT!! Hazard Review', 'Please be notified that Hazard #126 is set to be reviewed on 2016-06-28. <br /><br />Hazard ID: 126. <br />Details: Explosion in server room', 'sent', 13, 0, 'GROUP', 1, '2016-07-28 21:03:14', NULL, NULL, NULL, 0),
(347, 'URGENT!! Incident Mitigation Implementation Deadli', 'Please be notified that Incident #13 is set to be reviewed on 2015-07-28. <br /><br />Incident ID: 13. <br />Incident Details: Hanging wires in server room. <br />Implementation Details: Internal I.T team is trying to handle', 'sent', 1, 0, 'GROUP', 1, '2016-07-28 21:04:07', NULL, NULL, NULL, 0),
(348, 'URGENT!! Incident Mitigation Implementation Deadli', 'Please be notified that Incident #13 is set to be reviewed on 2015-07-28. <br /><br />Incident ID: 13. <br />Incident Details: Hanging wires in server room. <br />Implementation Details: Internal I.T team is trying to handle', 'read', 2, 0, 'GROUP', 1, '2016-07-28 21:04:11', NULL, NULL, NULL, 0),
(349, 'URGENT!! Incident Mitigation Implementation Deadli', 'Please be notified that Incident #13 is set to be reviewed on 2015-07-28. <br /><br />Incident ID: 13. <br />Incident Details: Hanging wires in server room. <br />Implementation Details: Internal I.T team is trying to handle', 'sent', 4, 0, 'GROUP', 1, '2016-07-28 21:04:15', NULL, NULL, NULL, 0),
(350, 'URGENT!! Incident Mitigation Implementation Deadli', 'Please be notified that Incident #13 is set to be reviewed on 2015-07-28. <br /><br />Incident ID: 13. <br />Incident Details: Hanging wires in server room. <br />Implementation Details: Internal I.T team is trying to handle', 'sent', 5, 0, 'GROUP', 1, '2016-07-28 21:04:20', NULL, NULL, NULL, 0),
(351, 'URGENT!! Incident Mitigation Implementation Deadli', 'Please be notified that Incident #13 is set to be reviewed on 2015-07-28. <br /><br />Incident ID: 13. <br />Incident Details: Hanging wires in server room. <br />Implementation Details: Internal I.T team is trying to handle', 'sent', 6, 0, 'GROUP', 1, '2016-07-28 21:04:24', NULL, NULL, NULL, 0),
(352, 'URGENT!! Incident Mitigation Implementation Deadli', 'Please be notified that Incident #13 is set to be reviewed on 2015-07-28. <br /><br />Incident ID: 13. <br />Incident Details: Hanging wires in server room. <br />Implementation Details: Internal I.T team is trying to handle', 'sent', 7, 0, 'GROUP', 1, '2016-07-28 21:04:28', NULL, NULL, NULL, 0),
(353, 'URGENT!! Incident Mitigation Implementation Deadli', 'Please be notified that Incident #13 is set to be reviewed on 2015-07-28. <br /><br />Incident ID: 13. <br />Incident Details: Hanging wires in server room. <br />Implementation Details: Internal I.T team is trying to handle', 'sent', 9, 0, 'GROUP', 1, '2016-07-28 21:04:32', NULL, NULL, NULL, 0),
(354, 'URGENT!! Incident Mitigation Implementation Deadli', 'Please be notified that Incident #13 is set to be reviewed on 2015-07-28. <br /><br />Incident ID: 13. <br />Incident Details: Hanging wires in server room. <br />Implementation Details: Internal I.T team is trying to handle', 'sent', 10, 0, 'GROUP', 1, '2016-07-28 21:04:36', NULL, NULL, NULL, 0),
(355, 'URGENT!! Incident Mitigation Implementation Deadli', 'Please be notified that Incident #13 is set to be reviewed on 2015-07-28. <br /><br />Incident ID: 13. <br />Incident Details: Hanging wires in server room. <br />Implementation Details: Internal I.T team is trying to handle', 'sent', 11, 0, 'GROUP', 1, '2016-07-28 21:04:41', NULL, NULL, NULL, 0),
(356, 'URGENT!! Incident Mitigation Implementation Deadli', 'Please be notified that Incident #13 is set to be reviewed on 2015-07-28. <br /><br />Incident ID: 13. <br />Incident Details: Hanging wires in server room. <br />Implementation Details: Internal I.T team is trying to handle', 'sent', 12, 0, 'GROUP', 1, '2016-07-28 21:04:45', NULL, NULL, NULL, 0),
(357, 'URGENT!! Incident Mitigation Implementation Deadli', 'Please be notified that Incident #13 is set to be reviewed on 2015-07-28. <br /><br />Incident ID: 13. <br />Incident Details: Hanging wires in server room. <br />Implementation Details: Internal I.T team is trying to handle', 'sent', 13, 0, 'GROUP', 1, '2016-07-28 21:04:53', NULL, NULL, NULL, 0),
(358, 'URGENT!! Issue Review', 'Please be notified that Issue #37 is set to be reviewed on 2016-02-29. <br /><br />Issue ID: 37. <br />Details: Loose door', 'sent', 1, 0, 'GROUP', 1, '2016-07-29 21:00:52', NULL, NULL, NULL, 0),
(359, 'URGENT!! Issue Review', 'Please be notified that Issue #37 is set to be reviewed on 2016-02-29. <br /><br />Issue ID: 37. <br />Details: Loose door', 'read', 2, 0, 'GROUP', 1, '2016-07-29 21:00:56', NULL, NULL, NULL, 0),
(360, 'URGENT!! Issue Review', 'Please be notified that Issue #37 is set to be reviewed on 2016-02-29. <br /><br />Issue ID: 37. <br />Details: Loose door', 'sent', 4, 0, 'GROUP', 1, '2016-07-29 21:01:00', NULL, NULL, NULL, 0),
(361, 'URGENT!! Issue Review', 'Please be notified that Issue #37 is set to be reviewed on 2016-02-29. <br /><br />Issue ID: 37. <br />Details: Loose door', 'sent', 5, 0, 'GROUP', 1, '2016-07-29 21:01:05', NULL, NULL, NULL, 0),
(362, 'URGENT!! Issue Review', 'Please be notified that Issue #37 is set to be reviewed on 2016-02-29. <br /><br />Issue ID: 37. <br />Details: Loose door', 'sent', 6, 0, 'GROUP', 1, '2016-07-29 21:01:09', NULL, NULL, NULL, 0),
(363, 'URGENT!! Issue Review', 'Please be notified that Issue #37 is set to be reviewed on 2016-02-29. <br /><br />Issue ID: 37. <br />Details: Loose door', 'sent', 7, 0, 'GROUP', 1, '2016-07-29 21:01:13', NULL, NULL, NULL, 0),
(364, 'URGENT!! Issue Review', 'Please be notified that Issue #37 is set to be reviewed on 2016-02-29. <br /><br />Issue ID: 37. <br />Details: Loose door', 'sent', 9, 0, 'GROUP', 1, '2016-07-29 21:01:17', NULL, NULL, NULL, 0),
(365, 'URGENT!! Issue Review', 'Please be notified that Issue #37 is set to be reviewed on 2016-02-29. <br /><br />Issue ID: 37. <br />Details: Loose door', 'sent', 10, 0, 'GROUP', 1, '2016-07-29 21:01:21', NULL, NULL, NULL, 0);
INSERT INTO `notifications` (`id`, `subject`, `description`, `status`, `user`, `user_from`, `type`, `urgent`, `date_created`, `target_group`, `current_user`, `current_user_id`, `acknowledge`) VALUES
(366, 'URGENT!! Issue Review', 'Please be notified that Issue #37 is set to be reviewed on 2016-02-29. <br /><br />Issue ID: 37. <br />Details: Loose door', 'sent', 11, 0, 'GROUP', 1, '2016-07-29 21:01:26', NULL, NULL, NULL, 0),
(367, 'URGENT!! Issue Review', 'Please be notified that Issue #37 is set to be reviewed on 2016-02-29. <br /><br />Issue ID: 37. <br />Details: Loose door', 'sent', 12, 0, 'GROUP', 1, '2016-07-29 21:01:30', NULL, NULL, NULL, 0),
(368, 'URGENT!! Issue Review', 'Please be notified that Issue #37 is set to be reviewed on 2016-02-29. <br /><br />Issue ID: 37. <br />Details: Loose door', 'sent', 13, 0, 'GROUP', 1, '2016-07-29 21:01:34', NULL, NULL, NULL, 0),
(369, 'URGENT!! Hazard Mitigation Implementation Deadline', 'Please be notified that Hazard #11 is set to be reviewed on 2016-02-23. <br /><br />Hazard ID: 11. <br />Hazard Details: A track broke down on the runway. <br />Implementation Details: Tile the floor', 'sent', 1, 0, 'GROUP', 1, '2016-07-29 21:02:26', NULL, NULL, NULL, 0),
(370, 'URGENT!! Hazard Mitigation Implementation Deadline', 'Please be notified that Hazard #11 is set to be reviewed on 2016-02-23. <br /><br />Hazard ID: 11. <br />Hazard Details: A track broke down on the runway. <br />Implementation Details: Tile the floor', 'read', 2, 0, 'GROUP', 1, '2016-07-29 21:02:30', NULL, NULL, NULL, 0),
(371, 'URGENT!! Hazard Mitigation Implementation Deadline', 'Please be notified that Hazard #11 is set to be reviewed on 2016-02-23. <br /><br />Hazard ID: 11. <br />Hazard Details: A track broke down on the runway. <br />Implementation Details: Tile the floor', 'sent', 4, 0, 'GROUP', 1, '2016-07-29 21:02:35', NULL, NULL, NULL, 0),
(372, 'URGENT!! Hazard Mitigation Implementation Deadline', 'Please be notified that Hazard #11 is set to be reviewed on 2016-02-23. <br /><br />Hazard ID: 11. <br />Hazard Details: A track broke down on the runway. <br />Implementation Details: Tile the floor', 'sent', 5, 0, 'GROUP', 1, '2016-07-29 21:02:39', NULL, NULL, NULL, 0),
(373, 'URGENT!! Hazard Mitigation Implementation Deadline', 'Please be notified that Hazard #11 is set to be reviewed on 2016-02-23. <br /><br />Hazard ID: 11. <br />Hazard Details: A track broke down on the runway. <br />Implementation Details: Tile the floor', 'sent', 6, 0, 'GROUP', 1, '2016-07-29 21:02:43', NULL, NULL, NULL, 0),
(374, 'URGENT!! Hazard Mitigation Implementation Deadline', 'Please be notified that Hazard #11 is set to be reviewed on 2016-02-23. <br /><br />Hazard ID: 11. <br />Hazard Details: A track broke down on the runway. <br />Implementation Details: Tile the floor', 'sent', 7, 0, 'GROUP', 1, '2016-07-29 21:02:47', NULL, NULL, NULL, 0),
(375, 'URGENT!! Hazard Mitigation Implementation Deadline', 'Please be notified that Hazard #11 is set to be reviewed on 2016-02-23. <br /><br />Hazard ID: 11. <br />Hazard Details: A track broke down on the runway. <br />Implementation Details: Tile the floor', 'sent', 9, 0, 'GROUP', 1, '2016-07-29 21:02:51', NULL, NULL, NULL, 0),
(376, 'URGENT!! Hazard Mitigation Implementation Deadline', 'Please be notified that Hazard #11 is set to be reviewed on 2016-02-23. <br /><br />Hazard ID: 11. <br />Hazard Details: A track broke down on the runway. <br />Implementation Details: Tile the floor', 'sent', 10, 0, 'GROUP', 1, '2016-07-29 21:02:56', NULL, NULL, NULL, 0),
(377, 'URGENT!! Hazard Mitigation Implementation Deadline', 'Please be notified that Hazard #11 is set to be reviewed on 2016-02-23. <br /><br />Hazard ID: 11. <br />Hazard Details: A track broke down on the runway. <br />Implementation Details: Tile the floor', 'sent', 11, 0, 'GROUP', 1, '2016-07-29 21:03:00', NULL, NULL, NULL, 0),
(378, 'URGENT!! Hazard Mitigation Implementation Deadline', 'Please be notified that Hazard #11 is set to be reviewed on 2016-02-23. <br /><br />Hazard ID: 11. <br />Hazard Details: A track broke down on the runway. <br />Implementation Details: Tile the floor', 'sent', 12, 0, 'GROUP', 1, '2016-07-29 21:03:05', NULL, NULL, NULL, 0),
(379, 'URGENT!! Hazard Mitigation Implementation Deadline', 'Please be notified that Hazard #11 is set to be reviewed on 2016-02-23. <br /><br />Hazard ID: 11. <br />Hazard Details: A track broke down on the runway. <br />Implementation Details: Tile the floor', 'sent', 13, 0, 'GROUP', 1, '2016-07-29 21:03:10', NULL, NULL, NULL, 0),
(380, 'URGENT!! Incident Mitigation Implementation Deadli', 'Please be notified that Incident #13 is set to be reviewed on 2015-07-30. <br /><br />Incident ID: 13. <br />Incident Details: Hanging wires in server room. <br />Implementation Details: Call the service provider to do the maintenance works.', 'sent', 1, 0, 'GROUP', 1, '2016-07-29 21:04:03', NULL, NULL, NULL, 0),
(381, 'URGENT!! Incident Mitigation Implementation Deadli', 'Please be notified that Incident #13 is set to be reviewed on 2015-07-30. <br /><br />Incident ID: 13. <br />Incident Details: Hanging wires in server room. <br />Implementation Details: Call the service provider to do the maintenance works.', 'read', 2, 0, 'GROUP', 1, '2016-07-29 21:04:08', NULL, NULL, NULL, 0),
(382, 'URGENT!! Incident Mitigation Implementation Deadli', 'Please be notified that Incident #13 is set to be reviewed on 2015-07-30. <br /><br />Incident ID: 13. <br />Incident Details: Hanging wires in server room. <br />Implementation Details: Call the service provider to do the maintenance works.', 'sent', 4, 0, 'GROUP', 1, '2016-07-29 21:04:12', NULL, NULL, NULL, 0),
(383, 'URGENT!! Incident Mitigation Implementation Deadli', 'Please be notified that Incident #13 is set to be reviewed on 2015-07-30. <br /><br />Incident ID: 13. <br />Incident Details: Hanging wires in server room. <br />Implementation Details: Call the service provider to do the maintenance works.', 'sent', 5, 0, 'GROUP', 1, '2016-07-29 21:04:16', NULL, NULL, NULL, 0),
(384, 'URGENT!! Incident Mitigation Implementation Deadli', 'Please be notified that Incident #13 is set to be reviewed on 2015-07-30. <br /><br />Incident ID: 13. <br />Incident Details: Hanging wires in server room. <br />Implementation Details: Call the service provider to do the maintenance works.', 'sent', 6, 0, 'GROUP', 1, '2016-07-29 21:04:20', NULL, NULL, NULL, 0),
(385, 'URGENT!! Incident Mitigation Implementation Deadli', 'Please be notified that Incident #13 is set to be reviewed on 2015-07-30. <br /><br />Incident ID: 13. <br />Incident Details: Hanging wires in server room. <br />Implementation Details: Call the service provider to do the maintenance works.', 'sent', 7, 0, 'GROUP', 1, '2016-07-29 21:04:40', NULL, NULL, NULL, 0),
(386, 'URGENT!! Incident Mitigation Implementation Deadli', 'Please be notified that Incident #13 is set to be reviewed on 2015-07-30. <br /><br />Incident ID: 13. <br />Incident Details: Hanging wires in server room. <br />Implementation Details: Call the service provider to do the maintenance works.', 'sent', 9, 0, 'GROUP', 1, '2016-07-29 21:05:00', NULL, NULL, NULL, 0),
(387, 'URGENT!! Incident Mitigation Implementation Deadli', 'Please be notified that Incident #13 is set to be reviewed on 2015-07-30. <br /><br />Incident ID: 13. <br />Incident Details: Hanging wires in server room. <br />Implementation Details: Call the service provider to do the maintenance works.', 'sent', 10, 0, 'GROUP', 1, '2016-07-29 21:05:20', NULL, NULL, NULL, 0),
(388, 'URGENT!! Incident Mitigation Implementation Deadli', 'Please be notified that Incident #13 is set to be reviewed on 2015-07-30. <br /><br />Incident ID: 13. <br />Incident Details: Hanging wires in server room. <br />Implementation Details: Call the service provider to do the maintenance works.', 'sent', 11, 0, 'GROUP', 1, '2016-07-29 21:05:40', NULL, NULL, NULL, 0),
(389, 'URGENT!! Incident Mitigation Implementation Deadli', 'Please be notified that Incident #13 is set to be reviewed on 2015-07-30. <br /><br />Incident ID: 13. <br />Incident Details: Hanging wires in server room. <br />Implementation Details: Call the service provider to do the maintenance works.', 'sent', 12, 0, 'GROUP', 1, '2016-07-29 21:06:00', NULL, NULL, NULL, 0),
(390, 'URGENT!! Incident Mitigation Implementation Deadli', 'Please be notified that Incident #13 is set to be reviewed on 2015-07-30. <br /><br />Incident ID: 13. <br />Incident Details: Hanging wires in server room. <br />Implementation Details: Call the service provider to do the maintenance works.', 'sent', 13, 0, 'GROUP', 1, '2016-07-29 21:06:20', NULL, NULL, NULL, 0),
(391, 'URGENT!! Issue Mitigation Implementation Deadline', 'Please be notified that Issue #39 is set to be reviewed on 2015-07-30. <br /><br />Issue ID: 39. <br />Issue Details: Fire in server room. <br />Implementation Details: Contact service provider', 'sent', 1, 0, 'GROUP', 1, '2016-07-29 21:10:20', NULL, NULL, NULL, 0),
(392, 'URGENT!! Issue Mitigation Implementation Deadline', 'Please be notified that Issue #39 is set to be reviewed on 2015-07-30. <br /><br />Issue ID: 39. <br />Issue Details: Fire in server room. <br />Implementation Details: Contact service provider', 'read', 2, 0, 'GROUP', 1, '2016-07-29 21:10:40', NULL, NULL, NULL, 0),
(393, 'URGENT!! Issue Mitigation Implementation Deadline', 'Please be notified that Issue #39 is set to be reviewed on 2015-07-30. <br /><br />Issue ID: 39. <br />Issue Details: Fire in server room. <br />Implementation Details: Contact service provider', 'sent', 4, 0, 'GROUP', 1, '2016-07-29 21:11:00', NULL, NULL, NULL, 0),
(394, 'URGENT!! Issue Mitigation Implementation Deadline', 'Please be notified that Issue #39 is set to be reviewed on 2015-07-30. <br /><br />Issue ID: 39. <br />Issue Details: Fire in server room. <br />Implementation Details: Contact service provider', 'sent', 5, 0, 'GROUP', 1, '2016-07-29 21:11:20', NULL, NULL, NULL, 0),
(395, 'URGENT!! Issue Mitigation Implementation Deadline', 'Please be notified that Issue #39 is set to be reviewed on 2015-07-30. <br /><br />Issue ID: 39. <br />Issue Details: Fire in server room. <br />Implementation Details: Contact service provider', 'sent', 6, 0, 'GROUP', 1, '2016-07-29 21:11:40', NULL, NULL, NULL, 0),
(396, 'URGENT!! Issue Mitigation Implementation Deadline', 'Please be notified that Issue #39 is set to be reviewed on 2015-07-30. <br /><br />Issue ID: 39. <br />Issue Details: Fire in server room. <br />Implementation Details: Contact service provider', 'sent', 7, 0, 'GROUP', 1, '2016-07-29 21:12:00', NULL, NULL, NULL, 0),
(397, 'URGENT!! Issue Mitigation Implementation Deadline', 'Please be notified that Issue #39 is set to be reviewed on 2015-07-30. <br /><br />Issue ID: 39. <br />Issue Details: Fire in server room. <br />Implementation Details: Contact service provider', 'sent', 9, 0, 'GROUP', 1, '2016-07-29 21:12:20', NULL, NULL, NULL, 0),
(398, 'URGENT!! Issue Mitigation Implementation Deadline', 'Please be notified that Issue #39 is set to be reviewed on 2015-07-30. <br /><br />Issue ID: 39. <br />Issue Details: Fire in server room. <br />Implementation Details: Contact service provider', 'sent', 10, 0, 'GROUP', 1, '2016-07-29 21:12:40', NULL, NULL, NULL, 0),
(399, 'URGENT!! Issue Mitigation Implementation Deadline', 'Please be notified that Issue #39 is set to be reviewed on 2015-07-30. <br /><br />Issue ID: 39. <br />Issue Details: Fire in server room. <br />Implementation Details: Contact service provider', 'sent', 11, 0, 'GROUP', 1, '2016-07-29 21:13:00', NULL, NULL, NULL, 0),
(400, 'URGENT!! Issue Mitigation Implementation Deadline', 'Please be notified that Issue #39 is set to be reviewed on 2015-07-30. <br /><br />Issue ID: 39. <br />Issue Details: Fire in server room. <br />Implementation Details: Contact service provider', 'sent', 12, 0, 'GROUP', 1, '2016-07-29 21:13:20', NULL, NULL, NULL, 0),
(401, 'URGENT!! Issue Mitigation Implementation Deadline', 'Please be notified that Issue #39 is set to be reviewed on 2015-07-30. <br /><br />Issue ID: 39. <br />Issue Details: Fire in server room. <br />Implementation Details: Contact service provider', 'sent', 13, 0, 'GROUP', 1, '2016-07-29 21:13:40', NULL, NULL, NULL, 0),
(402, 'URGENT!! Hazard Mitigation Implementation Deadline', 'Please be notified that Hazard #83 is set to be reviewed on 2016-02-23. <br /><br />Hazard ID: 83. <br />Hazard Details: Trees blocking run way view. <br />Implementation Details: sleeping', 'sent', 1, 0, 'GROUP', 1, '2016-07-29 21:17:41', NULL, NULL, NULL, 0),
(403, 'URGENT!! Hazard Mitigation Implementation Deadline', 'Please be notified that Hazard #83 is set to be reviewed on 2016-02-23. <br /><br />Hazard ID: 83. <br />Hazard Details: Trees blocking run way view. <br />Implementation Details: sleeping', 'read', 2, 0, 'GROUP', 1, '2016-07-29 21:18:01', NULL, NULL, NULL, 0),
(404, 'URGENT!! Hazard Mitigation Implementation Deadline', 'Please be notified that Hazard #83 is set to be reviewed on 2016-02-23. <br /><br />Hazard ID: 83. <br />Hazard Details: Trees blocking run way view. <br />Implementation Details: sleeping', 'sent', 4, 0, 'GROUP', 1, '2016-07-29 21:18:21', NULL, NULL, NULL, 0),
(405, 'URGENT!! Hazard Mitigation Implementation Deadline', 'Please be notified that Hazard #83 is set to be reviewed on 2016-02-23. <br /><br />Hazard ID: 83. <br />Hazard Details: Trees blocking run way view. <br />Implementation Details: sleeping', 'sent', 5, 0, 'GROUP', 1, '2016-07-29 21:18:41', NULL, NULL, NULL, 0),
(406, 'URGENT!! Hazard Mitigation Implementation Deadline', 'Please be notified that Hazard #83 is set to be reviewed on 2016-02-23. <br /><br />Hazard ID: 83. <br />Hazard Details: Trees blocking run way view. <br />Implementation Details: sleeping', 'sent', 6, 0, 'GROUP', 1, '2016-07-29 21:19:01', NULL, NULL, NULL, 0),
(407, 'URGENT!! Hazard Mitigation Implementation Deadline', 'Please be notified that Hazard #83 is set to be reviewed on 2016-02-23. <br /><br />Hazard ID: 83. <br />Hazard Details: Trees blocking run way view. <br />Implementation Details: sleeping', 'sent', 7, 0, 'GROUP', 1, '2016-07-29 21:19:21', NULL, NULL, NULL, 0),
(408, 'URGENT!! Hazard Mitigation Implementation Deadline', 'Please be notified that Hazard #83 is set to be reviewed on 2016-02-23. <br /><br />Hazard ID: 83. <br />Hazard Details: Trees blocking run way view. <br />Implementation Details: sleeping', 'sent', 9, 0, 'GROUP', 1, '2016-07-29 21:19:41', NULL, NULL, NULL, 0),
(409, 'URGENT!! Hazard Mitigation Implementation Deadline', 'Please be notified that Hazard #83 is set to be reviewed on 2016-02-23. <br /><br />Hazard ID: 83. <br />Hazard Details: Trees blocking run way view. <br />Implementation Details: sleeping', 'sent', 10, 0, 'GROUP', 1, '2016-07-29 21:20:01', NULL, NULL, NULL, 0),
(410, 'URGENT!! Hazard Mitigation Implementation Deadline', 'Please be notified that Hazard #83 is set to be reviewed on 2016-02-23. <br /><br />Hazard ID: 83. <br />Hazard Details: Trees blocking run way view. <br />Implementation Details: sleeping', 'sent', 11, 0, 'GROUP', 1, '2016-07-29 21:20:21', NULL, NULL, NULL, 0),
(411, 'URGENT!! Hazard Mitigation Implementation Deadline', 'Please be notified that Hazard #83 is set to be reviewed on 2016-02-23. <br /><br />Hazard ID: 83. <br />Hazard Details: Trees blocking run way view. <br />Implementation Details: sleeping', 'sent', 12, 0, 'GROUP', 1, '2016-07-29 21:20:41', NULL, NULL, NULL, 0),
(412, 'URGENT!! Hazard Mitigation Implementation Deadline', 'Please be notified that Hazard #83 is set to be reviewed on 2016-02-23. <br /><br />Hazard ID: 83. <br />Hazard Details: Trees blocking run way view. <br />Implementation Details: sleeping', 'sent', 13, 0, 'GROUP', 1, '2016-07-29 21:21:01', NULL, NULL, NULL, 0),
(413, 'URGENT!! Incident Mitigation Implementation Deadli', 'Please be notified that Incident #13 is set to be reviewed on 2015-07-30. <br /><br />Incident ID: 13. <br />Incident Details: Hanging wires in server room. <br />Implementation Details: Call the service provider to do the maintenance works.', 'sent', 1, 0, 'GROUP', 1, '2016-07-30 21:03:42', NULL, NULL, NULL, 0),
(414, 'URGENT!! Incident Mitigation Implementation Deadli', 'Please be notified that Incident #13 is set to be reviewed on 2015-07-30. <br /><br />Incident ID: 13. <br />Incident Details: Hanging wires in server room. <br />Implementation Details: Call the service provider to do the maintenance works.', 'read', 2, 0, 'GROUP', 1, '2016-07-30 21:04:02', NULL, NULL, NULL, 0),
(415, 'URGENT!! Incident Mitigation Implementation Deadli', 'Please be notified that Incident #13 is set to be reviewed on 2015-07-30. <br /><br />Incident ID: 13. <br />Incident Details: Hanging wires in server room. <br />Implementation Details: Call the service provider to do the maintenance works.', 'sent', 4, 0, 'GROUP', 1, '2016-07-30 21:04:22', NULL, NULL, NULL, 0),
(416, 'URGENT!! Incident Mitigation Implementation Deadli', 'Please be notified that Incident #13 is set to be reviewed on 2015-07-30. <br /><br />Incident ID: 13. <br />Incident Details: Hanging wires in server room. <br />Implementation Details: Call the service provider to do the maintenance works.', 'sent', 5, 0, 'GROUP', 1, '2016-07-30 21:04:42', NULL, NULL, NULL, 0),
(417, 'URGENT!! Incident Mitigation Implementation Deadli', 'Please be notified that Incident #13 is set to be reviewed on 2015-07-30. <br /><br />Incident ID: 13. <br />Incident Details: Hanging wires in server room. <br />Implementation Details: Call the service provider to do the maintenance works.', 'sent', 6, 0, 'GROUP', 1, '2016-07-30 21:05:02', NULL, NULL, NULL, 0),
(418, 'URGENT!! Incident Mitigation Implementation Deadli', 'Please be notified that Incident #13 is set to be reviewed on 2015-07-30. <br /><br />Incident ID: 13. <br />Incident Details: Hanging wires in server room. <br />Implementation Details: Call the service provider to do the maintenance works.', 'sent', 7, 0, 'GROUP', 1, '2016-07-30 21:05:22', NULL, NULL, NULL, 0),
(419, 'URGENT!! Incident Mitigation Implementation Deadli', 'Please be notified that Incident #13 is set to be reviewed on 2015-07-30. <br /><br />Incident ID: 13. <br />Incident Details: Hanging wires in server room. <br />Implementation Details: Call the service provider to do the maintenance works.', 'sent', 9, 0, 'GROUP', 1, '2016-07-30 21:05:42', NULL, NULL, NULL, 0),
(420, 'URGENT!! Incident Mitigation Implementation Deadli', 'Please be notified that Incident #13 is set to be reviewed on 2015-07-30. <br /><br />Incident ID: 13. <br />Incident Details: Hanging wires in server room. <br />Implementation Details: Call the service provider to do the maintenance works.', 'sent', 10, 0, 'GROUP', 1, '2016-07-30 21:06:02', NULL, NULL, NULL, 0),
(421, 'URGENT!! Incident Mitigation Implementation Deadli', 'Please be notified that Incident #13 is set to be reviewed on 2015-07-30. <br /><br />Incident ID: 13. <br />Incident Details: Hanging wires in server room. <br />Implementation Details: Call the service provider to do the maintenance works.', 'sent', 11, 0, 'GROUP', 1, '2016-07-30 21:06:22', NULL, NULL, NULL, 0),
(422, 'URGENT!! Incident Mitigation Implementation Deadli', 'Please be notified that Incident #13 is set to be reviewed on 2015-07-30. <br /><br />Incident ID: 13. <br />Incident Details: Hanging wires in server room. <br />Implementation Details: Call the service provider to do the maintenance works.', 'sent', 12, 0, 'GROUP', 1, '2016-07-30 21:06:42', NULL, NULL, NULL, 0),
(423, 'URGENT!! Incident Mitigation Implementation Deadli', 'Please be notified that Incident #13 is set to be reviewed on 2015-07-30. <br /><br />Incident ID: 13. <br />Incident Details: Hanging wires in server room. <br />Implementation Details: Call the service provider to do the maintenance works.', 'sent', 13, 0, 'GROUP', 1, '2016-07-30 21:07:02', NULL, NULL, NULL, 0),
(424, 'URGENT!! Issue Mitigation Implementation Deadline', 'Please be notified that Issue #39 is set to be reviewed on 2015-07-30. <br /><br />Issue ID: 39. <br />Issue Details: Fire in server room. <br />Implementation Details: Contact service provider', 'sent', 1, 0, 'GROUP', 1, '2016-07-30 21:11:02', NULL, NULL, NULL, 0),
(425, 'URGENT!! Issue Mitigation Implementation Deadline', 'Please be notified that Issue #39 is set to be reviewed on 2015-07-30. <br /><br />Issue ID: 39. <br />Issue Details: Fire in server room. <br />Implementation Details: Contact service provider', 'read', 2, 0, 'GROUP', 1, '2016-07-30 21:11:22', NULL, NULL, NULL, 0),
(426, 'URGENT!! Issue Mitigation Implementation Deadline', 'Please be notified that Issue #39 is set to be reviewed on 2015-07-30. <br /><br />Issue ID: 39. <br />Issue Details: Fire in server room. <br />Implementation Details: Contact service provider', 'sent', 4, 0, 'GROUP', 1, '2016-07-30 21:11:42', NULL, NULL, NULL, 0),
(427, 'URGENT!! Issue Mitigation Implementation Deadline', 'Please be notified that Issue #39 is set to be reviewed on 2015-07-30. <br /><br />Issue ID: 39. <br />Issue Details: Fire in server room. <br />Implementation Details: Contact service provider', 'sent', 5, 0, 'GROUP', 1, '2016-07-30 21:12:02', NULL, NULL, NULL, 0),
(428, 'URGENT!! Issue Mitigation Implementation Deadline', 'Please be notified that Issue #39 is set to be reviewed on 2015-07-30. <br /><br />Issue ID: 39. <br />Issue Details: Fire in server room. <br />Implementation Details: Contact service provider', 'sent', 6, 0, 'GROUP', 1, '2016-07-30 21:12:22', NULL, NULL, NULL, 0),
(429, 'URGENT!! Issue Mitigation Implementation Deadline', 'Please be notified that Issue #39 is set to be reviewed on 2015-07-30. <br /><br />Issue ID: 39. <br />Issue Details: Fire in server room. <br />Implementation Details: Contact service provider', 'sent', 7, 0, 'GROUP', 1, '2016-07-30 21:12:42', NULL, NULL, NULL, 0),
(430, 'URGENT!! Issue Mitigation Implementation Deadline', 'Please be notified that Issue #39 is set to be reviewed on 2015-07-30. <br /><br />Issue ID: 39. <br />Issue Details: Fire in server room. <br />Implementation Details: Contact service provider', 'sent', 9, 0, 'GROUP', 1, '2016-07-30 21:13:02', NULL, NULL, NULL, 0),
(431, 'URGENT!! Issue Mitigation Implementation Deadline', 'Please be notified that Issue #39 is set to be reviewed on 2015-07-30. <br /><br />Issue ID: 39. <br />Issue Details: Fire in server room. <br />Implementation Details: Contact service provider', 'sent', 10, 0, 'GROUP', 1, '2016-07-30 21:13:22', NULL, NULL, NULL, 0),
(432, 'URGENT!! Issue Mitigation Implementation Deadline', 'Please be notified that Issue #39 is set to be reviewed on 2015-07-30. <br /><br />Issue ID: 39. <br />Issue Details: Fire in server room. <br />Implementation Details: Contact service provider', 'sent', 11, 0, 'GROUP', 1, '2016-07-30 21:13:42', NULL, NULL, NULL, 0),
(433, 'URGENT!! Issue Mitigation Implementation Deadline', 'Please be notified that Issue #39 is set to be reviewed on 2015-07-30. <br /><br />Issue ID: 39. <br />Issue Details: Fire in server room. <br />Implementation Details: Contact service provider', 'sent', 12, 0, 'GROUP', 1, '2016-07-30 21:14:02', NULL, NULL, NULL, 0),
(434, 'URGENT!! Issue Mitigation Implementation Deadline', 'Please be notified that Issue #39 is set to be reviewed on 2015-07-30. <br /><br />Issue ID: 39. <br />Issue Details: Fire in server room. <br />Implementation Details: Contact service provider', 'sent', 13, 0, 'GROUP', 1, '2016-07-30 21:14:22', NULL, NULL, NULL, 0),
(435, 'URGENT!! Hazard Mitigation Implementation Deadline', 'Please be notified that Hazard #46 is set to be reviewed on 2015-09-25. <br /><br />Hazard ID: 46. <br />Hazard Details: licking tank. <br />Implementation Details: Replace tank with new one', 'sent', 1, 0, 'GROUP', 1, '2016-07-31 21:03:41', NULL, NULL, NULL, 0),
(436, 'URGENT!! Hazard Mitigation Implementation Deadline', 'Please be notified that Hazard #46 is set to be reviewed on 2015-09-25. <br /><br />Hazard ID: 46. <br />Hazard Details: licking tank. <br />Implementation Details: Replace tank with new one', 'read', 2, 0, 'GROUP', 1, '2016-07-31 21:04:01', NULL, NULL, NULL, 0),
(437, 'URGENT!! Hazard Mitigation Implementation Deadline', 'Please be notified that Hazard #46 is set to be reviewed on 2015-09-25. <br /><br />Hazard ID: 46. <br />Hazard Details: licking tank. <br />Implementation Details: Replace tank with new one', 'sent', 4, 0, 'GROUP', 1, '2016-07-31 21:04:21', NULL, NULL, NULL, 0),
(438, 'URGENT!! Hazard Mitigation Implementation Deadline', 'Please be notified that Hazard #46 is set to be reviewed on 2015-09-25. <br /><br />Hazard ID: 46. <br />Hazard Details: licking tank. <br />Implementation Details: Replace tank with new one', 'sent', 5, 0, 'GROUP', 1, '2016-07-31 21:04:41', NULL, NULL, NULL, 0),
(439, 'URGENT!! Hazard Mitigation Implementation Deadline', 'Please be notified that Hazard #46 is set to be reviewed on 2015-09-25. <br /><br />Hazard ID: 46. <br />Hazard Details: licking tank. <br />Implementation Details: Replace tank with new one', 'sent', 6, 0, 'GROUP', 1, '2016-07-31 21:05:01', NULL, NULL, NULL, 0),
(440, 'URGENT!! Hazard Mitigation Implementation Deadline', 'Please be notified that Hazard #46 is set to be reviewed on 2015-09-25. <br /><br />Hazard ID: 46. <br />Hazard Details: licking tank. <br />Implementation Details: Replace tank with new one', 'sent', 7, 0, 'GROUP', 1, '2016-07-31 21:05:21', NULL, NULL, NULL, 0),
(441, 'URGENT!! Hazard Mitigation Implementation Deadline', 'Please be notified that Hazard #46 is set to be reviewed on 2015-09-25. <br /><br />Hazard ID: 46. <br />Hazard Details: licking tank. <br />Implementation Details: Replace tank with new one', 'sent', 9, 0, 'GROUP', 1, '2016-07-31 21:05:41', NULL, NULL, NULL, 0),
(442, 'URGENT!! Hazard Mitigation Implementation Deadline', 'Please be notified that Hazard #46 is set to be reviewed on 2015-09-25. <br /><br />Hazard ID: 46. <br />Hazard Details: licking tank. <br />Implementation Details: Replace tank with new one', 'sent', 10, 0, 'GROUP', 1, '2016-07-31 21:06:01', NULL, NULL, NULL, 0),
(443, 'URGENT!! Hazard Mitigation Implementation Deadline', 'Please be notified that Hazard #46 is set to be reviewed on 2015-09-25. <br /><br />Hazard ID: 46. <br />Hazard Details: licking tank. <br />Implementation Details: Replace tank with new one', 'sent', 11, 0, 'GROUP', 1, '2016-07-31 21:06:21', NULL, NULL, NULL, 0),
(444, 'URGENT!! Hazard Mitigation Implementation Deadline', 'Please be notified that Hazard #46 is set to be reviewed on 2015-09-25. <br /><br />Hazard ID: 46. <br />Hazard Details: licking tank. <br />Implementation Details: Replace tank with new one', 'sent', 12, 0, 'GROUP', 1, '2016-07-31 21:06:41', NULL, NULL, NULL, 0),
(445, 'URGENT!! Hazard Mitigation Implementation Deadline', 'Please be notified that Hazard #46 is set to be reviewed on 2015-09-25. <br /><br />Hazard ID: 46. <br />Hazard Details: licking tank. <br />Implementation Details: Replace tank with new one', 'sent', 13, 0, 'GROUP', 1, '2016-07-31 21:07:01', NULL, NULL, NULL, 0),
(446, 'URGENT!! Hazard Mitigation Implementation Deadline', 'Please be notified that Hazard #46 is set to be reviewed on 2015-09-25. <br /><br />Hazard ID: 46. <br />Hazard Details: licking tank. <br />Implementation Details: Replace tank with new one', 'sent', 1, 0, 'GROUP', 1, '2016-08-01 21:00:50', NULL, NULL, NULL, 0),
(447, 'URGENT!! Hazard Mitigation Implementation Deadline', 'Please be notified that Hazard #46 is set to be reviewed on 2015-09-25. <br /><br />Hazard ID: 46. <br />Hazard Details: licking tank. <br />Implementation Details: Replace tank with new one', 'read', 2, 0, 'GROUP', 1, '2016-08-01 21:00:55', NULL, NULL, NULL, 0),
(448, 'URGENT!! Hazard Mitigation Implementation Deadline', 'Please be notified that Hazard #46 is set to be reviewed on 2015-09-25. <br /><br />Hazard ID: 46. <br />Hazard Details: licking tank. <br />Implementation Details: Replace tank with new one', 'sent', 4, 0, 'GROUP', 1, '2016-08-01 21:00:59', NULL, NULL, NULL, 0),
(449, 'URGENT!! Hazard Mitigation Implementation Deadline', 'Please be notified that Hazard #46 is set to be reviewed on 2015-09-25. <br /><br />Hazard ID: 46. <br />Hazard Details: licking tank. <br />Implementation Details: Replace tank with new one', 'sent', 5, 0, 'GROUP', 1, '2016-08-01 21:01:04', NULL, NULL, NULL, 0),
(450, 'URGENT!! Hazard Mitigation Implementation Deadline', 'Please be notified that Hazard #46 is set to be reviewed on 2015-09-25. <br /><br />Hazard ID: 46. <br />Hazard Details: licking tank. <br />Implementation Details: Replace tank with new one', 'sent', 6, 0, 'GROUP', 1, '2016-08-01 21:01:09', NULL, NULL, NULL, 0),
(451, 'URGENT!! Hazard Mitigation Implementation Deadline', 'Please be notified that Hazard #46 is set to be reviewed on 2015-09-25. <br /><br />Hazard ID: 46. <br />Hazard Details: licking tank. <br />Implementation Details: Replace tank with new one', 'sent', 7, 0, 'GROUP', 1, '2016-08-01 21:01:13', NULL, NULL, NULL, 0),
(452, 'URGENT!! Hazard Mitigation Implementation Deadline', 'Please be notified that Hazard #46 is set to be reviewed on 2015-09-25. <br /><br />Hazard ID: 46. <br />Hazard Details: licking tank. <br />Implementation Details: Replace tank with new one', 'sent', 9, 0, 'GROUP', 1, '2016-08-01 21:01:17', NULL, NULL, NULL, 0),
(453, 'URGENT!! Hazard Mitigation Implementation Deadline', 'Please be notified that Hazard #46 is set to be reviewed on 2015-09-25. <br /><br />Hazard ID: 46. <br />Hazard Details: licking tank. <br />Implementation Details: Replace tank with new one', 'sent', 10, 0, 'GROUP', 1, '2016-08-01 21:01:21', NULL, NULL, NULL, 0),
(454, 'URGENT!! Hazard Mitigation Implementation Deadline', 'Please be notified that Hazard #46 is set to be reviewed on 2015-09-25. <br /><br />Hazard ID: 46. <br />Hazard Details: licking tank. <br />Implementation Details: Replace tank with new one', 'sent', 11, 0, 'GROUP', 1, '2016-08-01 21:01:25', NULL, NULL, NULL, 0),
(455, 'URGENT!! Hazard Mitigation Implementation Deadline', 'Please be notified that Hazard #46 is set to be reviewed on 2015-09-25. <br /><br />Hazard ID: 46. <br />Hazard Details: licking tank. <br />Implementation Details: Replace tank with new one', 'sent', 12, 0, 'GROUP', 1, '2016-08-01 21:01:31', NULL, NULL, NULL, 0),
(456, 'URGENT!! Hazard Mitigation Implementation Deadline', 'Please be notified that Hazard #46 is set to be reviewed on 2015-09-25. <br /><br />Hazard ID: 46. <br />Hazard Details: licking tank. <br />Implementation Details: Replace tank with new one', 'sent', 13, 0, 'GROUP', 1, '2016-08-01 21:01:35', NULL, NULL, NULL, 0),
(457, 'URGENT!! Incident Mitigation Implementation Deadli', 'Please be notified that Incident #10 is set to be reviewed on 2015-07-27. <br /><br />Incident ID: 10. <br />Incident Details: A track broke down on the runway. <br />Implementation Details: Replace floor tiles.', 'sent', 1, 0, 'GROUP', 1, '2016-08-02 21:00:55', NULL, NULL, NULL, 0),
(458, 'URGENT!! Incident Mitigation Implementation Deadli', 'Please be notified that Incident #10 is set to be reviewed on 2015-07-27. <br /><br />Incident ID: 10. <br />Incident Details: A track broke down on the runway. <br />Implementation Details: Replace floor tiles.', 'read', 2, 0, 'GROUP', 1, '2016-08-02 21:00:59', NULL, NULL, NULL, 0),
(459, 'URGENT!! Incident Mitigation Implementation Deadli', 'Please be notified that Incident #10 is set to be reviewed on 2015-07-27. <br /><br />Incident ID: 10. <br />Incident Details: A track broke down on the runway. <br />Implementation Details: Replace floor tiles.', 'sent', 4, 0, 'GROUP', 1, '2016-08-02 21:01:04', NULL, NULL, NULL, 0),
(460, 'URGENT!! Incident Mitigation Implementation Deadli', 'Please be notified that Incident #10 is set to be reviewed on 2015-07-27. <br /><br />Incident ID: 10. <br />Incident Details: A track broke down on the runway. <br />Implementation Details: Replace floor tiles.', 'sent', 5, 0, 'GROUP', 1, '2016-08-02 21:01:08', NULL, NULL, NULL, 0),
(461, 'URGENT!! Incident Mitigation Implementation Deadli', 'Please be notified that Incident #10 is set to be reviewed on 2015-07-27. <br /><br />Incident ID: 10. <br />Incident Details: A track broke down on the runway. <br />Implementation Details: Replace floor tiles.', 'sent', 6, 0, 'GROUP', 1, '2016-08-02 21:01:13', NULL, NULL, NULL, 0),
(462, 'URGENT!! Incident Mitigation Implementation Deadli', 'Please be notified that Incident #10 is set to be reviewed on 2015-07-27. <br /><br />Incident ID: 10. <br />Incident Details: A track broke down on the runway. <br />Implementation Details: Replace floor tiles.', 'sent', 7, 0, 'GROUP', 1, '2016-08-02 21:01:19', NULL, NULL, NULL, 0),
(463, 'URGENT!! Incident Mitigation Implementation Deadli', 'Please be notified that Incident #10 is set to be reviewed on 2015-07-27. <br /><br />Incident ID: 10. <br />Incident Details: A track broke down on the runway. <br />Implementation Details: Replace floor tiles.', 'sent', 9, 0, 'GROUP', 1, '2016-08-02 21:01:23', NULL, NULL, NULL, 0),
(464, 'URGENT!! Incident Mitigation Implementation Deadli', 'Please be notified that Incident #10 is set to be reviewed on 2015-07-27. <br /><br />Incident ID: 10. <br />Incident Details: A track broke down on the runway. <br />Implementation Details: Replace floor tiles.', 'sent', 10, 0, 'GROUP', 1, '2016-08-02 21:01:30', NULL, NULL, NULL, 0),
(465, 'URGENT!! Incident Mitigation Implementation Deadli', 'Please be notified that Incident #10 is set to be reviewed on 2015-07-27. <br /><br />Incident ID: 10. <br />Incident Details: A track broke down on the runway. <br />Implementation Details: Replace floor tiles.', 'sent', 11, 0, 'GROUP', 1, '2016-08-02 21:01:34', NULL, NULL, NULL, 0),
(466, 'URGENT!! Incident Mitigation Implementation Deadli', 'Please be notified that Incident #10 is set to be reviewed on 2015-07-27. <br /><br />Incident ID: 10. <br />Incident Details: A track broke down on the runway. <br />Implementation Details: Replace floor tiles.', 'sent', 12, 0, 'GROUP', 1, '2016-08-02 21:01:38', NULL, NULL, NULL, 0),
(467, 'URGENT!! Incident Mitigation Implementation Deadli', 'Please be notified that Incident #10 is set to be reviewed on 2015-07-27. <br /><br />Incident ID: 10. <br />Incident Details: A track broke down on the runway. <br />Implementation Details: Replace floor tiles.', 'sent', 13, 0, 'GROUP', 1, '2016-08-02 21:01:44', NULL, NULL, NULL, 0),
(468, 'URGENT!! Hazard Mitigation Implementation Deadline', 'Please be notified that Hazard #1 is set to be reviewed on 2015-07-27. <br /><br />Hazard ID: 1. <br />Hazard Details: There is too much heat in tower due lack of airconditioning. This causes headache, low performance and sometimes we get dizzy and feel like faiting. This has gone on for a very long time and it gets worse day by day.. <br />Implementation Details: Replace the air conditioner', 'sent', 1, 0, 'GROUP', 1, '2016-08-02 21:02:35', NULL, NULL, NULL, 0),
(469, 'URGENT!! Hazard Mitigation Implementation Deadline', 'Please be notified that Hazard #1 is set to be reviewed on 2015-07-27. <br /><br />Hazard ID: 1. <br />Hazard Details: There is too much heat in tower due lack of airconditioning. This causes headache, low performance and sometimes we get dizzy and feel like faiting. This has gone on for a very long time and it gets worse day by day.. <br />Implementation Details: Replace the air conditioner', 'read', 2, 0, 'GROUP', 1, '2016-08-02 21:02:39', NULL, NULL, NULL, 0),
(470, 'URGENT!! Hazard Mitigation Implementation Deadline', 'Please be notified that Hazard #1 is set to be reviewed on 2015-07-27. <br /><br />Hazard ID: 1. <br />Hazard Details: There is too much heat in tower due lack of airconditioning. This causes headache, low performance and sometimes we get dizzy and feel like faiting. This has gone on for a very long time and it gets worse day by day.. <br />Implementation Details: Replace the air conditioner', 'sent', 4, 0, 'GROUP', 1, '2016-08-02 21:02:43', NULL, NULL, NULL, 0),
(471, 'URGENT!! Hazard Mitigation Implementation Deadline', 'Please be notified that Hazard #1 is set to be reviewed on 2015-07-27. <br /><br />Hazard ID: 1. <br />Hazard Details: There is too much heat in tower due lack of airconditioning. This causes headache, low performance and sometimes we get dizzy and feel like faiting. This has gone on for a very long time and it gets worse day by day.. <br />Implementation Details: Replace the air conditioner', 'sent', 5, 0, 'GROUP', 1, '2016-08-02 21:02:48', NULL, NULL, NULL, 0),
(472, 'URGENT!! Hazard Mitigation Implementation Deadline', 'Please be notified that Hazard #1 is set to be reviewed on 2015-07-27. <br /><br />Hazard ID: 1. <br />Hazard Details: There is too much heat in tower due lack of airconditioning. This causes headache, low performance and sometimes we get dizzy and feel like faiting. This has gone on for a very long time and it gets worse day by day.. <br />Implementation Details: Replace the air conditioner', 'sent', 6, 0, 'GROUP', 1, '2016-08-02 21:02:52', NULL, NULL, NULL, 0),
(473, 'URGENT!! Hazard Mitigation Implementation Deadline', 'Please be notified that Hazard #1 is set to be reviewed on 2015-07-27. <br /><br />Hazard ID: 1. <br />Hazard Details: There is too much heat in tower due lack of airconditioning. This causes headache, low performance and sometimes we get dizzy and feel like faiting. This has gone on for a very long time and it gets worse day by day.. <br />Implementation Details: Replace the air conditioner', 'sent', 7, 0, 'GROUP', 1, '2016-08-02 21:02:56', NULL, NULL, NULL, 0),
(474, 'URGENT!! Hazard Mitigation Implementation Deadline', 'Please be notified that Hazard #1 is set to be reviewed on 2015-07-27. <br /><br />Hazard ID: 1. <br />Hazard Details: There is too much heat in tower due lack of airconditioning. This causes headache, low performance and sometimes we get dizzy and feel like faiting. This has gone on for a very long time and it gets worse day by day.. <br />Implementation Details: Replace the air conditioner', 'sent', 9, 0, 'GROUP', 1, '2016-08-02 21:03:01', NULL, NULL, NULL, 0),
(475, 'URGENT!! Hazard Mitigation Implementation Deadline', 'Please be notified that Hazard #1 is set to be reviewed on 2015-07-27. <br /><br />Hazard ID: 1. <br />Hazard Details: There is too much heat in tower due lack of airconditioning. This causes headache, low performance and sometimes we get dizzy and feel like faiting. This has gone on for a very long time and it gets worse day by day.. <br />Implementation Details: Replace the air conditioner', 'sent', 10, 0, 'GROUP', 1, '2016-08-02 21:03:05', NULL, NULL, NULL, 0),
(476, 'URGENT!! Hazard Mitigation Implementation Deadline', 'Please be notified that Hazard #1 is set to be reviewed on 2015-07-27. <br /><br />Hazard ID: 1. <br />Hazard Details: There is too much heat in tower due lack of airconditioning. This causes headache, low performance and sometimes we get dizzy and feel like faiting. This has gone on for a very long time and it gets worse day by day.. <br />Implementation Details: Replace the air conditioner', 'sent', 11, 0, 'GROUP', 1, '2016-08-02 21:03:10', NULL, NULL, NULL, 0),
(477, 'URGENT!! Hazard Mitigation Implementation Deadline', 'Please be notified that Hazard #1 is set to be reviewed on 2015-07-27. <br /><br />Hazard ID: 1. <br />Hazard Details: There is too much heat in tower due lack of airconditioning. This causes headache, low performance and sometimes we get dizzy and feel like faiting. This has gone on for a very long time and it gets worse day by day.. <br />Implementation Details: Replace the air conditioner', 'sent', 12, 0, 'GROUP', 1, '2016-08-02 21:03:14', NULL, NULL, NULL, 0),
(478, 'URGENT!! Hazard Mitigation Implementation Deadline', 'Please be notified that Hazard #1 is set to be reviewed on 2015-07-27. <br /><br />Hazard ID: 1. <br />Hazard Details: There is too much heat in tower due lack of airconditioning. This causes headache, low performance and sometimes we get dizzy and feel like faiting. This has gone on for a very long time and it gets worse day by day.. <br />Implementation Details: Replace the air conditioner', 'sent', 13, 0, 'GROUP', 1, '2016-08-02 21:03:18', NULL, NULL, NULL, 0),
(479, 'URGENT!! Issue Mitigation Implementation Deadline', 'Please be notified that Issue #214 is set to be reviewed on 2016-07-27. <br /><br />Issue ID: 214. <br />Issue Details: Broken glass in waiting hall way. <br />Implementation Details: Replace tile floors with something more rough', 'sent', 1, 0, 'GROUP', 1, '2016-08-02 21:04:12', NULL, NULL, NULL, 0),
(480, 'URGENT!! Issue Mitigation Implementation Deadline', 'Please be notified that Issue #214 is set to be reviewed on 2016-07-27. <br /><br />Issue ID: 214. <br />Issue Details: Broken glass in waiting hall way. <br />Implementation Details: Replace tile floors with something more rough', 'read', 2, 0, 'GROUP', 1, '2016-08-02 21:04:16', NULL, NULL, NULL, 0),
(481, 'URGENT!! Issue Mitigation Implementation Deadline', 'Please be notified that Issue #214 is set to be reviewed on 2016-07-27. <br /><br />Issue ID: 214. <br />Issue Details: Broken glass in waiting hall way. <br />Implementation Details: Replace tile floors with something more rough', 'sent', 4, 0, 'GROUP', 1, '2016-08-02 21:04:21', NULL, NULL, NULL, 0),
(482, 'URGENT!! Issue Mitigation Implementation Deadline', 'Please be notified that Issue #214 is set to be reviewed on 2016-07-27. <br /><br />Issue ID: 214. <br />Issue Details: Broken glass in waiting hall way. <br />Implementation Details: Replace tile floors with something more rough', 'sent', 5, 0, 'GROUP', 1, '2016-08-02 21:04:25', NULL, NULL, NULL, 0),
(483, 'URGENT!! Issue Mitigation Implementation Deadline', 'Please be notified that Issue #214 is set to be reviewed on 2016-07-27. <br /><br />Issue ID: 214. <br />Issue Details: Broken glass in waiting hall way. <br />Implementation Details: Replace tile floors with something more rough', 'sent', 6, 0, 'GROUP', 1, '2016-08-02 21:04:29', NULL, NULL, NULL, 0),
(484, 'URGENT!! Issue Mitigation Implementation Deadline', 'Please be notified that Issue #214 is set to be reviewed on 2016-07-27. <br /><br />Issue ID: 214. <br />Issue Details: Broken glass in waiting hall way. <br />Implementation Details: Replace tile floors with something more rough', 'sent', 7, 0, 'GROUP', 1, '2016-08-02 21:04:33', NULL, NULL, NULL, 0),
(485, 'URGENT!! Issue Mitigation Implementation Deadline', 'Please be notified that Issue #214 is set to be reviewed on 2016-07-27. <br /><br />Issue ID: 214. <br />Issue Details: Broken glass in waiting hall way. <br />Implementation Details: Replace tile floors with something more rough', 'sent', 9, 0, 'GROUP', 1, '2016-08-02 21:04:37', NULL, NULL, NULL, 0),
(486, 'URGENT!! Issue Mitigation Implementation Deadline', 'Please be notified that Issue #214 is set to be reviewed on 2016-07-27. <br /><br />Issue ID: 214. <br />Issue Details: Broken glass in waiting hall way. <br />Implementation Details: Replace tile floors with something more rough', 'sent', 10, 0, 'GROUP', 1, '2016-08-02 21:04:41', NULL, NULL, NULL, 0),
(487, 'URGENT!! Issue Mitigation Implementation Deadline', 'Please be notified that Issue #214 is set to be reviewed on 2016-07-27. <br /><br />Issue ID: 214. <br />Issue Details: Broken glass in waiting hall way. <br />Implementation Details: Replace tile floors with something more rough', 'sent', 11, 0, 'GROUP', 1, '2016-08-02 21:04:45', NULL, NULL, NULL, 0),
(488, 'URGENT!! Issue Mitigation Implementation Deadline', 'Please be notified that Issue #214 is set to be reviewed on 2016-07-27. <br /><br />Issue ID: 214. <br />Issue Details: Broken glass in waiting hall way. <br />Implementation Details: Replace tile floors with something more rough', 'sent', 12, 0, 'GROUP', 1, '2016-08-02 21:04:51', NULL, NULL, NULL, 0),
(489, 'URGENT!! Issue Mitigation Implementation Deadline', 'Please be notified that Issue #214 is set to be reviewed on 2016-07-27. <br /><br />Issue ID: 214. <br />Issue Details: Broken glass in waiting hall way. <br />Implementation Details: Replace tile floors with something more rough', 'sent', 13, 0, 'GROUP', 1, '2016-08-02 21:04:55', NULL, NULL, NULL, 0),
(490, 'Assigned New Icident', 'You have Been Assigned A new Incident #215', 'sent', 1, 2, 'PRIVATE', 0, '2016-08-03 08:34:19', NULL, NULL, NULL, 0),
(491, 'URGENT!! Investigator Notification', 'You have been assigned as investigator for: Hazard ID: 215. Hazard details: building in final approach path runway 17', 'sent', 1, 2, 'PRIVATE', 1, '2016-08-03 08:34:24', NULL, NULL, NULL, 0),
(492, 'NEW Issue', 'A new Issue has been submitted by admin. Issue ID: 216. Issue details: Breakdown in UTL links to upcountry VERN radios ', 'sent', 1, 2, 'GROUP', 0, '2016-08-03 10:06:35', NULL, NULL, NULL, 0),
(493, 'NEW Issue', 'A new Issue has been submitted by admin. Issue ID: 216. Issue details: Breakdown in UTL links to upcountry VERN radios ', 'read', 2, 2, 'GROUP', 0, '2016-08-03 10:06:40', NULL, NULL, NULL, 0),
(494, 'NEW Issue', 'A new Issue has been submitted by admin. Issue ID: 216. Issue details: Breakdown in UTL links to upcountry VERN radios ', 'sent', 4, 2, 'GROUP', 0, '2016-08-03 10:06:45', NULL, NULL, NULL, 0),
(495, 'NEW Issue', 'A new Issue has been submitted by admin. Issue ID: 216. Issue details: Breakdown in UTL links to upcountry VERN radios ', 'sent', 5, 2, 'GROUP', 0, '2016-08-03 10:06:49', NULL, NULL, NULL, 0),
(496, 'NEW Issue', 'A new Issue has been submitted by admin. Issue ID: 216. Issue details: Breakdown in UTL links to upcountry VERN radios ', 'sent', 6, 2, 'GROUP', 0, '2016-08-03 10:06:53', NULL, NULL, NULL, 0),
(497, 'NEW Issue', 'A new Issue has been submitted by admin. Issue ID: 216. Issue details: Breakdown in UTL links to upcountry VERN radios ', 'sent', 7, 2, 'GROUP', 0, '2016-08-03 10:06:57', NULL, NULL, NULL, 0),
(498, 'NEW Issue', 'A new Issue has been submitted by admin. Issue ID: 216. Issue details: Breakdown in UTL links to upcountry VERN radios ', 'sent', 9, 2, 'GROUP', 0, '2016-08-03 10:07:02', NULL, NULL, NULL, 0),
(499, 'NEW Issue', 'A new Issue has been submitted by admin. Issue ID: 216. Issue details: Breakdown in UTL links to upcountry VERN radios ', 'sent', 10, 2, 'GROUP', 0, '2016-08-03 10:07:06', NULL, NULL, NULL, 0),
(500, 'NEW Issue', 'A new Issue has been submitted by admin. Issue ID: 216. Issue details: Breakdown in UTL links to upcountry VERN radios ', 'sent', 11, 2, 'GROUP', 0, '2016-08-03 10:07:10', NULL, NULL, NULL, 0),
(501, 'NEW Issue', 'A new Issue has been submitted by admin. Issue ID: 216. Issue details: Breakdown in UTL links to upcountry VERN radios ', 'sent', 12, 2, 'GROUP', 0, '2016-08-03 10:07:14', NULL, NULL, NULL, 0),
(502, 'NEW Issue', 'A new Issue has been submitted by admin. Issue ID: 216. Issue details: Breakdown in UTL links to upcountry VERN radios ', 'sent', 13, 2, 'GROUP', 0, '2016-08-03 10:07:18', NULL, NULL, NULL, 0),
(503, 'NEW Issue', 'A new Issue has been submitted by admin. Issue ID: 216. Issue details: Breakdown in UTL links to upcountry VERN radios ', 'read', 2, 2, 'GROUP', 0, '2016-08-03 10:07:29', NULL, NULL, NULL, 0),
(504, 'NEW Hazard', 'A new Hazard has been submitted by admin. Hazard ID: 217. Hazard details: Exposed Electrical cable ', 'sent', 1, 2, 'GROUP', 0, '2016-08-03 10:07:30', NULL, NULL, NULL, 0),
(505, 'NEW Hazard', 'A new Hazard has been submitted by admin. Hazard ID: 217. Hazard details: Exposed Electrical cable ', 'read', 2, 2, 'GROUP', 0, '2016-08-03 10:07:36', NULL, NULL, NULL, 0),
(506, 'NEW Hazard', 'A new Hazard has been submitted by admin. Hazard ID: 217. Hazard details: Exposed Electrical cable ', 'sent', 4, 2, 'GROUP', 0, '2016-08-03 10:07:40', NULL, NULL, NULL, 0),
(507, 'NEW Hazard', 'A new Hazard has been submitted by admin. Hazard ID: 217. Hazard details: Exposed Electrical cable ', 'sent', 5, 2, 'GROUP', 0, '2016-08-03 10:07:49', NULL, NULL, NULL, 0),
(508, 'NEW Hazard', 'A new Hazard has been submitted by admin. Hazard ID: 217. Hazard details: Exposed Electrical cable ', 'sent', 6, 2, 'GROUP', 0, '2016-08-03 10:07:53', NULL, NULL, NULL, 0),
(509, 'NEW Hazard', 'A new Hazard has been submitted by admin. Hazard ID: 217. Hazard details: Exposed Electrical cable ', 'sent', 7, 2, 'GROUP', 0, '2016-08-03 10:07:57', NULL, NULL, NULL, 0),
(510, 'NEW Hazard', 'A new Hazard has been submitted by admin. Hazard ID: 217. Hazard details: Exposed Electrical cable ', 'sent', 9, 2, 'GROUP', 0, '2016-08-03 10:08:01', NULL, NULL, NULL, 0),
(511, 'NEW Hazard', 'A new Hazard has been submitted by admin. Hazard ID: 217. Hazard details: Exposed Electrical cable ', 'sent', 10, 2, 'GROUP', 0, '2016-08-03 10:08:06', NULL, NULL, NULL, 0),
(512, 'NEW Hazard', 'A new Hazard has been submitted by admin. Hazard ID: 217. Hazard details: Exposed Electrical cable ', 'sent', 11, 2, 'GROUP', 0, '2016-08-03 10:08:12', NULL, NULL, NULL, 0),
(513, 'NEW Hazard', 'A new Hazard has been submitted by admin. Hazard ID: 217. Hazard details: Exposed Electrical cable ', 'sent', 12, 2, 'GROUP', 0, '2016-08-03 10:08:45', NULL, NULL, NULL, 0),
(514, 'NEW Issue', 'A new Issue has been submitted by admin. Issue ID: 218. Issue details: wet floor', 'sent', 1, 2, 'GROUP', 0, '2016-08-03 10:08:46', NULL, NULL, NULL, 0),
(515, 'NEW Hazard', 'A new Hazard has been submitted by admin. Hazard ID: 217. Hazard details: Exposed Electrical cable ', 'sent', 13, 2, 'GROUP', 0, '2016-08-03 10:08:49', NULL, NULL, NULL, 0),
(516, 'NEW Issue', 'A new Issue has been submitted by admin. Issue ID: 218. Issue details: wet floor', 'read', 2, 2, 'GROUP', 0, '2016-08-03 10:08:50', NULL, NULL, NULL, 0),
(517, 'NEW Issue', 'A new Issue has been submitted by admin. Issue ID: 218. Issue details: wet floor', 'sent', 4, 2, 'GROUP', 0, '2016-08-03 10:08:56', NULL, NULL, NULL, 0),
(518, 'NEW Issue', 'A new Issue has been submitted by admin. Issue ID: 219. Issue details: Breakdown in UTL links to upcountry VERN radios ', 'sent', 1, 2, 'GROUP', 0, '2016-08-03 10:08:56', NULL, NULL, NULL, 0);
INSERT INTO `notifications` (`id`, `subject`, `description`, `status`, `user`, `user_from`, `type`, `urgent`, `date_created`, `target_group`, `current_user`, `current_user_id`, `acknowledge`) VALUES
(519, 'NEW Hazard', 'A new Hazard has been submitted by admin. Hazard ID: 217. Hazard details: Exposed Electrical cable ', 'read', 2, 2, 'GROUP', 0, '2016-08-03 10:08:58', NULL, NULL, NULL, 0),
(520, 'NEW Issue', 'A new Issue has been submitted by admin. Issue ID: 218. Issue details: wet floor', 'sent', 5, 2, 'GROUP', 0, '2016-08-03 10:09:00', NULL, NULL, NULL, 0),
(521, 'NEW Issue', 'A new Issue has been submitted by admin. Issue ID: 219. Issue details: Breakdown in UTL links to upcountry VERN radios ', 'read', 2, 2, 'GROUP', 0, '2016-08-03 10:09:01', NULL, NULL, NULL, 0),
(522, 'NEW Issue', 'A new Issue has been submitted by admin. Issue ID: 218. Issue details: wet floor', 'sent', 6, 2, 'GROUP', 0, '2016-08-03 10:09:06', NULL, NULL, NULL, 0),
(523, 'NEW Issue', 'A new Issue has been submitted by admin. Issue ID: 219. Issue details: Breakdown in UTL links to upcountry VERN radios ', 'sent', 4, 2, 'GROUP', 0, '2016-08-03 10:09:07', NULL, NULL, NULL, 0),
(524, 'NEW Issue', 'A new Issue has been submitted by admin. Issue ID: 218. Issue details: wet floor', 'sent', 7, 2, 'GROUP', 0, '2016-08-03 10:09:11', NULL, NULL, NULL, 0),
(525, 'NEW Issue', 'A new Issue has been submitted by admin. Issue ID: 219. Issue details: Breakdown in UTL links to upcountry VERN radios ', 'sent', 5, 2, 'GROUP', 0, '2016-08-03 10:09:12', NULL, NULL, NULL, 0),
(526, 'NEW Issue', 'A new Issue has been submitted by admin. Issue ID: 218. Issue details: wet floor', 'sent', 9, 2, 'GROUP', 0, '2016-08-03 10:09:15', NULL, NULL, NULL, 0),
(527, 'NEW Issue', 'A new Issue has been submitted by admin. Issue ID: 219. Issue details: Breakdown in UTL links to upcountry VERN radios ', 'sent', 6, 2, 'GROUP', 0, '2016-08-03 10:09:17', NULL, NULL, NULL, 0),
(528, 'NEW Issue', 'A new Issue has been submitted by admin. Issue ID: 218. Issue details: wet floor', 'sent', 10, 2, 'GROUP', 0, '2016-08-03 10:09:20', NULL, NULL, NULL, 0),
(529, 'NEW Issue', 'A new Issue has been submitted by admin. Issue ID: 219. Issue details: Breakdown in UTL links to upcountry VERN radios ', 'sent', 7, 2, 'GROUP', 0, '2016-08-03 10:09:21', NULL, NULL, NULL, 0),
(530, 'NEW Issue', 'A new Issue has been submitted by admin. Issue ID: 218. Issue details: wet floor', 'sent', 11, 2, 'GROUP', 0, '2016-08-03 10:09:24', NULL, NULL, NULL, 0),
(531, 'NEW Issue', 'A new Issue has been submitted by admin. Issue ID: 219. Issue details: Breakdown in UTL links to upcountry VERN radios ', 'sent', 9, 2, 'GROUP', 0, '2016-08-03 10:09:29', NULL, NULL, NULL, 0),
(532, 'NEW Issue', 'A new Issue has been submitted by admin. Issue ID: 218. Issue details: wet floor', 'sent', 12, 2, 'GROUP', 0, '2016-08-03 10:09:30', NULL, NULL, NULL, 0),
(533, 'NEW Issue', 'A new Issue has been submitted by admin. Issue ID: 219. Issue details: Breakdown in UTL links to upcountry VERN radios ', 'sent', 10, 2, 'GROUP', 0, '2016-08-03 10:09:33', NULL, NULL, NULL, 0),
(534, 'NEW Issue', 'A new Issue has been submitted by admin. Issue ID: 218. Issue details: wet floor', 'sent', 13, 2, 'GROUP', 0, '2016-08-03 10:09:35', NULL, NULL, NULL, 0),
(535, 'NEW Issue', 'A new Issue has been submitted by admin. Issue ID: 219. Issue details: Breakdown in UTL links to upcountry VERN radios ', 'sent', 11, 2, 'GROUP', 0, '2016-08-03 10:09:38', NULL, NULL, NULL, 0),
(536, 'NEW Issue', 'A new Issue has been submitted by admin. Issue ID: 219. Issue details: Breakdown in UTL links to upcountry VERN radios ', 'sent', 12, 2, 'GROUP', 0, '2016-08-03 10:09:42', NULL, NULL, NULL, 0),
(537, 'NEW Issue', 'A new Issue has been submitted by admin. Issue ID: 218. Issue details: wet floor', 'read', 2, 2, 'GROUP', 0, '2016-08-03 10:09:43', NULL, NULL, NULL, 0),
(538, 'NEW Issue', 'A new Issue has been submitted by admin. Issue ID: 219. Issue details: Breakdown in UTL links to upcountry VERN radios ', 'sent', 13, 2, 'GROUP', 0, '2016-08-03 10:09:46', NULL, NULL, NULL, 0),
(539, 'NEW Issue', 'A new Issue has been submitted by admin. Issue ID: 219. Issue details: Breakdown in UTL links to upcountry VERN radios ', 'read', 2, 2, 'GROUP', 0, '2016-08-03 10:09:55', NULL, NULL, NULL, 0),
(540, 'NEW Issue', 'A new Issue has been submitted by admin. Issue ID: 220. Issue details: Breakdown in UTL links to upcountry VERN radios ', 'sent', 1, 2, 'GROUP', 0, '2016-08-03 10:10:50', NULL, NULL, NULL, 0),
(541, 'NEW Issue', 'A new Issue has been submitted by admin. Issue ID: 220. Issue details: Breakdown in UTL links to upcountry VERN radios ', 'read', 2, 2, 'GROUP', 0, '2016-08-03 10:10:55', NULL, NULL, NULL, 0),
(542, 'NEW Issue', 'A new Issue has been submitted by admin. Issue ID: 220. Issue details: Breakdown in UTL links to upcountry VERN radios ', 'sent', 4, 2, 'GROUP', 0, '2016-08-03 10:10:59', NULL, NULL, NULL, 0),
(543, 'NEW Issue', 'A new Issue has been submitted by admin. Issue ID: 220. Issue details: Breakdown in UTL links to upcountry VERN radios ', 'sent', 5, 2, 'GROUP', 0, '2016-08-03 10:11:04', NULL, NULL, NULL, 0),
(544, 'NEW Issue', 'A new Issue has been submitted by admin. Issue ID: 220. Issue details: Breakdown in UTL links to upcountry VERN radios ', 'sent', 6, 2, 'GROUP', 0, '2016-08-03 10:11:08', NULL, NULL, NULL, 0),
(545, 'NEW Issue', 'A new Issue has been submitted by admin. Issue ID: 220. Issue details: Breakdown in UTL links to upcountry VERN radios ', 'sent', 7, 2, 'GROUP', 0, '2016-08-03 10:11:13', NULL, NULL, NULL, 0),
(546, 'NEW Issue', 'A new Issue has been submitted by admin. Issue ID: 220. Issue details: Breakdown in UTL links to upcountry VERN radios ', 'sent', 9, 2, 'GROUP', 0, '2016-08-03 10:11:18', NULL, NULL, NULL, 0),
(547, 'NEW Issue', 'A new Issue has been submitted by admin. Issue ID: 220. Issue details: Breakdown in UTL links to upcountry VERN radios ', 'sent', 10, 2, 'GROUP', 0, '2016-08-03 10:11:23', NULL, NULL, NULL, 0),
(548, 'NEW Issue', 'A new Issue has been submitted by admin. Issue ID: 220. Issue details: Breakdown in UTL links to upcountry VERN radios ', 'sent', 11, 2, 'GROUP', 0, '2016-08-03 10:11:27', NULL, NULL, NULL, 0),
(549, 'NEW Issue', 'A new Issue has been submitted by admin. Issue ID: 220. Issue details: Breakdown in UTL links to upcountry VERN radios ', 'sent', 12, 2, 'GROUP', 0, '2016-08-03 10:11:31', NULL, NULL, NULL, 0),
(550, 'NEW Issue', 'A new Issue has been submitted by admin. Issue ID: 220. Issue details: Breakdown in UTL links to upcountry VERN radios ', 'sent', 13, 2, 'GROUP', 0, '2016-08-03 10:11:36', NULL, NULL, NULL, 0),
(551, 'NEW Issue', 'A new Issue has been submitted by admin. Issue ID: 220. Issue details: Breakdown in UTL links to upcountry VERN radios ', 'read', 2, 2, 'GROUP', 0, '2016-08-03 10:11:45', NULL, NULL, NULL, 0),
(552, 'NEW Issue', 'A new Issue has been submitted by admin. Issue ID: 221. Issue details: Breakdown in UTL links to upcountry VERN radios ', 'sent', 1, 2, 'GROUP', 0, '2016-08-03 10:12:41', NULL, NULL, NULL, 0),
(553, 'NEW Issue', 'A new Issue has been submitted by admin. Issue ID: 221. Issue details: Breakdown in UTL links to upcountry VERN radios ', 'read', 2, 2, 'GROUP', 0, '2016-08-03 10:12:45', NULL, NULL, NULL, 0),
(554, 'NEW Issue', 'A new Issue has been submitted by admin. Issue ID: 221. Issue details: Breakdown in UTL links to upcountry VERN radios ', 'sent', 4, 2, 'GROUP', 0, '2016-08-03 10:12:49', NULL, NULL, NULL, 0),
(555, 'NEW Issue', 'A new Issue has been submitted by admin. Issue ID: 221. Issue details: Breakdown in UTL links to upcountry VERN radios ', 'sent', 5, 2, 'GROUP', 0, '2016-08-03 10:12:54', NULL, NULL, NULL, 0),
(556, 'NEW Issue', 'A new Issue has been submitted by admin. Issue ID: 221. Issue details: Breakdown in UTL links to upcountry VERN radios ', 'sent', 6, 2, 'GROUP', 0, '2016-08-03 10:12:58', NULL, NULL, NULL, 0),
(557, 'NEW Issue', 'A new Issue has been submitted by admin. Issue ID: 221. Issue details: Breakdown in UTL links to upcountry VERN radios ', 'sent', 7, 2, 'GROUP', 0, '2016-08-03 10:13:04', NULL, NULL, NULL, 0),
(558, 'NEW Issue', 'A new Issue has been submitted by admin. Issue ID: 221. Issue details: Breakdown in UTL links to upcountry VERN radios ', 'sent', 9, 2, 'GROUP', 0, '2016-08-03 10:13:09', NULL, NULL, NULL, 0),
(559, 'NEW Issue', 'A new Issue has been submitted by admin. Issue ID: 221. Issue details: Breakdown in UTL links to upcountry VERN radios ', 'sent', 10, 2, 'GROUP', 0, '2016-08-03 10:13:13', NULL, NULL, NULL, 0),
(560, 'NEW Issue', 'A new Issue has been submitted by admin. Issue ID: 221. Issue details: Breakdown in UTL links to upcountry VERN radios ', 'sent', 11, 2, 'GROUP', 0, '2016-08-03 10:13:17', NULL, NULL, NULL, 0),
(561, 'NEW Issue', 'A new Issue has been submitted by admin. Issue ID: 221. Issue details: Breakdown in UTL links to upcountry VERN radios ', 'sent', 12, 2, 'GROUP', 0, '2016-08-03 10:13:22', NULL, NULL, NULL, 0),
(562, 'NEW Issue', 'A new Issue has been submitted by admin. Issue ID: 221. Issue details: Breakdown in UTL links to upcountry VERN radios ', 'sent', 13, 2, 'GROUP', 0, '2016-08-03 10:13:26', NULL, NULL, NULL, 0),
(563, 'NEW Issue', 'A new Issue has been submitted by admin. Issue ID: 221. Issue details: Breakdown in UTL links to upcountry VERN radios ', 'read', 2, 2, 'GROUP', 0, '2016-08-03 10:13:38', NULL, NULL, NULL, 0),
(564, 'URGENT!! Hazard Review', 'Please be notified that Hazard #215 is set to be reviewed on 2016-08-03. <br /><br />Hazard ID: 215. <br />Details: building in final approach path runway 17', 'sent', 1, 0, 'GROUP', 1, '2016-08-03 21:03:42', NULL, NULL, NULL, 0),
(565, 'URGENT!! Hazard Review', 'Please be notified that Hazard #215 is set to be reviewed on 2016-08-03. <br /><br />Hazard ID: 215. <br />Details: building in final approach path runway 17', 'read', 2, 0, 'GROUP', 1, '2016-08-03 21:04:02', NULL, NULL, NULL, 0),
(566, 'URGENT!! Hazard Review', 'Please be notified that Hazard #215 is set to be reviewed on 2016-08-03. <br /><br />Hazard ID: 215. <br />Details: building in final approach path runway 17', 'sent', 4, 0, 'GROUP', 1, '2016-08-03 21:04:22', NULL, NULL, NULL, 0),
(567, 'URGENT!! Hazard Review', 'Please be notified that Hazard #215 is set to be reviewed on 2016-08-03. <br /><br />Hazard ID: 215. <br />Details: building in final approach path runway 17', 'sent', 5, 0, 'GROUP', 1, '2016-08-03 21:04:42', NULL, NULL, NULL, 0),
(568, 'URGENT!! Hazard Review', 'Please be notified that Hazard #215 is set to be reviewed on 2016-08-03. <br /><br />Hazard ID: 215. <br />Details: building in final approach path runway 17', 'sent', 6, 0, 'GROUP', 1, '2016-08-03 21:05:02', NULL, NULL, NULL, 0),
(569, 'URGENT!! Hazard Review', 'Please be notified that Hazard #215 is set to be reviewed on 2016-08-03. <br /><br />Hazard ID: 215. <br />Details: building in final approach path runway 17', 'sent', 7, 0, 'GROUP', 1, '2016-08-03 21:05:22', NULL, NULL, NULL, 0),
(570, 'URGENT!! Hazard Review', 'Please be notified that Hazard #215 is set to be reviewed on 2016-08-03. <br /><br />Hazard ID: 215. <br />Details: building in final approach path runway 17', 'sent', 9, 0, 'GROUP', 1, '2016-08-03 21:05:42', NULL, NULL, NULL, 0),
(571, 'URGENT!! Hazard Review', 'Please be notified that Hazard #215 is set to be reviewed on 2016-08-03. <br /><br />Hazard ID: 215. <br />Details: building in final approach path runway 17', 'sent', 10, 0, 'GROUP', 1, '2016-08-03 21:06:02', NULL, NULL, NULL, 0),
(572, 'URGENT!! Hazard Review', 'Please be notified that Hazard #215 is set to be reviewed on 2016-08-03. <br /><br />Hazard ID: 215. <br />Details: building in final approach path runway 17', 'sent', 11, 0, 'GROUP', 1, '2016-08-03 21:06:22', NULL, NULL, NULL, 0),
(573, 'URGENT!! Hazard Review', 'Please be notified that Hazard #215 is set to be reviewed on 2016-08-03. <br /><br />Hazard ID: 215. <br />Details: building in final approach path runway 17', 'sent', 12, 0, 'GROUP', 1, '2016-08-03 21:06:42', NULL, NULL, NULL, 0),
(574, 'URGENT!! Hazard Review', 'Please be notified that Hazard #215 is set to be reviewed on 2016-08-03. <br /><br />Hazard ID: 215. <br />Details: building in final approach path runway 17', 'sent', 13, 0, 'GROUP', 1, '2016-08-03 21:07:02', NULL, NULL, NULL, 0),
(575, 'URGENT!! Hazard Review', 'Please be notified that Hazard #215 is set to be reviewed on 2016-08-03. <br /><br />Hazard ID: 215. <br />Details: building in final approach path runway 17', 'sent', 1, 0, 'GROUP', 1, '2016-08-03 21:11:02', NULL, NULL, NULL, 0),
(576, 'URGENT!! Hazard Review', 'Please be notified that Hazard #215 is set to be reviewed on 2016-08-03. <br /><br />Hazard ID: 215. <br />Details: building in final approach path runway 17', 'read', 2, 0, 'GROUP', 1, '2016-08-03 21:11:22', NULL, NULL, NULL, 0),
(577, 'URGENT!! Hazard Review', 'Please be notified that Hazard #215 is set to be reviewed on 2016-08-03. <br /><br />Hazard ID: 215. <br />Details: building in final approach path runway 17', 'sent', 4, 0, 'GROUP', 1, '2016-08-03 21:11:42', NULL, NULL, NULL, 0),
(578, 'URGENT!! Hazard Review', 'Please be notified that Hazard #215 is set to be reviewed on 2016-08-03. <br /><br />Hazard ID: 215. <br />Details: building in final approach path runway 17', 'sent', 5, 0, 'GROUP', 1, '2016-08-03 21:12:02', NULL, NULL, NULL, 0),
(579, 'URGENT!! Hazard Review', 'Please be notified that Hazard #215 is set to be reviewed on 2016-08-03. <br /><br />Hazard ID: 215. <br />Details: building in final approach path runway 17', 'sent', 6, 0, 'GROUP', 1, '2016-08-03 21:12:22', NULL, NULL, NULL, 0),
(580, 'URGENT!! Hazard Review', 'Please be notified that Hazard #215 is set to be reviewed on 2016-08-03. <br /><br />Hazard ID: 215. <br />Details: building in final approach path runway 17', 'sent', 7, 0, 'GROUP', 1, '2016-08-03 21:12:42', NULL, NULL, NULL, 0),
(581, 'URGENT!! Hazard Review', 'Please be notified that Hazard #215 is set to be reviewed on 2016-08-03. <br /><br />Hazard ID: 215. <br />Details: building in final approach path runway 17', 'sent', 9, 0, 'GROUP', 1, '2016-08-03 21:13:02', NULL, NULL, NULL, 0),
(582, 'URGENT!! Hazard Review', 'Please be notified that Hazard #215 is set to be reviewed on 2016-08-03. <br /><br />Hazard ID: 215. <br />Details: building in final approach path runway 17', 'sent', 10, 0, 'GROUP', 1, '2016-08-03 21:13:22', NULL, NULL, NULL, 0),
(583, 'URGENT!! Hazard Review', 'Please be notified that Hazard #215 is set to be reviewed on 2016-08-03. <br /><br />Hazard ID: 215. <br />Details: building in final approach path runway 17', 'sent', 11, 0, 'GROUP', 1, '2016-08-03 21:13:42', NULL, NULL, NULL, 0),
(584, 'URGENT!! Hazard Review', 'Please be notified that Hazard #215 is set to be reviewed on 2016-08-03. <br /><br />Hazard ID: 215. <br />Details: building in final approach path runway 17', 'sent', 12, 0, 'GROUP', 1, '2016-08-03 21:14:02', NULL, NULL, NULL, 0),
(585, 'URGENT!! Hazard Review', 'Please be notified that Hazard #215 is set to be reviewed on 2016-08-03. <br /><br />Hazard ID: 215. <br />Details: building in final approach path runway 17', 'sent', 13, 0, 'GROUP', 1, '2016-08-03 21:14:22', NULL, NULL, NULL, 0),
(586, 'URGENT!! Incident Mitigation Implementation Deadli', 'Please be notified that Incident #13 is set to be reviewed on 2015-07-28. <br /><br />Incident ID: 13. <br />Incident Details: Hanging wires in server room. <br />Implementation Details: Internal I.T team is trying to handle', 'sent', 1, 0, 'GROUP', 1, '2016-08-03 21:18:22', NULL, NULL, NULL, 0),
(587, 'URGENT!! Incident Mitigation Implementation Deadli', 'Please be notified that Incident #13 is set to be reviewed on 2015-07-28. <br /><br />Incident ID: 13. <br />Incident Details: Hanging wires in server room. <br />Implementation Details: Internal I.T team is trying to handle', 'read', 2, 0, 'GROUP', 1, '2016-08-03 21:18:42', NULL, NULL, NULL, 0),
(588, 'URGENT!! Incident Mitigation Implementation Deadli', 'Please be notified that Incident #13 is set to be reviewed on 2015-07-28. <br /><br />Incident ID: 13. <br />Incident Details: Hanging wires in server room. <br />Implementation Details: Internal I.T team is trying to handle', 'sent', 4, 0, 'GROUP', 1, '2016-08-03 21:19:02', NULL, NULL, NULL, 0),
(589, 'URGENT!! Incident Mitigation Implementation Deadli', 'Please be notified that Incident #13 is set to be reviewed on 2015-07-28. <br /><br />Incident ID: 13. <br />Incident Details: Hanging wires in server room. <br />Implementation Details: Internal I.T team is trying to handle', 'sent', 5, 0, 'GROUP', 1, '2016-08-03 21:19:23', NULL, NULL, NULL, 0),
(590, 'URGENT!! Incident Mitigation Implementation Deadli', 'Please be notified that Incident #13 is set to be reviewed on 2015-07-28. <br /><br />Incident ID: 13. <br />Incident Details: Hanging wires in server room. <br />Implementation Details: Internal I.T team is trying to handle', 'sent', 6, 0, 'GROUP', 1, '2016-08-03 21:19:43', NULL, NULL, NULL, 0),
(591, 'URGENT!! Incident Mitigation Implementation Deadli', 'Please be notified that Incident #13 is set to be reviewed on 2015-07-28. <br /><br />Incident ID: 13. <br />Incident Details: Hanging wires in server room. <br />Implementation Details: Internal I.T team is trying to handle', 'sent', 7, 0, 'GROUP', 1, '2016-08-03 21:20:03', NULL, NULL, NULL, 0),
(592, 'URGENT!! Incident Mitigation Implementation Deadli', 'Please be notified that Incident #13 is set to be reviewed on 2015-07-28. <br /><br />Incident ID: 13. <br />Incident Details: Hanging wires in server room. <br />Implementation Details: Internal I.T team is trying to handle', 'sent', 9, 0, 'GROUP', 1, '2016-08-03 21:20:23', NULL, NULL, NULL, 0),
(593, 'URGENT!! Incident Mitigation Implementation Deadli', 'Please be notified that Incident #13 is set to be reviewed on 2015-07-28. <br /><br />Incident ID: 13. <br />Incident Details: Hanging wires in server room. <br />Implementation Details: Internal I.T team is trying to handle', 'sent', 10, 0, 'GROUP', 1, '2016-08-03 21:20:43', NULL, NULL, NULL, 0),
(594, 'URGENT!! Incident Mitigation Implementation Deadli', 'Please be notified that Incident #13 is set to be reviewed on 2015-07-28. <br /><br />Incident ID: 13. <br />Incident Details: Hanging wires in server room. <br />Implementation Details: Internal I.T team is trying to handle', 'sent', 11, 0, 'GROUP', 1, '2016-08-03 21:21:03', NULL, NULL, NULL, 0),
(595, 'URGENT!! Incident Mitigation Implementation Deadli', 'Please be notified that Incident #13 is set to be reviewed on 2015-07-28. <br /><br />Incident ID: 13. <br />Incident Details: Hanging wires in server room. <br />Implementation Details: Internal I.T team is trying to handle', 'sent', 12, 0, 'GROUP', 1, '2016-08-03 21:21:23', NULL, NULL, NULL, 0),
(596, 'URGENT!! Incident Mitigation Implementation Deadli', 'Please be notified that Incident #13 is set to be reviewed on 2015-07-28. <br /><br />Incident ID: 13. <br />Incident Details: Hanging wires in server room. <br />Implementation Details: Internal I.T team is trying to handle', 'sent', 13, 0, 'GROUP', 1, '2016-08-03 21:21:43', NULL, NULL, NULL, 0),
(597, 'URGENT!! Hazard Review', 'Please be notified that Hazard #108 is set to be reviewed on 2016-02-27. <br /><br />Hazard ID: 108. <br />Details: Trees blocking run way view', 'sent', 1, 0, 'GROUP', 1, '2016-08-04 21:03:42', NULL, NULL, NULL, 0),
(598, 'URGENT!! Hazard Review', 'Please be notified that Hazard #108 is set to be reviewed on 2016-02-27. <br /><br />Hazard ID: 108. <br />Details: Trees blocking run way view', 'read', 2, 0, 'GROUP', 1, '2016-08-04 21:04:02', NULL, NULL, NULL, 0),
(599, 'URGENT!! Hazard Review', 'Please be notified that Hazard #108 is set to be reviewed on 2016-02-27. <br /><br />Hazard ID: 108. <br />Details: Trees blocking run way view', 'sent', 4, 0, 'GROUP', 1, '2016-08-04 21:04:22', NULL, NULL, NULL, 0),
(600, 'URGENT!! Hazard Review', 'Please be notified that Hazard #108 is set to be reviewed on 2016-02-27. <br /><br />Hazard ID: 108. <br />Details: Trees blocking run way view', 'sent', 5, 0, 'GROUP', 1, '2016-08-04 21:04:42', NULL, NULL, NULL, 0),
(601, 'URGENT!! Hazard Review', 'Please be notified that Hazard #108 is set to be reviewed on 2016-02-27. <br /><br />Hazard ID: 108. <br />Details: Trees blocking run way view', 'sent', 6, 0, 'GROUP', 1, '2016-08-04 21:05:02', NULL, NULL, NULL, 0),
(602, 'URGENT!! Hazard Review', 'Please be notified that Hazard #108 is set to be reviewed on 2016-02-27. <br /><br />Hazard ID: 108. <br />Details: Trees blocking run way view', 'sent', 7, 0, 'GROUP', 1, '2016-08-04 21:05:22', NULL, NULL, NULL, 0),
(603, 'URGENT!! Hazard Review', 'Please be notified that Hazard #108 is set to be reviewed on 2016-02-27. <br /><br />Hazard ID: 108. <br />Details: Trees blocking run way view', 'sent', 9, 0, 'GROUP', 1, '2016-08-04 21:05:42', NULL, NULL, NULL, 0),
(604, 'URGENT!! Hazard Review', 'Please be notified that Hazard #108 is set to be reviewed on 2016-02-27. <br /><br />Hazard ID: 108. <br />Details: Trees blocking run way view', 'sent', 10, 0, 'GROUP', 1, '2016-08-04 21:06:02', NULL, NULL, NULL, 0),
(605, 'URGENT!! Hazard Review', 'Please be notified that Hazard #108 is set to be reviewed on 2016-02-27. <br /><br />Hazard ID: 108. <br />Details: Trees blocking run way view', 'sent', 11, 0, 'GROUP', 1, '2016-08-04 21:06:22', NULL, NULL, NULL, 0),
(606, 'URGENT!! Hazard Review', 'Please be notified that Hazard #108 is set to be reviewed on 2016-02-27. <br /><br />Hazard ID: 108. <br />Details: Trees blocking run way view', 'sent', 12, 0, 'GROUP', 1, '2016-08-04 21:06:42', NULL, NULL, NULL, 0),
(607, 'URGENT!! Hazard Review', 'Please be notified that Hazard #108 is set to be reviewed on 2016-02-27. <br /><br />Hazard ID: 108. <br />Details: Trees blocking run way view', 'sent', 13, 0, 'GROUP', 1, '2016-08-04 21:07:02', NULL, NULL, NULL, 0),
(608, 'URGENT!! Hazard Review', 'Please be notified that Hazard #126 is set to be reviewed on 2016-06-28. <br /><br />Hazard ID: 126. <br />Details: Explosion in server room', 'sent', 1, 0, 'GROUP', 1, '2016-08-04 21:11:02', NULL, NULL, NULL, 0),
(609, 'URGENT!! Hazard Review', 'Please be notified that Hazard #126 is set to be reviewed on 2016-06-28. <br /><br />Hazard ID: 126. <br />Details: Explosion in server room', 'read', 2, 0, 'GROUP', 1, '2016-08-04 21:11:22', NULL, NULL, NULL, 0),
(610, 'URGENT!! Hazard Review', 'Please be notified that Hazard #126 is set to be reviewed on 2016-06-28. <br /><br />Hazard ID: 126. <br />Details: Explosion in server room', 'sent', 4, 0, 'GROUP', 1, '2016-08-04 21:11:42', NULL, NULL, NULL, 0),
(611, 'URGENT!! Hazard Review', 'Please be notified that Hazard #126 is set to be reviewed on 2016-06-28. <br /><br />Hazard ID: 126. <br />Details: Explosion in server room', 'sent', 5, 0, 'GROUP', 1, '2016-08-04 21:12:02', NULL, NULL, NULL, 0),
(612, 'URGENT!! Hazard Review', 'Please be notified that Hazard #126 is set to be reviewed on 2016-06-28. <br /><br />Hazard ID: 126. <br />Details: Explosion in server room', 'sent', 6, 0, 'GROUP', 1, '2016-08-04 21:12:22', NULL, NULL, NULL, 0),
(613, 'URGENT!! Hazard Review', 'Please be notified that Hazard #126 is set to be reviewed on 2016-06-28. <br /><br />Hazard ID: 126. <br />Details: Explosion in server room', 'sent', 7, 0, 'GROUP', 1, '2016-08-04 21:12:42', NULL, NULL, NULL, 0),
(614, 'URGENT!! Hazard Review', 'Please be notified that Hazard #126 is set to be reviewed on 2016-06-28. <br /><br />Hazard ID: 126. <br />Details: Explosion in server room', 'sent', 9, 0, 'GROUP', 1, '2016-08-04 21:13:02', NULL, NULL, NULL, 0),
(615, 'URGENT!! Hazard Review', 'Please be notified that Hazard #126 is set to be reviewed on 2016-06-28. <br /><br />Hazard ID: 126. <br />Details: Explosion in server room', 'sent', 10, 0, 'GROUP', 1, '2016-08-04 21:13:22', NULL, NULL, NULL, 0),
(616, 'URGENT!! Hazard Review', 'Please be notified that Hazard #126 is set to be reviewed on 2016-06-28. <br /><br />Hazard ID: 126. <br />Details: Explosion in server room', 'sent', 11, 0, 'GROUP', 1, '2016-08-04 21:13:42', NULL, NULL, NULL, 0),
(617, 'URGENT!! Hazard Review', 'Please be notified that Hazard #126 is set to be reviewed on 2016-06-28. <br /><br />Hazard ID: 126. <br />Details: Explosion in server room', 'sent', 12, 0, 'GROUP', 1, '2016-08-04 21:14:02', NULL, NULL, NULL, 0),
(618, 'URGENT!! Hazard Review', 'Please be notified that Hazard #126 is set to be reviewed on 2016-06-28. <br /><br />Hazard ID: 126. <br />Details: Explosion in server room', 'sent', 13, 0, 'GROUP', 1, '2016-08-04 21:14:22', NULL, NULL, NULL, 0),
(619, 'URGENT!! Incident Mitigation Implementation Deadli', 'Please be notified that Incident #13 is set to be reviewed on 2015-07-30. <br /><br />Incident ID: 13. <br />Incident Details: Hanging wires in server room. <br />Implementation Details: Call the service provider to do the maintenance works.', 'sent', 1, 0, 'GROUP', 1, '2016-08-05 21:03:41', NULL, NULL, NULL, 0),
(620, 'URGENT!! Incident Mitigation Implementation Deadli', 'Please be notified that Incident #13 is set to be reviewed on 2015-07-30. <br /><br />Incident ID: 13. <br />Incident Details: Hanging wires in server room. <br />Implementation Details: Call the service provider to do the maintenance works.', 'read', 2, 0, 'GROUP', 1, '2016-08-05 21:04:01', NULL, NULL, NULL, 0),
(621, 'URGENT!! Incident Mitigation Implementation Deadli', 'Please be notified that Incident #13 is set to be reviewed on 2015-07-30. <br /><br />Incident ID: 13. <br />Incident Details: Hanging wires in server room. <br />Implementation Details: Call the service provider to do the maintenance works.', 'sent', 4, 0, 'GROUP', 1, '2016-08-05 21:04:21', NULL, NULL, NULL, 0),
(622, 'URGENT!! Incident Mitigation Implementation Deadli', 'Please be notified that Incident #13 is set to be reviewed on 2015-07-30. <br /><br />Incident ID: 13. <br />Incident Details: Hanging wires in server room. <br />Implementation Details: Call the service provider to do the maintenance works.', 'sent', 5, 0, 'GROUP', 1, '2016-08-05 21:04:41', NULL, NULL, NULL, 0),
(623, 'URGENT!! Incident Mitigation Implementation Deadli', 'Please be notified that Incident #13 is set to be reviewed on 2015-07-30. <br /><br />Incident ID: 13. <br />Incident Details: Hanging wires in server room. <br />Implementation Details: Call the service provider to do the maintenance works.', 'sent', 6, 0, 'GROUP', 1, '2016-08-05 21:05:01', NULL, NULL, NULL, 0),
(624, 'URGENT!! Incident Mitigation Implementation Deadli', 'Please be notified that Incident #13 is set to be reviewed on 2015-07-30. <br /><br />Incident ID: 13. <br />Incident Details: Hanging wires in server room. <br />Implementation Details: Call the service provider to do the maintenance works.', 'sent', 7, 0, 'GROUP', 1, '2016-08-05 21:05:21', NULL, NULL, NULL, 0),
(625, 'URGENT!! Incident Mitigation Implementation Deadli', 'Please be notified that Incident #13 is set to be reviewed on 2015-07-30. <br /><br />Incident ID: 13. <br />Incident Details: Hanging wires in server room. <br />Implementation Details: Call the service provider to do the maintenance works.', 'sent', 9, 0, 'GROUP', 1, '2016-08-05 21:05:41', NULL, NULL, NULL, 0),
(626, 'URGENT!! Incident Mitigation Implementation Deadli', 'Please be notified that Incident #13 is set to be reviewed on 2015-07-30. <br /><br />Incident ID: 13. <br />Incident Details: Hanging wires in server room. <br />Implementation Details: Call the service provider to do the maintenance works.', 'sent', 10, 0, 'GROUP', 1, '2016-08-05 21:06:01', NULL, NULL, NULL, 0),
(627, 'URGENT!! Incident Mitigation Implementation Deadli', 'Please be notified that Incident #13 is set to be reviewed on 2015-07-30. <br /><br />Incident ID: 13. <br />Incident Details: Hanging wires in server room. <br />Implementation Details: Call the service provider to do the maintenance works.', 'sent', 11, 0, 'GROUP', 1, '2016-08-05 21:06:21', NULL, NULL, NULL, 0),
(628, 'URGENT!! Incident Mitigation Implementation Deadli', 'Please be notified that Incident #13 is set to be reviewed on 2015-07-30. <br /><br />Incident ID: 13. <br />Incident Details: Hanging wires in server room. <br />Implementation Details: Call the service provider to do the maintenance works.', 'sent', 12, 0, 'GROUP', 1, '2016-08-05 21:06:41', NULL, NULL, NULL, 0),
(629, 'URGENT!! Incident Mitigation Implementation Deadli', 'Please be notified that Incident #13 is set to be reviewed on 2015-07-30. <br /><br />Incident ID: 13. <br />Incident Details: Hanging wires in server room. <br />Implementation Details: Call the service provider to do the maintenance works.', 'sent', 13, 0, 'GROUP', 1, '2016-08-05 21:07:01', NULL, NULL, NULL, 0),
(630, 'URGENT!! Issue Mitigation Implementation Deadline', 'Please be notified that Issue #39 is set to be reviewed on 2015-07-30. <br /><br />Issue ID: 39. <br />Issue Details: Fire in server room. <br />Implementation Details: Contact service provider', 'sent', 1, 0, 'GROUP', 1, '2016-08-05 21:11:02', NULL, NULL, NULL, 0),
(631, 'URGENT!! Issue Mitigation Implementation Deadline', 'Please be notified that Issue #39 is set to be reviewed on 2015-07-30. <br /><br />Issue ID: 39. <br />Issue Details: Fire in server room. <br />Implementation Details: Contact service provider', 'read', 2, 0, 'GROUP', 1, '2016-08-05 21:11:22', NULL, NULL, NULL, 0),
(632, 'URGENT!! Issue Mitigation Implementation Deadline', 'Please be notified that Issue #39 is set to be reviewed on 2015-07-30. <br /><br />Issue ID: 39. <br />Issue Details: Fire in server room. <br />Implementation Details: Contact service provider', 'sent', 4, 0, 'GROUP', 1, '2016-08-05 21:11:42', NULL, NULL, NULL, 0),
(633, 'URGENT!! Issue Mitigation Implementation Deadline', 'Please be notified that Issue #39 is set to be reviewed on 2015-07-30. <br /><br />Issue ID: 39. <br />Issue Details: Fire in server room. <br />Implementation Details: Contact service provider', 'sent', 5, 0, 'GROUP', 1, '2016-08-05 21:12:02', NULL, NULL, NULL, 0),
(634, 'URGENT!! Issue Mitigation Implementation Deadline', 'Please be notified that Issue #39 is set to be reviewed on 2015-07-30. <br /><br />Issue ID: 39. <br />Issue Details: Fire in server room. <br />Implementation Details: Contact service provider', 'sent', 6, 0, 'GROUP', 1, '2016-08-05 21:12:22', NULL, NULL, NULL, 0),
(635, 'URGENT!! Issue Mitigation Implementation Deadline', 'Please be notified that Issue #39 is set to be reviewed on 2015-07-30. <br /><br />Issue ID: 39. <br />Issue Details: Fire in server room. <br />Implementation Details: Contact service provider', 'sent', 7, 0, 'GROUP', 1, '2016-08-05 21:12:42', NULL, NULL, NULL, 0),
(636, 'URGENT!! Issue Mitigation Implementation Deadline', 'Please be notified that Issue #39 is set to be reviewed on 2015-07-30. <br /><br />Issue ID: 39. <br />Issue Details: Fire in server room. <br />Implementation Details: Contact service provider', 'sent', 9, 0, 'GROUP', 1, '2016-08-05 21:13:02', NULL, NULL, NULL, 0),
(637, 'URGENT!! Issue Mitigation Implementation Deadline', 'Please be notified that Issue #39 is set to be reviewed on 2015-07-30. <br /><br />Issue ID: 39. <br />Issue Details: Fire in server room. <br />Implementation Details: Contact service provider', 'sent', 10, 0, 'GROUP', 1, '2016-08-05 21:13:22', NULL, NULL, NULL, 0),
(638, 'URGENT!! Issue Mitigation Implementation Deadline', 'Please be notified that Issue #39 is set to be reviewed on 2015-07-30. <br /><br />Issue ID: 39. <br />Issue Details: Fire in server room. <br />Implementation Details: Contact service provider', 'sent', 11, 0, 'GROUP', 1, '2016-08-05 21:13:42', NULL, NULL, NULL, 0),
(639, 'URGENT!! Issue Mitigation Implementation Deadline', 'Please be notified that Issue #39 is set to be reviewed on 2015-07-30. <br /><br />Issue ID: 39. <br />Issue Details: Fire in server room. <br />Implementation Details: Contact service provider', 'sent', 12, 0, 'GROUP', 1, '2016-08-05 21:14:02', NULL, NULL, NULL, 0),
(640, 'URGENT!! Issue Mitigation Implementation Deadline', 'Please be notified that Issue #39 is set to be reviewed on 2015-07-30. <br /><br />Issue ID: 39. <br />Issue Details: Fire in server room. <br />Implementation Details: Contact service provider', 'sent', 13, 0, 'GROUP', 1, '2016-08-05 21:14:22', NULL, NULL, NULL, 0),
(641, 'URGENT!! Issue Review', 'Please be notified that Issue #37 is set to be reviewed on 2016-02-29. <br /><br />Issue ID: 37. <br />Details: Loose door', 'sent', 1, 0, 'GROUP', 1, '2016-08-06 21:00:43', NULL, NULL, NULL, 0),
(642, 'URGENT!! Issue Review', 'Please be notified that Issue #37 is set to be reviewed on 2016-02-29. <br /><br />Issue ID: 37. <br />Details: Loose door', 'read', 2, 0, 'GROUP', 1, '2016-08-06 21:00:47', NULL, NULL, NULL, 0),
(643, 'URGENT!! Issue Review', 'Please be notified that Issue #37 is set to be reviewed on 2016-02-29. <br /><br />Issue ID: 37. <br />Details: Loose door', 'sent', 4, 0, 'GROUP', 1, '2016-08-06 21:00:51', NULL, NULL, NULL, 0),
(644, 'URGENT!! Issue Review', 'Please be notified that Issue #37 is set to be reviewed on 2016-02-29. <br /><br />Issue ID: 37. <br />Details: Loose door', 'sent', 5, 0, 'GROUP', 1, '2016-08-06 21:00:55', NULL, NULL, NULL, 0),
(645, 'URGENT!! Issue Review', 'Please be notified that Issue #37 is set to be reviewed on 2016-02-29. <br /><br />Issue ID: 37. <br />Details: Loose door', 'sent', 6, 0, 'GROUP', 1, '2016-08-06 21:00:59', NULL, NULL, NULL, 0),
(646, 'URGENT!! Issue Review', 'Please be notified that Issue #37 is set to be reviewed on 2016-02-29. <br /><br />Issue ID: 37. <br />Details: Loose door', 'sent', 7, 0, 'GROUP', 1, '2016-08-06 21:01:02', NULL, NULL, NULL, 0),
(647, 'URGENT!! Issue Review', 'Please be notified that Issue #37 is set to be reviewed on 2016-02-29. <br /><br />Issue ID: 37. <br />Details: Loose door', 'sent', 9, 0, 'GROUP', 1, '2016-08-06 21:01:06', NULL, NULL, NULL, 0),
(648, 'URGENT!! Issue Review', 'Please be notified that Issue #37 is set to be reviewed on 2016-02-29. <br /><br />Issue ID: 37. <br />Details: Loose door', 'sent', 10, 0, 'GROUP', 1, '2016-08-06 21:01:10', NULL, NULL, NULL, 0),
(649, 'URGENT!! Issue Review', 'Please be notified that Issue #37 is set to be reviewed on 2016-02-29. <br /><br />Issue ID: 37. <br />Details: Loose door', 'sent', 11, 0, 'GROUP', 1, '2016-08-06 21:01:14', NULL, NULL, NULL, 0),
(650, 'URGENT!! Issue Review', 'Please be notified that Issue #37 is set to be reviewed on 2016-02-29. <br /><br />Issue ID: 37. <br />Details: Loose door', 'sent', 12, 0, 'GROUP', 1, '2016-08-06 21:01:17', NULL, NULL, NULL, 0),
(651, 'URGENT!! Issue Review', 'Please be notified that Issue #37 is set to be reviewed on 2016-02-29. <br /><br />Issue ID: 37. <br />Details: Loose door', 'sent', 13, 0, 'GROUP', 1, '2016-08-06 21:01:21', NULL, NULL, NULL, 0),
(652, 'URGENT!! Hazard Mitigation Implementation Deadline', 'Please be notified that Hazard #86 is set to be reviewed on 2016-02-09. <br /><br />Hazard ID: 86. <br />Hazard Details: Trees blocking run way view. <br />Implementation Details: b1', 'sent', 1, 0, 'GROUP', 1, '2016-08-08 21:00:45', NULL, NULL, NULL, 0),
(653, 'URGENT!! Hazard Mitigation Implementation Deadline', 'Please be notified that Hazard #86 is set to be reviewed on 2016-02-09. <br /><br />Hazard ID: 86. <br />Hazard Details: Trees blocking run way view. <br />Implementation Details: b1', 'read', 2, 0, 'GROUP', 1, '2016-08-08 21:00:48', NULL, NULL, NULL, 0),
(654, 'URGENT!! Hazard Mitigation Implementation Deadline', 'Please be notified that Hazard #86 is set to be reviewed on 2016-02-09. <br /><br />Hazard ID: 86. <br />Hazard Details: Trees blocking run way view. <br />Implementation Details: b1', 'sent', 4, 0, 'GROUP', 1, '2016-08-08 21:00:52', NULL, NULL, NULL, 0),
(655, 'URGENT!! Hazard Mitigation Implementation Deadline', 'Please be notified that Hazard #86 is set to be reviewed on 2016-02-09. <br /><br />Hazard ID: 86. <br />Hazard Details: Trees blocking run way view. <br />Implementation Details: b1', 'sent', 5, 0, 'GROUP', 1, '2016-08-08 21:00:56', NULL, NULL, NULL, 0),
(656, 'URGENT!! Hazard Mitigation Implementation Deadline', 'Please be notified that Hazard #86 is set to be reviewed on 2016-02-09. <br /><br />Hazard ID: 86. <br />Hazard Details: Trees blocking run way view. <br />Implementation Details: b1', 'sent', 6, 0, 'GROUP', 1, '2016-08-08 21:01:00', NULL, NULL, NULL, 0),
(657, 'URGENT!! Hazard Mitigation Implementation Deadline', 'Please be notified that Hazard #86 is set to be reviewed on 2016-02-09. <br /><br />Hazard ID: 86. <br />Hazard Details: Trees blocking run way view. <br />Implementation Details: b1', 'sent', 7, 0, 'GROUP', 1, '2016-08-08 21:01:04', NULL, NULL, NULL, 0),
(658, 'URGENT!! Hazard Mitigation Implementation Deadline', 'Please be notified that Hazard #86 is set to be reviewed on 2016-02-09. <br /><br />Hazard ID: 86. <br />Hazard Details: Trees blocking run way view. <br />Implementation Details: b1', 'sent', 9, 0, 'GROUP', 1, '2016-08-08 21:01:08', NULL, NULL, NULL, 0),
(659, 'URGENT!! Hazard Mitigation Implementation Deadline', 'Please be notified that Hazard #86 is set to be reviewed on 2016-02-09. <br /><br />Hazard ID: 86. <br />Hazard Details: Trees blocking run way view. <br />Implementation Details: b1', 'sent', 10, 0, 'GROUP', 1, '2016-08-08 21:01:12', NULL, NULL, NULL, 0),
(660, 'URGENT!! Hazard Mitigation Implementation Deadline', 'Please be notified that Hazard #86 is set to be reviewed on 2016-02-09. <br /><br />Hazard ID: 86. <br />Hazard Details: Trees blocking run way view. <br />Implementation Details: b1', 'sent', 11, 0, 'GROUP', 1, '2016-08-08 21:01:16', NULL, NULL, NULL, 0),
(661, 'URGENT!! Hazard Mitigation Implementation Deadline', 'Please be notified that Hazard #86 is set to be reviewed on 2016-02-09. <br /><br />Hazard ID: 86. <br />Hazard Details: Trees blocking run way view. <br />Implementation Details: b1', 'sent', 12, 0, 'GROUP', 1, '2016-08-08 21:01:20', NULL, NULL, NULL, 0),
(662, 'URGENT!! Hazard Mitigation Implementation Deadline', 'Please be notified that Hazard #86 is set to be reviewed on 2016-02-09. <br /><br />Hazard ID: 86. <br />Hazard Details: Trees blocking run way view. <br />Implementation Details: b1', 'sent', 13, 0, 'GROUP', 1, '2016-08-08 21:01:24', NULL, NULL, NULL, 0),
(663, 'URGENT!! Hazard Mitigation Implementation Deadline', 'Please be notified that Hazard #88 is set to be reviewed on 2016-02-09. <br /><br />Hazard ID: 88. <br />Hazard Details: Trees blocking run way view. <br />Implementation Details: aaa', 'sent', 1, 0, 'GROUP', 1, '2016-08-08 21:02:13', NULL, NULL, NULL, 0),
(664, 'URGENT!! Hazard Mitigation Implementation Deadline', 'Please be notified that Hazard #88 is set to be reviewed on 2016-02-09. <br /><br />Hazard ID: 88. <br />Hazard Details: Trees blocking run way view. <br />Implementation Details: aaa', 'read', 2, 0, 'GROUP', 1, '2016-08-08 21:02:17', NULL, NULL, NULL, 0),
(665, 'URGENT!! Hazard Mitigation Implementation Deadline', 'Please be notified that Hazard #88 is set to be reviewed on 2016-02-09. <br /><br />Hazard ID: 88. <br />Hazard Details: Trees blocking run way view. <br />Implementation Details: aaa', 'sent', 4, 0, 'GROUP', 1, '2016-08-08 21:02:21', NULL, NULL, NULL, 0),
(666, 'URGENT!! Hazard Mitigation Implementation Deadline', 'Please be notified that Hazard #88 is set to be reviewed on 2016-02-09. <br /><br />Hazard ID: 88. <br />Hazard Details: Trees blocking run way view. <br />Implementation Details: aaa', 'sent', 5, 0, 'GROUP', 1, '2016-08-08 21:02:21', NULL, NULL, NULL, 0),
(667, 'URGENT!! Hazard Mitigation Implementation Deadline', 'Please be notified that Hazard #88 is set to be reviewed on 2016-02-09. <br /><br />Hazard ID: 88. <br />Hazard Details: Trees blocking run way view. <br />Implementation Details: aaa', 'sent', 6, 0, 'GROUP', 1, '2016-08-08 21:02:25', NULL, NULL, NULL, 0),
(668, 'URGENT!! Hazard Mitigation Implementation Deadline', 'Please be notified that Hazard #88 is set to be reviewed on 2016-02-09. <br /><br />Hazard ID: 88. <br />Hazard Details: Trees blocking run way view. <br />Implementation Details: aaa', 'sent', 7, 0, 'GROUP', 1, '2016-08-08 21:02:29', NULL, NULL, NULL, 0),
(669, 'URGENT!! Hazard Mitigation Implementation Deadline', 'Please be notified that Hazard #88 is set to be reviewed on 2016-02-09. <br /><br />Hazard ID: 88. <br />Hazard Details: Trees blocking run way view. <br />Implementation Details: aaa', 'sent', 9, 0, 'GROUP', 1, '2016-08-08 21:02:33', NULL, NULL, NULL, 0),
(670, 'URGENT!! Hazard Mitigation Implementation Deadline', 'Please be notified that Hazard #88 is set to be reviewed on 2016-02-09. <br /><br />Hazard ID: 88. <br />Hazard Details: Trees blocking run way view. <br />Implementation Details: aaa', 'sent', 10, 0, 'GROUP', 1, '2016-08-08 21:02:37', NULL, NULL, NULL, 0),
(671, 'URGENT!! Hazard Mitigation Implementation Deadline', 'Please be notified that Hazard #88 is set to be reviewed on 2016-02-09. <br /><br />Hazard ID: 88. <br />Hazard Details: Trees blocking run way view. <br />Implementation Details: aaa', 'sent', 11, 0, 'GROUP', 1, '2016-08-08 21:02:41', NULL, NULL, NULL, 0),
(672, 'URGENT!! Hazard Mitigation Implementation Deadline', 'Please be notified that Hazard #88 is set to be reviewed on 2016-02-09. <br /><br />Hazard ID: 88. <br />Hazard Details: Trees blocking run way view. <br />Implementation Details: aaa', 'sent', 12, 0, 'GROUP', 1, '2016-08-08 21:02:45', NULL, NULL, NULL, 0),
(673, 'URGENT!! Hazard Mitigation Implementation Deadline', 'Please be notified that Hazard #88 is set to be reviewed on 2016-02-09. <br /><br />Hazard ID: 88. <br />Hazard Details: Trees blocking run way view. <br />Implementation Details: aaa', 'sent', 13, 0, 'GROUP', 1, '2016-08-08 21:02:48', NULL, NULL, NULL, 0),
(674, 'URGENT!! Hazard Review', 'Please be notified that Hazard #215 is set to be reviewed on 2016-08-03. <br /><br />Hazard ID: 215. <br />Details: building in final approach path runway 17', 'sent', 1, 0, 'GROUP', 1, '2016-08-09 21:00:47', NULL, NULL, NULL, 0),
(675, 'URGENT!! Hazard Review', 'Please be notified that Hazard #215 is set to be reviewed on 2016-08-03. <br /><br />Hazard ID: 215. <br />Details: building in final approach path runway 17', 'read', 2, 0, 'GROUP', 1, '2016-08-09 21:00:51', NULL, NULL, NULL, 0),
(676, 'URGENT!! Hazard Review', 'Please be notified that Hazard #215 is set to be reviewed on 2016-08-03. <br /><br />Hazard ID: 215. <br />Details: building in final approach path runway 17', 'sent', 4, 0, 'GROUP', 1, '2016-08-09 21:00:55', NULL, NULL, NULL, 0),
(677, 'URGENT!! Hazard Review', 'Please be notified that Hazard #215 is set to be reviewed on 2016-08-03. <br /><br />Hazard ID: 215. <br />Details: building in final approach path runway 17', 'sent', 5, 0, 'GROUP', 1, '2016-08-09 21:00:59', NULL, NULL, NULL, 0),
(678, 'URGENT!! Hazard Review', 'Please be notified that Hazard #215 is set to be reviewed on 2016-08-03. <br /><br />Hazard ID: 215. <br />Details: building in final approach path runway 17', 'sent', 6, 0, 'GROUP', 1, '2016-08-09 21:01:03', NULL, NULL, NULL, 0),
(679, 'URGENT!! Hazard Review', 'Please be notified that Hazard #215 is set to be reviewed on 2016-08-03. <br /><br />Hazard ID: 215. <br />Details: building in final approach path runway 17', 'sent', 7, 0, 'GROUP', 1, '2016-08-09 21:01:07', NULL, NULL, NULL, 0),
(680, 'URGENT!! Hazard Review', 'Please be notified that Hazard #215 is set to be reviewed on 2016-08-03. <br /><br />Hazard ID: 215. <br />Details: building in final approach path runway 17', 'sent', 9, 0, 'GROUP', 1, '2016-08-09 21:01:11', NULL, NULL, NULL, 0),
(681, 'URGENT!! Hazard Review', 'Please be notified that Hazard #215 is set to be reviewed on 2016-08-03. <br /><br />Hazard ID: 215. <br />Details: building in final approach path runway 17', 'sent', 10, 0, 'GROUP', 1, '2016-08-09 21:01:14', NULL, NULL, NULL, 0),
(682, 'URGENT!! Hazard Review', 'Please be notified that Hazard #215 is set to be reviewed on 2016-08-03. <br /><br />Hazard ID: 215. <br />Details: building in final approach path runway 17', 'sent', 11, 0, 'GROUP', 1, '2016-08-09 21:01:19', NULL, NULL, NULL, 0),
(683, 'URGENT!! Hazard Review', 'Please be notified that Hazard #215 is set to be reviewed on 2016-08-03. <br /><br />Hazard ID: 215. <br />Details: building in final approach path runway 17', 'sent', 12, 0, 'GROUP', 1, '2016-08-09 21:01:22', NULL, NULL, NULL, 0),
(684, 'URGENT!! Hazard Review', 'Please be notified that Hazard #215 is set to be reviewed on 2016-08-03. <br /><br />Hazard ID: 215. <br />Details: building in final approach path runway 17', 'sent', 13, 0, 'GROUP', 1, '2016-08-09 21:01:26', NULL, NULL, NULL, 0),
(685, 'URGENT!! Hazard Review', 'Please be notified that Hazard #215 is set to be reviewed on 2016-08-03. <br /><br />Hazard ID: 215. <br />Details: building in final approach path runway 17', 'sent', 1, 0, 'GROUP', 1, '2016-08-09 21:02:14', NULL, NULL, NULL, 0),
(686, 'URGENT!! Hazard Review', 'Please be notified that Hazard #215 is set to be reviewed on 2016-08-03. <br /><br />Hazard ID: 215. <br />Details: building in final approach path runway 17', 'read', 2, 0, 'GROUP', 1, '2016-08-09 21:02:18', NULL, NULL, NULL, 0),
(687, 'URGENT!! Hazard Review', 'Please be notified that Hazard #215 is set to be reviewed on 2016-08-03. <br /><br />Hazard ID: 215. <br />Details: building in final approach path runway 17', 'sent', 4, 0, 'GROUP', 1, '2016-08-09 21:02:22', NULL, NULL, NULL, 0),
(688, 'URGENT!! Hazard Review', 'Please be notified that Hazard #215 is set to be reviewed on 2016-08-03. <br /><br />Hazard ID: 215. <br />Details: building in final approach path runway 17', 'sent', 5, 0, 'GROUP', 1, '2016-08-09 21:02:26', NULL, NULL, NULL, 0),
(689, 'URGENT!! Hazard Review', 'Please be notified that Hazard #215 is set to be reviewed on 2016-08-03. <br /><br />Hazard ID: 215. <br />Details: building in final approach path runway 17', 'sent', 6, 0, 'GROUP', 1, '2016-08-09 21:02:29', NULL, NULL, NULL, 0),
(690, 'URGENT!! Hazard Review', 'Please be notified that Hazard #215 is set to be reviewed on 2016-08-03. <br /><br />Hazard ID: 215. <br />Details: building in final approach path runway 17', 'sent', 7, 0, 'GROUP', 1, '2016-08-09 21:02:33', NULL, NULL, NULL, 0),
(691, 'URGENT!! Hazard Review', 'Please be notified that Hazard #215 is set to be reviewed on 2016-08-03. <br /><br />Hazard ID: 215. <br />Details: building in final approach path runway 17', 'sent', 9, 0, 'GROUP', 1, '2016-08-09 21:02:37', NULL, NULL, NULL, 0),
(692, 'URGENT!! Hazard Review', 'Please be notified that Hazard #215 is set to be reviewed on 2016-08-03. <br /><br />Hazard ID: 215. <br />Details: building in final approach path runway 17', 'sent', 10, 0, 'GROUP', 1, '2016-08-09 21:02:41', NULL, NULL, NULL, 0),
(693, 'URGENT!! Hazard Review', 'Please be notified that Hazard #215 is set to be reviewed on 2016-08-03. <br /><br />Hazard ID: 215. <br />Details: building in final approach path runway 17', 'sent', 11, 0, 'GROUP', 1, '2016-08-09 21:02:45', NULL, NULL, NULL, 0),
(694, 'URGENT!! Hazard Review', 'Please be notified that Hazard #215 is set to be reviewed on 2016-08-03. <br /><br />Hazard ID: 215. <br />Details: building in final approach path runway 17', 'sent', 12, 0, 'GROUP', 1, '2016-08-09 21:02:49', NULL, NULL, NULL, 0),
(695, 'URGENT!! Hazard Review', 'Please be notified that Hazard #215 is set to be reviewed on 2016-08-03. <br /><br />Hazard ID: 215. <br />Details: building in final approach path runway 17', 'sent', 13, 0, 'GROUP', 1, '2016-08-09 21:02:53', NULL, NULL, NULL, 0),
(696, 'URGENT!! Hazard Mitigation Implementation Deadline', 'Please be notified that Hazard #86 is set to be reviewed on 2016-02-09. <br /><br />Hazard ID: 86. <br />Hazard Details: Trees blocking run way view. <br />Implementation Details: b1', 'sent', 1, 0, 'GROUP', 1, '2016-08-09 21:03:41', NULL, NULL, NULL, 0),
(697, 'URGENT!! Hazard Mitigation Implementation Deadline', 'Please be notified that Hazard #86 is set to be reviewed on 2016-02-09. <br /><br />Hazard ID: 86. <br />Hazard Details: Trees blocking run way view. <br />Implementation Details: b1', 'read', 2, 0, 'GROUP', 1, '2016-08-09 21:03:45', NULL, NULL, NULL, 0),
(698, 'URGENT!! Hazard Mitigation Implementation Deadline', 'Please be notified that Hazard #86 is set to be reviewed on 2016-02-09. <br /><br />Hazard ID: 86. <br />Hazard Details: Trees blocking run way view. <br />Implementation Details: b1', 'sent', 4, 0, 'GROUP', 1, '2016-08-09 21:03:49', NULL, NULL, NULL, 0),
(699, 'URGENT!! Hazard Mitigation Implementation Deadline', 'Please be notified that Hazard #86 is set to be reviewed on 2016-02-09. <br /><br />Hazard ID: 86. <br />Hazard Details: Trees blocking run way view. <br />Implementation Details: b1', 'sent', 5, 0, 'GROUP', 1, '2016-08-09 21:03:54', NULL, NULL, NULL, 0),
(700, 'URGENT!! Hazard Mitigation Implementation Deadline', 'Please be notified that Hazard #86 is set to be reviewed on 2016-02-09. <br /><br />Hazard ID: 86. <br />Hazard Details: Trees blocking run way view. <br />Implementation Details: b1', 'sent', 6, 0, 'GROUP', 1, '2016-08-09 21:03:58', NULL, NULL, NULL, 0),
(701, 'URGENT!! Hazard Mitigation Implementation Deadline', 'Please be notified that Hazard #86 is set to be reviewed on 2016-02-09. <br /><br />Hazard ID: 86. <br />Hazard Details: Trees blocking run way view. <br />Implementation Details: b1', 'sent', 7, 0, 'GROUP', 1, '2016-08-09 21:04:01', NULL, NULL, NULL, 0),
(702, 'URGENT!! Hazard Mitigation Implementation Deadline', 'Please be notified that Hazard #86 is set to be reviewed on 2016-02-09. <br /><br />Hazard ID: 86. <br />Hazard Details: Trees blocking run way view. <br />Implementation Details: b1', 'sent', 9, 0, 'GROUP', 1, '2016-08-09 21:04:05', NULL, NULL, NULL, 0),
(703, 'URGENT!! Hazard Mitigation Implementation Deadline', 'Please be notified that Hazard #86 is set to be reviewed on 2016-02-09. <br /><br />Hazard ID: 86. <br />Hazard Details: Trees blocking run way view. <br />Implementation Details: b1', 'sent', 10, 0, 'GROUP', 1, '2016-08-09 21:04:10', NULL, NULL, NULL, 0);
INSERT INTO `notifications` (`id`, `subject`, `description`, `status`, `user`, `user_from`, `type`, `urgent`, `date_created`, `target_group`, `current_user`, `current_user_id`, `acknowledge`) VALUES
(704, 'URGENT!! Hazard Mitigation Implementation Deadline', 'Please be notified that Hazard #86 is set to be reviewed on 2016-02-09. <br /><br />Hazard ID: 86. <br />Hazard Details: Trees blocking run way view. <br />Implementation Details: b1', 'sent', 11, 0, 'GROUP', 1, '2016-08-09 21:04:14', NULL, NULL, NULL, 0),
(705, 'URGENT!! Hazard Mitigation Implementation Deadline', 'Please be notified that Hazard #86 is set to be reviewed on 2016-02-09. <br /><br />Hazard ID: 86. <br />Hazard Details: Trees blocking run way view. <br />Implementation Details: b1', 'sent', 12, 0, 'GROUP', 1, '2016-08-09 21:04:18', NULL, NULL, NULL, 0),
(706, 'URGENT!! Hazard Mitigation Implementation Deadline', 'Please be notified that Hazard #86 is set to be reviewed on 2016-02-09. <br /><br />Hazard ID: 86. <br />Hazard Details: Trees blocking run way view. <br />Implementation Details: b1', 'sent', 13, 0, 'GROUP', 1, '2016-08-09 21:04:21', NULL, NULL, NULL, 0),
(707, 'URGENT!! Hazard Mitigation Implementation Deadline', 'Please be notified that Hazard #88 is set to be reviewed on 2016-02-09. <br /><br />Hazard ID: 88. <br />Hazard Details: Trees blocking run way view. <br />Implementation Details: aaa', 'sent', 1, 0, 'GROUP', 1, '2016-08-09 21:05:09', NULL, NULL, NULL, 0),
(708, 'URGENT!! Hazard Mitigation Implementation Deadline', 'Please be notified that Hazard #88 is set to be reviewed on 2016-02-09. <br /><br />Hazard ID: 88. <br />Hazard Details: Trees blocking run way view. <br />Implementation Details: aaa', 'read', 2, 0, 'GROUP', 1, '2016-08-09 21:05:13', NULL, NULL, NULL, 0),
(709, 'URGENT!! Hazard Mitigation Implementation Deadline', 'Please be notified that Hazard #88 is set to be reviewed on 2016-02-09. <br /><br />Hazard ID: 88. <br />Hazard Details: Trees blocking run way view. <br />Implementation Details: aaa', 'sent', 4, 0, 'GROUP', 1, '2016-08-09 21:05:17', NULL, NULL, NULL, 0),
(710, 'URGENT!! Hazard Mitigation Implementation Deadline', 'Please be notified that Hazard #88 is set to be reviewed on 2016-02-09. <br /><br />Hazard ID: 88. <br />Hazard Details: Trees blocking run way view. <br />Implementation Details: aaa', 'sent', 5, 0, 'GROUP', 1, '2016-08-09 21:05:21', NULL, NULL, NULL, 0),
(711, 'URGENT!! Hazard Mitigation Implementation Deadline', 'Please be notified that Hazard #88 is set to be reviewed on 2016-02-09. <br /><br />Hazard ID: 88. <br />Hazard Details: Trees blocking run way view. <br />Implementation Details: aaa', 'sent', 6, 0, 'GROUP', 1, '2016-08-09 21:05:25', NULL, NULL, NULL, 0),
(712, 'URGENT!! Hazard Mitigation Implementation Deadline', 'Please be notified that Hazard #88 is set to be reviewed on 2016-02-09. <br /><br />Hazard ID: 88. <br />Hazard Details: Trees blocking run way view. <br />Implementation Details: aaa', 'sent', 7, 0, 'GROUP', 1, '2016-08-09 21:05:29', NULL, NULL, NULL, 0),
(713, 'URGENT!! Hazard Mitigation Implementation Deadline', 'Please be notified that Hazard #88 is set to be reviewed on 2016-02-09. <br /><br />Hazard ID: 88. <br />Hazard Details: Trees blocking run way view. <br />Implementation Details: aaa', 'sent', 9, 0, 'GROUP', 1, '2016-08-09 21:05:32', NULL, NULL, NULL, 0),
(714, 'URGENT!! Hazard Mitigation Implementation Deadline', 'Please be notified that Hazard #88 is set to be reviewed on 2016-02-09. <br /><br />Hazard ID: 88. <br />Hazard Details: Trees blocking run way view. <br />Implementation Details: aaa', 'sent', 10, 0, 'GROUP', 1, '2016-08-09 21:05:36', NULL, NULL, NULL, 0),
(715, 'URGENT!! Hazard Mitigation Implementation Deadline', 'Please be notified that Hazard #88 is set to be reviewed on 2016-02-09. <br /><br />Hazard ID: 88. <br />Hazard Details: Trees blocking run way view. <br />Implementation Details: aaa', 'sent', 11, 0, 'GROUP', 1, '2016-08-09 21:05:40', NULL, NULL, NULL, 0),
(716, 'URGENT!! Hazard Mitigation Implementation Deadline', 'Please be notified that Hazard #88 is set to be reviewed on 2016-02-09. <br /><br />Hazard ID: 88. <br />Hazard Details: Trees blocking run way view. <br />Implementation Details: aaa', 'sent', 12, 0, 'GROUP', 1, '2016-08-09 21:05:44', NULL, NULL, NULL, 0),
(717, 'URGENT!! Hazard Mitigation Implementation Deadline', 'Please be notified that Hazard #88 is set to be reviewed on 2016-02-09. <br /><br />Hazard ID: 88. <br />Hazard Details: Trees blocking run way view. <br />Implementation Details: aaa', 'sent', 13, 0, 'GROUP', 1, '2016-08-09 21:05:48', NULL, NULL, NULL, 0),
(718, 'URGENT!! Incident Mitigation Implementation Deadli', 'Please be notified that Incident #42 is set to be reviewed on 2015-08-11. <br /><br />Incident ID: 42. <br />Incident Details: Loose door. <br />Implementation Details: Replace all plastic material with metal', 'sent', 1, 0, 'GROUP', 1, '2016-08-10 21:00:44', NULL, NULL, NULL, 0),
(719, 'URGENT!! Incident Mitigation Implementation Deadli', 'Please be notified that Incident #42 is set to be reviewed on 2015-08-11. <br /><br />Incident ID: 42. <br />Incident Details: Loose door. <br />Implementation Details: Replace all plastic material with metal', 'read', 2, 0, 'GROUP', 1, '2016-08-10 21:00:48', NULL, NULL, NULL, 0),
(720, 'URGENT!! Incident Mitigation Implementation Deadli', 'Please be notified that Incident #42 is set to be reviewed on 2015-08-11. <br /><br />Incident ID: 42. <br />Incident Details: Loose door. <br />Implementation Details: Replace all plastic material with metal', 'sent', 4, 0, 'GROUP', 1, '2016-08-10 21:00:52', NULL, NULL, NULL, 0),
(721, 'URGENT!! Incident Mitigation Implementation Deadli', 'Please be notified that Incident #42 is set to be reviewed on 2015-08-11. <br /><br />Incident ID: 42. <br />Incident Details: Loose door. <br />Implementation Details: Replace all plastic material with metal', 'sent', 5, 0, 'GROUP', 1, '2016-08-10 21:00:55', NULL, NULL, NULL, 0),
(722, 'URGENT!! Incident Mitigation Implementation Deadli', 'Please be notified that Incident #42 is set to be reviewed on 2015-08-11. <br /><br />Incident ID: 42. <br />Incident Details: Loose door. <br />Implementation Details: Replace all plastic material with metal', 'sent', 6, 0, 'GROUP', 1, '2016-08-10 21:00:59', NULL, NULL, NULL, 0),
(723, 'URGENT!! Incident Mitigation Implementation Deadli', 'Please be notified that Incident #42 is set to be reviewed on 2015-08-11. <br /><br />Incident ID: 42. <br />Incident Details: Loose door. <br />Implementation Details: Replace all plastic material with metal', 'sent', 7, 0, 'GROUP', 1, '2016-08-10 21:01:03', NULL, NULL, NULL, 0),
(724, 'URGENT!! Incident Mitigation Implementation Deadli', 'Please be notified that Incident #42 is set to be reviewed on 2015-08-11. <br /><br />Incident ID: 42. <br />Incident Details: Loose door. <br />Implementation Details: Replace all plastic material with metal', 'sent', 9, 0, 'GROUP', 1, '2016-08-10 21:01:06', NULL, NULL, NULL, 0),
(725, 'URGENT!! Incident Mitigation Implementation Deadli', 'Please be notified that Incident #42 is set to be reviewed on 2015-08-11. <br /><br />Incident ID: 42. <br />Incident Details: Loose door. <br />Implementation Details: Replace all plastic material with metal', 'sent', 10, 0, 'GROUP', 1, '2016-08-10 21:01:10', NULL, NULL, NULL, 0),
(726, 'URGENT!! Incident Mitigation Implementation Deadli', 'Please be notified that Incident #42 is set to be reviewed on 2015-08-11. <br /><br />Incident ID: 42. <br />Incident Details: Loose door. <br />Implementation Details: Replace all plastic material with metal', 'sent', 11, 0, 'GROUP', 1, '2016-08-10 21:01:14', NULL, NULL, NULL, 0),
(727, 'URGENT!! Incident Mitigation Implementation Deadli', 'Please be notified that Incident #42 is set to be reviewed on 2015-08-11. <br /><br />Incident ID: 42. <br />Incident Details: Loose door. <br />Implementation Details: Replace all plastic material with metal', 'sent', 12, 0, 'GROUP', 1, '2016-08-10 21:01:18', NULL, NULL, NULL, 0),
(728, 'URGENT!! Incident Mitigation Implementation Deadli', 'Please be notified that Incident #42 is set to be reviewed on 2015-08-11. <br /><br />Incident ID: 42. <br />Incident Details: Loose door. <br />Implementation Details: Replace all plastic material with metal', 'sent', 13, 0, 'GROUP', 1, '2016-08-10 21:01:21', NULL, NULL, NULL, 0),
(729, 'URGENT!! Issue Mitigation Implementation Deadline', 'Please be notified that Issue #37 is set to be reviewed on 2015-08-12. <br /><br />Issue ID: 37. <br />Issue Details: Loose door. <br />Implementation Details: Replace all plastic material with metal', 'sent', 1, 0, 'GROUP', 1, '2016-08-11 21:00:50', NULL, NULL, NULL, 0),
(730, 'URGENT!! Issue Mitigation Implementation Deadline', 'Please be notified that Issue #37 is set to be reviewed on 2015-08-12. <br /><br />Issue ID: 37. <br />Issue Details: Loose door. <br />Implementation Details: Replace all plastic material with metal', 'read', 2, 0, 'GROUP', 1, '2016-08-11 21:00:53', NULL, NULL, NULL, 0),
(731, 'URGENT!! Issue Mitigation Implementation Deadline', 'Please be notified that Issue #37 is set to be reviewed on 2015-08-12. <br /><br />Issue ID: 37. <br />Issue Details: Loose door. <br />Implementation Details: Replace all plastic material with metal', 'sent', 4, 0, 'GROUP', 1, '2016-08-11 21:00:57', NULL, NULL, NULL, 0),
(732, 'URGENT!! Issue Mitigation Implementation Deadline', 'Please be notified that Issue #37 is set to be reviewed on 2015-08-12. <br /><br />Issue ID: 37. <br />Issue Details: Loose door. <br />Implementation Details: Replace all plastic material with metal', 'read', 5, 0, 'GROUP', 1, '2016-08-11 21:01:01', NULL, NULL, NULL, 0),
(733, 'URGENT!! Issue Mitigation Implementation Deadline', 'Please be notified that Issue #37 is set to be reviewed on 2015-08-12. <br /><br />Issue ID: 37. <br />Issue Details: Loose door. <br />Implementation Details: Replace all plastic material with metal', 'sent', 6, 0, 'GROUP', 1, '2016-08-11 21:01:05', NULL, NULL, NULL, 0),
(734, 'URGENT!! Issue Mitigation Implementation Deadline', 'Please be notified that Issue #37 is set to be reviewed on 2015-08-12. <br /><br />Issue ID: 37. <br />Issue Details: Loose door. <br />Implementation Details: Replace all plastic material with metal', 'sent', 7, 0, 'GROUP', 1, '2016-08-11 21:01:09', NULL, NULL, NULL, 0),
(735, 'URGENT!! Issue Mitigation Implementation Deadline', 'Please be notified that Issue #37 is set to be reviewed on 2015-08-12. <br /><br />Issue ID: 37. <br />Issue Details: Loose door. <br />Implementation Details: Replace all plastic material with metal', 'sent', 9, 0, 'GROUP', 1, '2016-08-11 21:01:13', NULL, NULL, NULL, 0),
(736, 'URGENT!! Issue Mitigation Implementation Deadline', 'Please be notified that Issue #37 is set to be reviewed on 2015-08-12. <br /><br />Issue ID: 37. <br />Issue Details: Loose door. <br />Implementation Details: Replace all plastic material with metal', 'sent', 10, 0, 'GROUP', 1, '2016-08-11 21:01:17', NULL, NULL, NULL, 0),
(737, 'URGENT!! Issue Mitigation Implementation Deadline', 'Please be notified that Issue #37 is set to be reviewed on 2015-08-12. <br /><br />Issue ID: 37. <br />Issue Details: Loose door. <br />Implementation Details: Replace all plastic material with metal', 'sent', 11, 0, 'GROUP', 1, '2016-08-11 21:01:21', NULL, NULL, NULL, 0),
(738, 'URGENT!! Issue Mitigation Implementation Deadline', 'Please be notified that Issue #37 is set to be reviewed on 2015-08-12. <br /><br />Issue ID: 37. <br />Issue Details: Loose door. <br />Implementation Details: Replace all plastic material with metal', 'sent', 12, 0, 'GROUP', 1, '2016-08-11 21:01:25', NULL, NULL, NULL, 0),
(739, 'URGENT!! Issue Mitigation Implementation Deadline', 'Please be notified that Issue #37 is set to be reviewed on 2015-08-12. <br /><br />Issue ID: 37. <br />Issue Details: Loose door. <br />Implementation Details: Replace all plastic material with metal', 'sent', 13, 0, 'GROUP', 1, '2016-08-11 21:01:29', NULL, NULL, NULL, 0),
(740, 'URGENT!! Incident Mitigation Implementation Deadli', 'Please be notified that Incident #42 is set to be reviewed on 2015-08-11. <br /><br />Incident ID: 42. <br />Incident Details: Loose door. <br />Implementation Details: Replace all plastic material with metal', 'sent', 1, 0, 'GROUP', 1, '2016-08-11 21:02:16', NULL, NULL, NULL, 0),
(741, 'URGENT!! Incident Mitigation Implementation Deadli', 'Please be notified that Incident #42 is set to be reviewed on 2015-08-11. <br /><br />Incident ID: 42. <br />Incident Details: Loose door. <br />Implementation Details: Replace all plastic material with metal', 'read', 2, 0, 'GROUP', 1, '2016-08-11 21:02:20', NULL, NULL, NULL, 0),
(742, 'URGENT!! Incident Mitigation Implementation Deadli', 'Please be notified that Incident #42 is set to be reviewed on 2015-08-11. <br /><br />Incident ID: 42. <br />Incident Details: Loose door. <br />Implementation Details: Replace all plastic material with metal', 'sent', 4, 0, 'GROUP', 1, '2016-08-11 21:02:24', NULL, NULL, NULL, 0),
(743, 'URGENT!! Incident Mitigation Implementation Deadli', 'Please be notified that Incident #42 is set to be reviewed on 2015-08-11. <br /><br />Incident ID: 42. <br />Incident Details: Loose door. <br />Implementation Details: Replace all plastic material with metal', 'sent', 5, 0, 'GROUP', 1, '2016-08-11 21:02:28', NULL, NULL, NULL, 0),
(744, 'URGENT!! Incident Mitigation Implementation Deadli', 'Please be notified that Incident #42 is set to be reviewed on 2015-08-11. <br /><br />Incident ID: 42. <br />Incident Details: Loose door. <br />Implementation Details: Replace all plastic material with metal', 'sent', 6, 0, 'GROUP', 1, '2016-08-11 21:02:32', NULL, NULL, NULL, 0),
(745, 'URGENT!! Incident Mitigation Implementation Deadli', 'Please be notified that Incident #42 is set to be reviewed on 2015-08-11. <br /><br />Incident ID: 42. <br />Incident Details: Loose door. <br />Implementation Details: Replace all plastic material with metal', 'sent', 7, 0, 'GROUP', 1, '2016-08-11 21:02:35', NULL, NULL, NULL, 0),
(746, 'URGENT!! Incident Mitigation Implementation Deadli', 'Please be notified that Incident #42 is set to be reviewed on 2015-08-11. <br /><br />Incident ID: 42. <br />Incident Details: Loose door. <br />Implementation Details: Replace all plastic material with metal', 'sent', 9, 0, 'GROUP', 1, '2016-08-11 21:02:39', NULL, NULL, NULL, 0),
(747, 'URGENT!! Incident Mitigation Implementation Deadli', 'Please be notified that Incident #42 is set to be reviewed on 2015-08-11. <br /><br />Incident ID: 42. <br />Incident Details: Loose door. <br />Implementation Details: Replace all plastic material with metal', 'sent', 10, 0, 'GROUP', 1, '2016-08-11 21:02:43', NULL, NULL, NULL, 0),
(748, 'URGENT!! Incident Mitigation Implementation Deadli', 'Please be notified that Incident #42 is set to be reviewed on 2015-08-11. <br /><br />Incident ID: 42. <br />Incident Details: Loose door. <br />Implementation Details: Replace all plastic material with metal', 'sent', 11, 0, 'GROUP', 1, '2016-08-11 21:02:47', NULL, NULL, NULL, 0),
(749, 'URGENT!! Incident Mitigation Implementation Deadli', 'Please be notified that Incident #42 is set to be reviewed on 2015-08-11. <br /><br />Incident ID: 42. <br />Incident Details: Loose door. <br />Implementation Details: Replace all plastic material with metal', 'sent', 12, 0, 'GROUP', 1, '2016-08-11 21:02:51', NULL, NULL, NULL, 0),
(750, 'URGENT!! Incident Mitigation Implementation Deadli', 'Please be notified that Incident #42 is set to be reviewed on 2015-08-11. <br /><br />Incident ID: 42. <br />Incident Details: Loose door. <br />Implementation Details: Replace all plastic material with metal', 'sent', 13, 0, 'GROUP', 1, '2016-08-11 21:02:55', NULL, NULL, NULL, 0),
(751, 'URGENT!! Issue Mitigation Implementation Deadline', 'Please be notified that Issue #37 is set to be reviewed on 2015-08-12. <br /><br />Issue ID: 37. <br />Issue Details: Loose door. <br />Implementation Details: Replace all plastic material with metal', 'sent', 1, 0, 'GROUP', 1, '2016-08-12 21:00:44', NULL, NULL, NULL, 0),
(752, 'URGENT!! Issue Mitigation Implementation Deadline', 'Please be notified that Issue #37 is set to be reviewed on 2015-08-12. <br /><br />Issue ID: 37. <br />Issue Details: Loose door. <br />Implementation Details: Replace all plastic material with metal', 'read', 2, 0, 'GROUP', 1, '2016-08-12 21:00:48', NULL, NULL, NULL, 0),
(753, 'URGENT!! Issue Mitigation Implementation Deadline', 'Please be notified that Issue #37 is set to be reviewed on 2015-08-12. <br /><br />Issue ID: 37. <br />Issue Details: Loose door. <br />Implementation Details: Replace all plastic material with metal', 'sent', 4, 0, 'GROUP', 1, '2016-08-12 21:00:52', NULL, NULL, NULL, 0),
(754, 'URGENT!! Issue Mitigation Implementation Deadline', 'Please be notified that Issue #37 is set to be reviewed on 2015-08-12. <br /><br />Issue ID: 37. <br />Issue Details: Loose door. <br />Implementation Details: Replace all plastic material with metal', 'sent', 5, 0, 'GROUP', 1, '2016-08-12 21:00:56', NULL, NULL, NULL, 0),
(755, 'URGENT!! Issue Mitigation Implementation Deadline', 'Please be notified that Issue #37 is set to be reviewed on 2015-08-12. <br /><br />Issue ID: 37. <br />Issue Details: Loose door. <br />Implementation Details: Replace all plastic material with metal', 'sent', 6, 0, 'GROUP', 1, '2016-08-12 21:00:59', NULL, NULL, NULL, 0),
(756, 'URGENT!! Issue Mitigation Implementation Deadline', 'Please be notified that Issue #37 is set to be reviewed on 2015-08-12. <br /><br />Issue ID: 37. <br />Issue Details: Loose door. <br />Implementation Details: Replace all plastic material with metal', 'sent', 7, 0, 'GROUP', 1, '2016-08-12 21:01:03', NULL, NULL, NULL, 0),
(757, 'URGENT!! Issue Mitigation Implementation Deadline', 'Please be notified that Issue #37 is set to be reviewed on 2015-08-12. <br /><br />Issue ID: 37. <br />Issue Details: Loose door. <br />Implementation Details: Replace all plastic material with metal', 'sent', 9, 0, 'GROUP', 1, '2016-08-12 21:01:07', NULL, NULL, NULL, 0),
(758, 'URGENT!! Issue Mitigation Implementation Deadline', 'Please be notified that Issue #37 is set to be reviewed on 2015-08-12. <br /><br />Issue ID: 37. <br />Issue Details: Loose door. <br />Implementation Details: Replace all plastic material with metal', 'sent', 10, 0, 'GROUP', 1, '2016-08-12 21:01:11', NULL, NULL, NULL, 0),
(759, 'URGENT!! Issue Mitigation Implementation Deadline', 'Please be notified that Issue #37 is set to be reviewed on 2015-08-12. <br /><br />Issue ID: 37. <br />Issue Details: Loose door. <br />Implementation Details: Replace all plastic material with metal', 'sent', 11, 0, 'GROUP', 1, '2016-08-12 21:01:15', NULL, NULL, NULL, 0),
(760, 'URGENT!! Issue Mitigation Implementation Deadline', 'Please be notified that Issue #37 is set to be reviewed on 2015-08-12. <br /><br />Issue ID: 37. <br />Issue Details: Loose door. <br />Implementation Details: Replace all plastic material with metal', 'sent', 12, 0, 'GROUP', 1, '2016-08-12 21:01:19', NULL, NULL, NULL, 0),
(761, 'URGENT!! Issue Mitigation Implementation Deadline', 'Please be notified that Issue #37 is set to be reviewed on 2015-08-12. <br /><br />Issue ID: 37. <br />Issue Details: Loose door. <br />Implementation Details: Replace all plastic material with metal', 'sent', 13, 0, 'GROUP', 1, '2016-08-12 21:01:22', NULL, NULL, NULL, 0),
(762, 'URGENT!! Hazard Mitigation Implementation Deadline', 'Please be notified that Hazard #86 is set to be reviewed on 2016-02-09. <br /><br />Hazard ID: 86. <br />Hazard Details: Trees blocking run way view. <br />Implementation Details: b1', 'sent', 1, 0, 'GROUP', 1, '2016-08-15 21:00:45', NULL, NULL, NULL, 0),
(763, 'URGENT!! Hazard Mitigation Implementation Deadline', 'Please be notified that Hazard #86 is set to be reviewed on 2016-02-09. <br /><br />Hazard ID: 86. <br />Hazard Details: Trees blocking run way view. <br />Implementation Details: b1', 'read', 2, 0, 'GROUP', 1, '2016-08-15 21:00:49', NULL, NULL, NULL, 0),
(764, 'URGENT!! Hazard Mitigation Implementation Deadline', 'Please be notified that Hazard #86 is set to be reviewed on 2016-02-09. <br /><br />Hazard ID: 86. <br />Hazard Details: Trees blocking run way view. <br />Implementation Details: b1', 'sent', 4, 0, 'GROUP', 1, '2016-08-15 21:00:52', NULL, NULL, NULL, 0),
(765, 'URGENT!! Hazard Mitigation Implementation Deadline', 'Please be notified that Hazard #86 is set to be reviewed on 2016-02-09. <br /><br />Hazard ID: 86. <br />Hazard Details: Trees blocking run way view. <br />Implementation Details: b1', 'sent', 5, 0, 'GROUP', 1, '2016-08-15 21:00:56', NULL, NULL, NULL, 0),
(766, 'URGENT!! Hazard Mitigation Implementation Deadline', 'Please be notified that Hazard #86 is set to be reviewed on 2016-02-09. <br /><br />Hazard ID: 86. <br />Hazard Details: Trees blocking run way view. <br />Implementation Details: b1', 'sent', 6, 0, 'GROUP', 1, '2016-08-15 21:01:00', NULL, NULL, NULL, 0),
(767, 'URGENT!! Hazard Mitigation Implementation Deadline', 'Please be notified that Hazard #86 is set to be reviewed on 2016-02-09. <br /><br />Hazard ID: 86. <br />Hazard Details: Trees blocking run way view. <br />Implementation Details: b1', 'sent', 7, 0, 'GROUP', 1, '2016-08-15 21:01:04', NULL, NULL, NULL, 0),
(768, 'URGENT!! Hazard Mitigation Implementation Deadline', 'Please be notified that Hazard #86 is set to be reviewed on 2016-02-09. <br /><br />Hazard ID: 86. <br />Hazard Details: Trees blocking run way view. <br />Implementation Details: b1', 'sent', 9, 0, 'GROUP', 1, '2016-08-15 21:01:08', NULL, NULL, NULL, 0),
(769, 'URGENT!! Hazard Mitigation Implementation Deadline', 'Please be notified that Hazard #86 is set to be reviewed on 2016-02-09. <br /><br />Hazard ID: 86. <br />Hazard Details: Trees blocking run way view. <br />Implementation Details: b1', 'sent', 10, 0, 'GROUP', 1, '2016-08-15 21:01:12', NULL, NULL, NULL, 0),
(770, 'URGENT!! Hazard Mitigation Implementation Deadline', 'Please be notified that Hazard #86 is set to be reviewed on 2016-02-09. <br /><br />Hazard ID: 86. <br />Hazard Details: Trees blocking run way view. <br />Implementation Details: b1', 'sent', 11, 0, 'GROUP', 1, '2016-08-15 21:01:16', NULL, NULL, NULL, 0),
(771, 'URGENT!! Hazard Mitigation Implementation Deadline', 'Please be notified that Hazard #86 is set to be reviewed on 2016-02-09. <br /><br />Hazard ID: 86. <br />Hazard Details: Trees blocking run way view. <br />Implementation Details: b1', 'sent', 12, 0, 'GROUP', 1, '2016-08-15 21:01:19', NULL, NULL, NULL, 0),
(772, 'URGENT!! Hazard Mitigation Implementation Deadline', 'Please be notified that Hazard #86 is set to be reviewed on 2016-02-09. <br /><br />Hazard ID: 86. <br />Hazard Details: Trees blocking run way view. <br />Implementation Details: b1', 'sent', 13, 0, 'GROUP', 1, '2016-08-15 21:01:23', NULL, NULL, NULL, 0),
(773, 'URGENT!! Hazard Mitigation Implementation Deadline', 'Please be notified that Hazard #88 is set to be reviewed on 2016-02-09. <br /><br />Hazard ID: 88. <br />Hazard Details: Trees blocking run way view. <br />Implementation Details: aaa', 'sent', 1, 0, 'GROUP', 1, '2016-08-15 21:02:10', NULL, NULL, NULL, 0),
(774, 'URGENT!! Hazard Mitigation Implementation Deadline', 'Please be notified that Hazard #88 is set to be reviewed on 2016-02-09. <br /><br />Hazard ID: 88. <br />Hazard Details: Trees blocking run way view. <br />Implementation Details: aaa', 'read', 2, 0, 'GROUP', 1, '2016-08-15 21:02:14', NULL, NULL, NULL, 0),
(775, 'URGENT!! Hazard Mitigation Implementation Deadline', 'Please be notified that Hazard #88 is set to be reviewed on 2016-02-09. <br /><br />Hazard ID: 88. <br />Hazard Details: Trees blocking run way view. <br />Implementation Details: aaa', 'sent', 4, 0, 'GROUP', 1, '2016-08-15 21:02:17', NULL, NULL, NULL, 0),
(776, 'URGENT!! Hazard Mitigation Implementation Deadline', 'Please be notified that Hazard #88 is set to be reviewed on 2016-02-09. <br /><br />Hazard ID: 88. <br />Hazard Details: Trees blocking run way view. <br />Implementation Details: aaa', 'sent', 5, 0, 'GROUP', 1, '2016-08-15 21:02:21', NULL, NULL, NULL, 0),
(777, 'URGENT!! Hazard Mitigation Implementation Deadline', 'Please be notified that Hazard #88 is set to be reviewed on 2016-02-09. <br /><br />Hazard ID: 88. <br />Hazard Details: Trees blocking run way view. <br />Implementation Details: aaa', 'sent', 6, 0, 'GROUP', 1, '2016-08-15 21:02:25', NULL, NULL, NULL, 0),
(778, 'URGENT!! Hazard Mitigation Implementation Deadline', 'Please be notified that Hazard #88 is set to be reviewed on 2016-02-09. <br /><br />Hazard ID: 88. <br />Hazard Details: Trees blocking run way view. <br />Implementation Details: aaa', 'sent', 7, 0, 'GROUP', 1, '2016-08-15 21:02:29', NULL, NULL, NULL, 0),
(779, 'URGENT!! Hazard Mitigation Implementation Deadline', 'Please be notified that Hazard #88 is set to be reviewed on 2016-02-09. <br /><br />Hazard ID: 88. <br />Hazard Details: Trees blocking run way view. <br />Implementation Details: aaa', 'sent', 9, 0, 'GROUP', 1, '2016-08-15 21:02:35', NULL, NULL, NULL, 0),
(780, 'URGENT!! Hazard Mitigation Implementation Deadline', 'Please be notified that Hazard #88 is set to be reviewed on 2016-02-09. <br /><br />Hazard ID: 88. <br />Hazard Details: Trees blocking run way view. <br />Implementation Details: aaa', 'sent', 10, 0, 'GROUP', 1, '2016-08-15 21:02:39', NULL, NULL, NULL, 0),
(781, 'URGENT!! Hazard Mitigation Implementation Deadline', 'Please be notified that Hazard #88 is set to be reviewed on 2016-02-09. <br /><br />Hazard ID: 88. <br />Hazard Details: Trees blocking run way view. <br />Implementation Details: aaa', 'sent', 11, 0, 'GROUP', 1, '2016-08-15 21:02:42', NULL, NULL, NULL, 0),
(782, 'URGENT!! Hazard Mitigation Implementation Deadline', 'Please be notified that Hazard #88 is set to be reviewed on 2016-02-09. <br /><br />Hazard ID: 88. <br />Hazard Details: Trees blocking run way view. <br />Implementation Details: aaa', 'sent', 12, 0, 'GROUP', 1, '2016-08-15 21:02:46', NULL, NULL, NULL, 0),
(783, 'URGENT!! Hazard Mitigation Implementation Deadline', 'Please be notified that Hazard #88 is set to be reviewed on 2016-02-09. <br /><br />Hazard ID: 88. <br />Hazard Details: Trees blocking run way view. <br />Implementation Details: aaa', 'sent', 13, 0, 'GROUP', 1, '2016-08-15 21:02:50', NULL, NULL, NULL, 0),
(784, 'URGENT!! Incident Mitigation Implementation Deadli', 'Please be notified that Incident #42 is set to be reviewed on 2015-08-11. <br /><br />Incident ID: 42. <br />Incident Details: Loose door. <br />Implementation Details: Replace all plastic material with metal', 'sent', 1, 0, 'GROUP', 1, '2016-08-17 21:00:44', NULL, NULL, NULL, 0),
(785, 'URGENT!! Incident Mitigation Implementation Deadli', 'Please be notified that Incident #42 is set to be reviewed on 2015-08-11. <br /><br />Incident ID: 42. <br />Incident Details: Loose door. <br />Implementation Details: Replace all plastic material with metal', 'read', 2, 0, 'GROUP', 1, '2016-08-17 21:00:48', NULL, NULL, NULL, 0),
(786, 'URGENT!! Incident Mitigation Implementation Deadli', 'Please be notified that Incident #42 is set to be reviewed on 2015-08-11. <br /><br />Incident ID: 42. <br />Incident Details: Loose door. <br />Implementation Details: Replace all plastic material with metal', 'sent', 4, 0, 'GROUP', 1, '2016-08-17 21:00:52', NULL, NULL, NULL, 0),
(787, 'URGENT!! Incident Mitigation Implementation Deadli', 'Please be notified that Incident #42 is set to be reviewed on 2015-08-11. <br /><br />Incident ID: 42. <br />Incident Details: Loose door. <br />Implementation Details: Replace all plastic material with metal', 'sent', 5, 0, 'GROUP', 1, '2016-08-17 21:00:57', NULL, NULL, NULL, 0),
(788, 'URGENT!! Incident Mitigation Implementation Deadli', 'Please be notified that Incident #42 is set to be reviewed on 2015-08-11. <br /><br />Incident ID: 42. <br />Incident Details: Loose door. <br />Implementation Details: Replace all plastic material with metal', 'sent', 6, 0, 'GROUP', 1, '2016-08-17 21:01:01', NULL, NULL, NULL, 0),
(789, 'URGENT!! Incident Mitigation Implementation Deadli', 'Please be notified that Incident #42 is set to be reviewed on 2015-08-11. <br /><br />Incident ID: 42. <br />Incident Details: Loose door. <br />Implementation Details: Replace all plastic material with metal', 'sent', 7, 0, 'GROUP', 1, '2016-08-17 21:01:04', NULL, NULL, NULL, 0),
(790, 'URGENT!! Incident Mitigation Implementation Deadli', 'Please be notified that Incident #42 is set to be reviewed on 2015-08-11. <br /><br />Incident ID: 42. <br />Incident Details: Loose door. <br />Implementation Details: Replace all plastic material with metal', 'sent', 9, 0, 'GROUP', 1, '2016-08-17 21:01:08', NULL, NULL, NULL, 0),
(791, 'URGENT!! Incident Mitigation Implementation Deadli', 'Please be notified that Incident #42 is set to be reviewed on 2015-08-11. <br /><br />Incident ID: 42. <br />Incident Details: Loose door. <br />Implementation Details: Replace all plastic material with metal', 'sent', 10, 0, 'GROUP', 1, '2016-08-17 21:01:12', NULL, NULL, NULL, 0),
(792, 'URGENT!! Incident Mitigation Implementation Deadli', 'Please be notified that Incident #42 is set to be reviewed on 2015-08-11. <br /><br />Incident ID: 42. <br />Incident Details: Loose door. <br />Implementation Details: Replace all plastic material with metal', 'sent', 11, 0, 'GROUP', 1, '2016-08-17 21:01:16', NULL, NULL, NULL, 0),
(793, 'URGENT!! Incident Mitigation Implementation Deadli', 'Please be notified that Incident #42 is set to be reviewed on 2015-08-11. <br /><br />Incident ID: 42. <br />Incident Details: Loose door. <br />Implementation Details: Replace all plastic material with metal', 'sent', 12, 0, 'GROUP', 1, '2016-08-17 21:01:20', NULL, NULL, NULL, 0),
(794, 'URGENT!! Incident Mitigation Implementation Deadli', 'Please be notified that Incident #42 is set to be reviewed on 2015-08-11. <br /><br />Incident ID: 42. <br />Incident Details: Loose door. <br />Implementation Details: Replace all plastic material with metal', 'sent', 13, 0, 'GROUP', 1, '2016-08-17 21:01:24', NULL, NULL, NULL, 0),
(795, 'URGENT!! Incident Mitigation Implementation Deadli', 'Please be notified that Incident #42 is set to be reviewed on 2015-08-11. <br /><br />Incident ID: 42. <br />Incident Details: Loose door. <br />Implementation Details: Replace all plastic material with metal', 'sent', 1, 0, 'GROUP', 1, '2016-08-18 07:38:07', NULL, NULL, NULL, 0),
(796, 'URGENT!! Incident Mitigation Implementation Deadli', 'Please be notified that Incident #42 is set to be reviewed on 2015-08-11. <br /><br />Incident ID: 42. <br />Incident Details: Loose door. <br />Implementation Details: Replace all plastic material with metal', 'read', 2, 0, 'GROUP', 1, '2016-08-18 07:38:11', NULL, NULL, NULL, 0),
(797, 'URGENT!! Incident Mitigation Implementation Deadli', 'Please be notified that Incident #42 is set to be reviewed on 2015-08-11. <br /><br />Incident ID: 42. <br />Incident Details: Loose door. <br />Implementation Details: Replace all plastic material with metal', 'sent', 4, 0, 'GROUP', 1, '2016-08-18 07:38:15', NULL, NULL, NULL, 0),
(798, 'URGENT!! Incident Mitigation Implementation Deadli', 'Please be notified that Incident #42 is set to be reviewed on 2015-08-11. <br /><br />Incident ID: 42. <br />Incident Details: Loose door. <br />Implementation Details: Replace all plastic material with metal', 'sent', 5, 0, 'GROUP', 1, '2016-08-18 07:38:18', NULL, NULL, NULL, 0),
(799, 'URGENT!! Incident Mitigation Implementation Deadli', 'Please be notified that Incident #42 is set to be reviewed on 2015-08-11. <br /><br />Incident ID: 42. <br />Incident Details: Loose door. <br />Implementation Details: Replace all plastic material with metal', 'sent', 6, 0, 'GROUP', 1, '2016-08-18 07:38:22', NULL, NULL, NULL, 0),
(800, 'URGENT!! Incident Mitigation Implementation Deadli', 'Please be notified that Incident #42 is set to be reviewed on 2015-08-11. <br /><br />Incident ID: 42. <br />Incident Details: Loose door. <br />Implementation Details: Replace all plastic material with metal', 'sent', 7, 0, 'GROUP', 1, '2016-08-18 07:38:26', NULL, NULL, NULL, 0),
(801, 'URGENT!! Incident Mitigation Implementation Deadli', 'Please be notified that Incident #42 is set to be reviewed on 2015-08-11. <br /><br />Incident ID: 42. <br />Incident Details: Loose door. <br />Implementation Details: Replace all plastic material with metal', 'sent', 9, 0, 'GROUP', 1, '2016-08-18 07:38:30', NULL, NULL, NULL, 0),
(802, 'URGENT!! Incident Mitigation Implementation Deadli', 'Please be notified that Incident #42 is set to be reviewed on 2015-08-11. <br /><br />Incident ID: 42. <br />Incident Details: Loose door. <br />Implementation Details: Replace all plastic material with metal', 'sent', 10, 0, 'GROUP', 1, '2016-08-18 07:38:34', NULL, NULL, NULL, 0),
(803, 'URGENT!! Incident Mitigation Implementation Deadli', 'Please be notified that Incident #42 is set to be reviewed on 2015-08-11. <br /><br />Incident ID: 42. <br />Incident Details: Loose door. <br />Implementation Details: Replace all plastic material with metal', 'sent', 11, 0, 'GROUP', 1, '2016-08-18 07:38:38', NULL, NULL, NULL, 0),
(804, 'URGENT!! Incident Mitigation Implementation Deadli', 'Please be notified that Incident #42 is set to be reviewed on 2015-08-11. <br /><br />Incident ID: 42. <br />Incident Details: Loose door. <br />Implementation Details: Replace all plastic material with metal', 'sent', 12, 0, 'GROUP', 1, '2016-08-18 07:38:42', NULL, NULL, NULL, 0),
(805, 'URGENT!! Incident Mitigation Implementation Deadli', 'Please be notified that Incident #42 is set to be reviewed on 2015-08-11. <br /><br />Incident ID: 42. <br />Incident Details: Loose door. <br />Implementation Details: Replace all plastic material with metal', 'sent', 13, 0, 'GROUP', 1, '2016-08-18 07:38:46', NULL, NULL, NULL, 0),
(806, 'URGENT!! Issue Mitigation Implementation Deadline', 'Please be notified that Issue #37 is set to be reviewed on 2015-08-12. <br /><br />Issue ID: 37. <br />Issue Details: Loose door. <br />Implementation Details: Replace all plastic material with metal', 'sent', 1, 0, 'GROUP', 1, '2016-08-18 21:00:48', NULL, NULL, NULL, 0),
(807, 'URGENT!! Issue Mitigation Implementation Deadline', 'Please be notified that Issue #37 is set to be reviewed on 2015-08-12. <br /><br />Issue ID: 37. <br />Issue Details: Loose door. <br />Implementation Details: Replace all plastic material with metal', 'read', 2, 0, 'GROUP', 1, '2016-08-18 21:00:52', NULL, NULL, NULL, 0),
(808, 'URGENT!! Issue Mitigation Implementation Deadline', 'Please be notified that Issue #37 is set to be reviewed on 2015-08-12. <br /><br />Issue ID: 37. <br />Issue Details: Loose door. <br />Implementation Details: Replace all plastic material with metal', 'sent', 4, 0, 'GROUP', 1, '2016-08-18 21:00:55', NULL, NULL, NULL, 0),
(809, 'URGENT!! Issue Mitigation Implementation Deadline', 'Please be notified that Issue #37 is set to be reviewed on 2015-08-12. <br /><br />Issue ID: 37. <br />Issue Details: Loose door. <br />Implementation Details: Replace all plastic material with metal', 'sent', 5, 0, 'GROUP', 1, '2016-08-18 21:00:59', NULL, NULL, NULL, 0),
(810, 'URGENT!! Issue Mitigation Implementation Deadline', 'Please be notified that Issue #37 is set to be reviewed on 2015-08-12. <br /><br />Issue ID: 37. <br />Issue Details: Loose door. <br />Implementation Details: Replace all plastic material with metal', 'sent', 6, 0, 'GROUP', 1, '2016-08-18 21:01:04', NULL, NULL, NULL, 0),
(811, 'URGENT!! Issue Mitigation Implementation Deadline', 'Please be notified that Issue #37 is set to be reviewed on 2015-08-12. <br /><br />Issue ID: 37. <br />Issue Details: Loose door. <br />Implementation Details: Replace all plastic material with metal', 'sent', 7, 0, 'GROUP', 1, '2016-08-18 21:01:08', NULL, NULL, NULL, 0),
(812, 'URGENT!! Issue Mitigation Implementation Deadline', 'Please be notified that Issue #37 is set to be reviewed on 2015-08-12. <br /><br />Issue ID: 37. <br />Issue Details: Loose door. <br />Implementation Details: Replace all plastic material with metal', 'sent', 9, 0, 'GROUP', 1, '2016-08-18 21:01:12', NULL, NULL, NULL, 0),
(813, 'URGENT!! Issue Mitigation Implementation Deadline', 'Please be notified that Issue #37 is set to be reviewed on 2015-08-12. <br /><br />Issue ID: 37. <br />Issue Details: Loose door. <br />Implementation Details: Replace all plastic material with metal', 'sent', 10, 0, 'GROUP', 1, '2016-08-18 21:01:16', NULL, NULL, NULL, 0),
(814, 'URGENT!! Issue Mitigation Implementation Deadline', 'Please be notified that Issue #37 is set to be reviewed on 2015-08-12. <br /><br />Issue ID: 37. <br />Issue Details: Loose door. <br />Implementation Details: Replace all plastic material with metal', 'sent', 11, 0, 'GROUP', 1, '2016-08-18 21:01:19', NULL, NULL, NULL, 0),
(815, 'URGENT!! Issue Mitigation Implementation Deadline', 'Please be notified that Issue #37 is set to be reviewed on 2015-08-12. <br /><br />Issue ID: 37. <br />Issue Details: Loose door. <br />Implementation Details: Replace all plastic material with metal', 'sent', 12, 0, 'GROUP', 1, '2016-08-18 21:01:23', NULL, NULL, NULL, 0),
(816, 'URGENT!! Issue Mitigation Implementation Deadline', 'Please be notified that Issue #37 is set to be reviewed on 2015-08-12. <br /><br />Issue ID: 37. <br />Issue Details: Loose door. <br />Implementation Details: Replace all plastic material with metal', 'sent', 13, 0, 'GROUP', 1, '2016-08-18 21:01:27', NULL, NULL, NULL, 0),
(817, 'URGENT!! Issue Mitigation Implementation Deadline', 'Please be notified that Issue #24 is set to be reviewed on 2015-08-19. <br /><br />Issue ID: 24. <br />Issue Details: A track broke down on the runway. <br />Implementation Details: Replace all plastic material with metal', 'sent', 1, 0, 'GROUP', 1, '2016-08-18 21:02:15', NULL, NULL, NULL, 0),
(818, 'URGENT!! Issue Mitigation Implementation Deadline', 'Please be notified that Issue #24 is set to be reviewed on 2015-08-19. <br /><br />Issue ID: 24. <br />Issue Details: A track broke down on the runway. <br />Implementation Details: Replace all plastic material with metal', 'read', 2, 0, 'GROUP', 1, '2016-08-18 21:02:19', NULL, NULL, NULL, 0),
(819, 'URGENT!! Issue Mitigation Implementation Deadline', 'Please be notified that Issue #24 is set to be reviewed on 2015-08-19. <br /><br />Issue ID: 24. <br />Issue Details: A track broke down on the runway. <br />Implementation Details: Replace all plastic material with metal', 'sent', 4, 0, 'GROUP', 1, '2016-08-18 21:02:23', NULL, NULL, NULL, 0),
(820, 'URGENT!! Issue Mitigation Implementation Deadline', 'Please be notified that Issue #24 is set to be reviewed on 2015-08-19. <br /><br />Issue ID: 24. <br />Issue Details: A track broke down on the runway. <br />Implementation Details: Replace all plastic material with metal', 'sent', 5, 0, 'GROUP', 1, '2016-08-18 21:02:27', NULL, NULL, NULL, 0),
(821, 'URGENT!! Issue Mitigation Implementation Deadline', 'Please be notified that Issue #24 is set to be reviewed on 2015-08-19. <br /><br />Issue ID: 24. <br />Issue Details: A track broke down on the runway. <br />Implementation Details: Replace all plastic material with metal', 'sent', 6, 0, 'GROUP', 1, '2016-08-18 21:02:31', NULL, NULL, NULL, 0),
(822, 'URGENT!! Issue Mitigation Implementation Deadline', 'Please be notified that Issue #24 is set to be reviewed on 2015-08-19. <br /><br />Issue ID: 24. <br />Issue Details: A track broke down on the runway. <br />Implementation Details: Replace all plastic material with metal', 'sent', 7, 0, 'GROUP', 1, '2016-08-18 21:02:35', NULL, NULL, NULL, 0),
(823, 'URGENT!! Issue Mitigation Implementation Deadline', 'Please be notified that Issue #24 is set to be reviewed on 2015-08-19. <br /><br />Issue ID: 24. <br />Issue Details: A track broke down on the runway. <br />Implementation Details: Replace all plastic material with metal', 'sent', 9, 0, 'GROUP', 1, '2016-08-18 21:02:39', NULL, NULL, NULL, 0),
(824, 'URGENT!! Issue Mitigation Implementation Deadline', 'Please be notified that Issue #24 is set to be reviewed on 2015-08-19. <br /><br />Issue ID: 24. <br />Issue Details: A track broke down on the runway. <br />Implementation Details: Replace all plastic material with metal', 'sent', 10, 0, 'GROUP', 1, '2016-08-18 21:02:43', NULL, NULL, NULL, 0),
(825, 'URGENT!! Issue Mitigation Implementation Deadline', 'Please be notified that Issue #24 is set to be reviewed on 2015-08-19. <br /><br />Issue ID: 24. <br />Issue Details: A track broke down on the runway. <br />Implementation Details: Replace all plastic material with metal', 'sent', 11, 0, 'GROUP', 1, '2016-08-18 21:02:47', NULL, NULL, NULL, 0),
(826, 'URGENT!! Issue Mitigation Implementation Deadline', 'Please be notified that Issue #24 is set to be reviewed on 2015-08-19. <br /><br />Issue ID: 24. <br />Issue Details: A track broke down on the runway. <br />Implementation Details: Replace all plastic material with metal', 'sent', 12, 0, 'GROUP', 1, '2016-08-18 21:02:51', NULL, NULL, NULL, 0),
(827, 'URGENT!! Issue Mitigation Implementation Deadline', 'Please be notified that Issue #24 is set to be reviewed on 2015-08-19. <br /><br />Issue ID: 24. <br />Issue Details: A track broke down on the runway. <br />Implementation Details: Replace all plastic material with metal', 'sent', 13, 0, 'GROUP', 1, '2016-08-18 21:02:56', NULL, NULL, NULL, 0),
(828, 'URGENT!! Issue Mitigation Implementation Deadline', 'Please be notified that Issue #24 is set to be reviewed on 2015-08-19. <br /><br />Issue ID: 24. <br />Issue Details: A track broke down on the runway. <br />Implementation Details: Replace all plastic material with metal', 'sent', 1, 0, 'GROUP', 1, '2016-08-19 21:00:45', NULL, NULL, NULL, 0),
(829, 'URGENT!! Issue Mitigation Implementation Deadline', 'Please be notified that Issue #24 is set to be reviewed on 2015-08-19. <br /><br />Issue ID: 24. <br />Issue Details: A track broke down on the runway. <br />Implementation Details: Replace all plastic material with metal', 'read', 2, 0, 'GROUP', 1, '2016-08-19 21:00:49', NULL, NULL, NULL, 0),
(830, 'URGENT!! Issue Mitigation Implementation Deadline', 'Please be notified that Issue #24 is set to be reviewed on 2015-08-19. <br /><br />Issue ID: 24. <br />Issue Details: A track broke down on the runway. <br />Implementation Details: Replace all plastic material with metal', 'sent', 4, 0, 'GROUP', 1, '2016-08-19 21:00:53', NULL, NULL, NULL, 0),
(831, 'URGENT!! Issue Mitigation Implementation Deadline', 'Please be notified that Issue #24 is set to be reviewed on 2015-08-19. <br /><br />Issue ID: 24. <br />Issue Details: A track broke down on the runway. <br />Implementation Details: Replace all plastic material with metal', 'sent', 5, 0, 'GROUP', 1, '2016-08-19 21:00:57', NULL, NULL, NULL, 0),
(832, 'URGENT!! Issue Mitigation Implementation Deadline', 'Please be notified that Issue #24 is set to be reviewed on 2015-08-19. <br /><br />Issue ID: 24. <br />Issue Details: A track broke down on the runway. <br />Implementation Details: Replace all plastic material with metal', 'sent', 6, 0, 'GROUP', 1, '2016-08-19 21:01:01', NULL, NULL, NULL, 0),
(833, 'URGENT!! Issue Mitigation Implementation Deadline', 'Please be notified that Issue #24 is set to be reviewed on 2015-08-19. <br /><br />Issue ID: 24. <br />Issue Details: A track broke down on the runway. <br />Implementation Details: Replace all plastic material with metal', 'sent', 7, 0, 'GROUP', 1, '2016-08-19 21:01:04', NULL, NULL, NULL, 0),
(834, 'URGENT!! Issue Mitigation Implementation Deadline', 'Please be notified that Issue #24 is set to be reviewed on 2015-08-19. <br /><br />Issue ID: 24. <br />Issue Details: A track broke down on the runway. <br />Implementation Details: Replace all plastic material with metal', 'sent', 9, 0, 'GROUP', 1, '2016-08-19 21:01:08', NULL, NULL, NULL, 0),
(835, 'URGENT!! Issue Mitigation Implementation Deadline', 'Please be notified that Issue #24 is set to be reviewed on 2015-08-19. <br /><br />Issue ID: 24. <br />Issue Details: A track broke down on the runway. <br />Implementation Details: Replace all plastic material with metal', 'sent', 10, 0, 'GROUP', 1, '2016-08-19 21:01:12', NULL, NULL, NULL, 0),
(836, 'URGENT!! Issue Mitigation Implementation Deadline', 'Please be notified that Issue #24 is set to be reviewed on 2015-08-19. <br /><br />Issue ID: 24. <br />Issue Details: A track broke down on the runway. <br />Implementation Details: Replace all plastic material with metal', 'sent', 11, 0, 'GROUP', 1, '2016-08-19 21:01:16', NULL, NULL, NULL, 0),
(837, 'URGENT!! Issue Mitigation Implementation Deadline', 'Please be notified that Issue #24 is set to be reviewed on 2015-08-19. <br /><br />Issue ID: 24. <br />Issue Details: A track broke down on the runway. <br />Implementation Details: Replace all plastic material with metal', 'sent', 12, 0, 'GROUP', 1, '2016-08-19 21:01:20', NULL, NULL, NULL, 0),
(838, 'URGENT!! Issue Mitigation Implementation Deadline', 'Please be notified that Issue #24 is set to be reviewed on 2015-08-19. <br /><br />Issue ID: 24. <br />Issue Details: A track broke down on the runway. <br />Implementation Details: Replace all plastic material with metal', 'sent', 13, 0, 'GROUP', 1, '2016-08-19 21:01:24', NULL, NULL, NULL, 0),
(839, 'URGENT!! Hazard Mitigation Implementation Deadline', 'Please be notified that Hazard #11 is set to be reviewed on 2016-02-21. <br /><br />Hazard ID: 11. <br />Hazard Details: A track broke down on the runway. <br />Implementation Details: Stop using trolleys', 'sent', 1, 0, 'GROUP', 1, '2016-08-20 21:00:45', NULL, NULL, NULL, 0),
(840, 'URGENT!! Hazard Mitigation Implementation Deadline', 'Please be notified that Hazard #11 is set to be reviewed on 2016-02-21. <br /><br />Hazard ID: 11. <br />Hazard Details: A track broke down on the runway. <br />Implementation Details: Stop using trolleys', 'read', 2, 0, 'GROUP', 1, '2016-08-20 21:00:49', NULL, NULL, NULL, 0),
(841, 'URGENT!! Hazard Mitigation Implementation Deadline', 'Please be notified that Hazard #11 is set to be reviewed on 2016-02-21. <br /><br />Hazard ID: 11. <br />Hazard Details: A track broke down on the runway. <br />Implementation Details: Stop using trolleys', 'sent', 4, 0, 'GROUP', 1, '2016-08-20 21:00:52', NULL, NULL, NULL, 0),
(842, 'URGENT!! Hazard Mitigation Implementation Deadline', 'Please be notified that Hazard #11 is set to be reviewed on 2016-02-21. <br /><br />Hazard ID: 11. <br />Hazard Details: A track broke down on the runway. <br />Implementation Details: Stop using trolleys', 'sent', 5, 0, 'GROUP', 1, '2016-08-20 21:00:56', NULL, NULL, NULL, 0),
(843, 'URGENT!! Hazard Mitigation Implementation Deadline', 'Please be notified that Hazard #11 is set to be reviewed on 2016-02-21. <br /><br />Hazard ID: 11. <br />Hazard Details: A track broke down on the runway. <br />Implementation Details: Stop using trolleys', 'sent', 6, 0, 'GROUP', 1, '2016-08-20 21:01:00', NULL, NULL, NULL, 0),
(844, 'URGENT!! Hazard Mitigation Implementation Deadline', 'Please be notified that Hazard #11 is set to be reviewed on 2016-02-21. <br /><br />Hazard ID: 11. <br />Hazard Details: A track broke down on the runway. <br />Implementation Details: Stop using trolleys', 'sent', 7, 0, 'GROUP', 1, '2016-08-20 21:01:04', NULL, NULL, NULL, 0),
(845, 'URGENT!! Hazard Mitigation Implementation Deadline', 'Please be notified that Hazard #11 is set to be reviewed on 2016-02-21. <br /><br />Hazard ID: 11. <br />Hazard Details: A track broke down on the runway. <br />Implementation Details: Stop using trolleys', 'sent', 9, 0, 'GROUP', 1, '2016-08-20 21:01:08', NULL, NULL, NULL, 0),
(846, 'URGENT!! Hazard Mitigation Implementation Deadline', 'Please be notified that Hazard #11 is set to be reviewed on 2016-02-21. <br /><br />Hazard ID: 11. <br />Hazard Details: A track broke down on the runway. <br />Implementation Details: Stop using trolleys', 'sent', 10, 0, 'GROUP', 1, '2016-08-20 21:01:12', NULL, NULL, NULL, 0),
(847, 'URGENT!! Hazard Mitigation Implementation Deadline', 'Please be notified that Hazard #11 is set to be reviewed on 2016-02-21. <br /><br />Hazard ID: 11. <br />Hazard Details: A track broke down on the runway. <br />Implementation Details: Stop using trolleys', 'sent', 11, 0, 'GROUP', 1, '2016-08-20 21:01:15', NULL, NULL, NULL, 0),
(848, 'URGENT!! Hazard Mitigation Implementation Deadline', 'Please be notified that Hazard #11 is set to be reviewed on 2016-02-21. <br /><br />Hazard ID: 11. <br />Hazard Details: A track broke down on the runway. <br />Implementation Details: Stop using trolleys', 'sent', 12, 0, 'GROUP', 1, '2016-08-20 21:01:19', NULL, NULL, NULL, 0),
(849, 'URGENT!! Hazard Mitigation Implementation Deadline', 'Please be notified that Hazard #11 is set to be reviewed on 2016-02-21. <br /><br />Hazard ID: 11. <br />Hazard Details: A track broke down on the runway. <br />Implementation Details: Stop using trolleys', 'sent', 13, 0, 'GROUP', 1, '2016-08-20 21:01:23', NULL, NULL, NULL, 0),
(850, 'URGENT!! Hazard Mitigation Implementation Deadline', 'Please be notified that Hazard #108 is set to be reviewed on 2016-02-21. <br /><br />Hazard ID: 108. <br />Hazard Details: Trees blocking run way view. <br />Implementation Details: tesr', 'sent', 1, 0, 'GROUP', 1, '2016-08-20 21:02:09', NULL, NULL, NULL, 0),
(851, 'URGENT!! Hazard Mitigation Implementation Deadline', 'Please be notified that Hazard #108 is set to be reviewed on 2016-02-21. <br /><br />Hazard ID: 108. <br />Hazard Details: Trees blocking run way view. <br />Implementation Details: tesr', 'read', 2, 0, 'GROUP', 1, '2016-08-20 21:02:13', NULL, NULL, NULL, 0),
(852, 'URGENT!! Hazard Mitigation Implementation Deadline', 'Please be notified that Hazard #108 is set to be reviewed on 2016-02-21. <br /><br />Hazard ID: 108. <br />Hazard Details: Trees blocking run way view. <br />Implementation Details: tesr', 'sent', 4, 0, 'GROUP', 1, '2016-08-20 21:02:17', NULL, NULL, NULL, 0);
INSERT INTO `notifications` (`id`, `subject`, `description`, `status`, `user`, `user_from`, `type`, `urgent`, `date_created`, `target_group`, `current_user`, `current_user_id`, `acknowledge`) VALUES
(853, 'URGENT!! Hazard Mitigation Implementation Deadline', 'Please be notified that Hazard #108 is set to be reviewed on 2016-02-21. <br /><br />Hazard ID: 108. <br />Hazard Details: Trees blocking run way view. <br />Implementation Details: tesr', 'sent', 5, 0, 'GROUP', 1, '2016-08-20 21:02:21', NULL, NULL, NULL, 0),
(854, 'URGENT!! Hazard Mitigation Implementation Deadline', 'Please be notified that Hazard #108 is set to be reviewed on 2016-02-21. <br /><br />Hazard ID: 108. <br />Hazard Details: Trees blocking run way view. <br />Implementation Details: tesr', 'sent', 6, 0, 'GROUP', 1, '2016-08-20 21:02:27', NULL, NULL, NULL, 0),
(855, 'URGENT!! Hazard Mitigation Implementation Deadline', 'Please be notified that Hazard #108 is set to be reviewed on 2016-02-21. <br /><br />Hazard ID: 108. <br />Hazard Details: Trees blocking run way view. <br />Implementation Details: tesr', 'sent', 7, 0, 'GROUP', 1, '2016-08-20 21:02:30', NULL, NULL, NULL, 0),
(856, 'URGENT!! Hazard Mitigation Implementation Deadline', 'Please be notified that Hazard #108 is set to be reviewed on 2016-02-21. <br /><br />Hazard ID: 108. <br />Hazard Details: Trees blocking run way view. <br />Implementation Details: tesr', 'sent', 9, 0, 'GROUP', 1, '2016-08-20 21:02:34', NULL, NULL, NULL, 0),
(857, 'URGENT!! Hazard Mitigation Implementation Deadline', 'Please be notified that Hazard #108 is set to be reviewed on 2016-02-21. <br /><br />Hazard ID: 108. <br />Hazard Details: Trees blocking run way view. <br />Implementation Details: tesr', 'sent', 10, 0, 'GROUP', 1, '2016-08-20 21:02:38', NULL, NULL, NULL, 0),
(858, 'URGENT!! Hazard Mitigation Implementation Deadline', 'Please be notified that Hazard #108 is set to be reviewed on 2016-02-21. <br /><br />Hazard ID: 108. <br />Hazard Details: Trees blocking run way view. <br />Implementation Details: tesr', 'sent', 11, 0, 'GROUP', 1, '2016-08-20 21:02:42', NULL, NULL, NULL, 0),
(859, 'URGENT!! Hazard Mitigation Implementation Deadline', 'Please be notified that Hazard #108 is set to be reviewed on 2016-02-21. <br /><br />Hazard ID: 108. <br />Hazard Details: Trees blocking run way view. <br />Implementation Details: tesr', 'sent', 12, 0, 'GROUP', 1, '2016-08-20 21:02:46', NULL, NULL, NULL, 0),
(860, 'URGENT!! Hazard Mitigation Implementation Deadline', 'Please be notified that Hazard #108 is set to be reviewed on 2016-02-21. <br /><br />Hazard ID: 108. <br />Hazard Details: Trees blocking run way view. <br />Implementation Details: tesr', 'sent', 13, 0, 'GROUP', 1, '2016-08-20 21:02:50', NULL, NULL, NULL, 0),
(861, 'URGENT!! Hazard Mitigation Implementation Deadline', 'Please be notified that Hazard #108 is set to be reviewed on 2016-02-21. <br /><br />Hazard ID: 108. <br />Hazard Details: Trees blocking run way view. <br />Implementation Details: TESR', 'sent', 1, 0, 'GROUP', 1, '2016-08-20 21:03:36', NULL, NULL, NULL, 0),
(862, 'URGENT!! Hazard Mitigation Implementation Deadline', 'Please be notified that Hazard #108 is set to be reviewed on 2016-02-21. <br /><br />Hazard ID: 108. <br />Hazard Details: Trees blocking run way view. <br />Implementation Details: TESR', 'read', 2, 0, 'GROUP', 1, '2016-08-20 21:03:40', NULL, NULL, NULL, 0),
(863, 'URGENT!! Hazard Mitigation Implementation Deadline', 'Please be notified that Hazard #108 is set to be reviewed on 2016-02-21. <br /><br />Hazard ID: 108. <br />Hazard Details: Trees blocking run way view. <br />Implementation Details: TESR', 'sent', 4, 0, 'GROUP', 1, '2016-08-20 21:03:44', NULL, NULL, NULL, 0),
(864, 'URGENT!! Hazard Mitigation Implementation Deadline', 'Please be notified that Hazard #108 is set to be reviewed on 2016-02-21. <br /><br />Hazard ID: 108. <br />Hazard Details: Trees blocking run way view. <br />Implementation Details: TESR', 'sent', 5, 0, 'GROUP', 1, '2016-08-20 21:03:48', NULL, NULL, NULL, 0),
(865, 'URGENT!! Hazard Mitigation Implementation Deadline', 'Please be notified that Hazard #108 is set to be reviewed on 2016-02-21. <br /><br />Hazard ID: 108. <br />Hazard Details: Trees blocking run way view. <br />Implementation Details: TESR', 'sent', 6, 0, 'GROUP', 1, '2016-08-20 21:03:52', NULL, NULL, NULL, 0),
(866, 'URGENT!! Hazard Mitigation Implementation Deadline', 'Please be notified that Hazard #108 is set to be reviewed on 2016-02-21. <br /><br />Hazard ID: 108. <br />Hazard Details: Trees blocking run way view. <br />Implementation Details: TESR', 'sent', 7, 0, 'GROUP', 1, '2016-08-20 21:03:56', NULL, NULL, NULL, 0),
(867, 'URGENT!! Hazard Mitigation Implementation Deadline', 'Please be notified that Hazard #108 is set to be reviewed on 2016-02-21. <br /><br />Hazard ID: 108. <br />Hazard Details: Trees blocking run way view. <br />Implementation Details: TESR', 'sent', 9, 0, 'GROUP', 1, '2016-08-20 21:03:59', NULL, NULL, NULL, 0),
(868, 'URGENT!! Hazard Mitigation Implementation Deadline', 'Please be notified that Hazard #108 is set to be reviewed on 2016-02-21. <br /><br />Hazard ID: 108. <br />Hazard Details: Trees blocking run way view. <br />Implementation Details: TESR', 'sent', 10, 0, 'GROUP', 1, '2016-08-20 21:04:03', NULL, NULL, NULL, 0),
(869, 'URGENT!! Hazard Mitigation Implementation Deadline', 'Please be notified that Hazard #108 is set to be reviewed on 2016-02-21. <br /><br />Hazard ID: 108. <br />Hazard Details: Trees blocking run way view. <br />Implementation Details: TESR', 'sent', 11, 0, 'GROUP', 1, '2016-08-20 21:04:07', NULL, NULL, NULL, 0),
(870, 'URGENT!! Hazard Mitigation Implementation Deadline', 'Please be notified that Hazard #108 is set to be reviewed on 2016-02-21. <br /><br />Hazard ID: 108. <br />Hazard Details: Trees blocking run way view. <br />Implementation Details: TESR', 'sent', 12, 0, 'GROUP', 1, '2016-08-20 21:04:11', NULL, NULL, NULL, 0),
(871, 'URGENT!! Hazard Mitigation Implementation Deadline', 'Please be notified that Hazard #108 is set to be reviewed on 2016-02-21. <br /><br />Hazard ID: 108. <br />Hazard Details: Trees blocking run way view. <br />Implementation Details: TESR', 'sent', 13, 0, 'GROUP', 1, '2016-08-20 21:04:15', NULL, NULL, NULL, 0),
(872, 'URGENT!! Hazard Mitigation Implementation Deadline', 'Please be notified that Hazard #108 is set to be reviewed on 2016-02-21. <br /><br />Hazard ID: 108. <br />Hazard Details: Trees blocking run way view. <br />Implementation Details: TESTRD', 'sent', 1, 0, 'GROUP', 1, '2016-08-20 21:05:02', NULL, NULL, NULL, 0),
(873, 'URGENT!! Hazard Mitigation Implementation Deadline', 'Please be notified that Hazard #108 is set to be reviewed on 2016-02-21. <br /><br />Hazard ID: 108. <br />Hazard Details: Trees blocking run way view. <br />Implementation Details: TESTRD', 'read', 2, 0, 'GROUP', 1, '2016-08-20 21:05:06', NULL, NULL, NULL, 0),
(874, 'URGENT!! Hazard Mitigation Implementation Deadline', 'Please be notified that Hazard #108 is set to be reviewed on 2016-02-21. <br /><br />Hazard ID: 108. <br />Hazard Details: Trees blocking run way view. <br />Implementation Details: TESTRD', 'sent', 4, 0, 'GROUP', 1, '2016-08-20 21:05:10', NULL, NULL, NULL, 0),
(875, 'URGENT!! Hazard Mitigation Implementation Deadline', 'Please be notified that Hazard #108 is set to be reviewed on 2016-02-21. <br /><br />Hazard ID: 108. <br />Hazard Details: Trees blocking run way view. <br />Implementation Details: TESTRD', 'sent', 5, 0, 'GROUP', 1, '2016-08-20 21:05:14', NULL, NULL, NULL, 0),
(876, 'URGENT!! Hazard Mitigation Implementation Deadline', 'Please be notified that Hazard #108 is set to be reviewed on 2016-02-21. <br /><br />Hazard ID: 108. <br />Hazard Details: Trees blocking run way view. <br />Implementation Details: TESTRD', 'sent', 6, 0, 'GROUP', 1, '2016-08-20 21:05:18', NULL, NULL, NULL, 0),
(877, 'URGENT!! Hazard Mitigation Implementation Deadline', 'Please be notified that Hazard #108 is set to be reviewed on 2016-02-21. <br /><br />Hazard ID: 108. <br />Hazard Details: Trees blocking run way view. <br />Implementation Details: TESTRD', 'sent', 7, 0, 'GROUP', 1, '2016-08-20 21:05:21', NULL, NULL, NULL, 0),
(878, 'URGENT!! Hazard Mitigation Implementation Deadline', 'Please be notified that Hazard #108 is set to be reviewed on 2016-02-21. <br /><br />Hazard ID: 108. <br />Hazard Details: Trees blocking run way view. <br />Implementation Details: TESTRD', 'sent', 9, 0, 'GROUP', 1, '2016-08-20 21:05:25', NULL, NULL, NULL, 0),
(879, 'URGENT!! Hazard Mitigation Implementation Deadline', 'Please be notified that Hazard #108 is set to be reviewed on 2016-02-21. <br /><br />Hazard ID: 108. <br />Hazard Details: Trees blocking run way view. <br />Implementation Details: TESTRD', 'sent', 10, 0, 'GROUP', 1, '2016-08-20 21:05:30', NULL, NULL, NULL, 0),
(880, 'URGENT!! Hazard Mitigation Implementation Deadline', 'Please be notified that Hazard #108 is set to be reviewed on 2016-02-21. <br /><br />Hazard ID: 108. <br />Hazard Details: Trees blocking run way view. <br />Implementation Details: TESTRD', 'sent', 11, 0, 'GROUP', 1, '2016-08-20 21:05:33', NULL, NULL, NULL, 0),
(881, 'URGENT!! Hazard Mitigation Implementation Deadline', 'Please be notified that Hazard #108 is set to be reviewed on 2016-02-21. <br /><br />Hazard ID: 108. <br />Hazard Details: Trees blocking run way view. <br />Implementation Details: TESTRD', 'sent', 12, 0, 'GROUP', 1, '2016-08-20 21:05:37', NULL, NULL, NULL, 0),
(882, 'URGENT!! Hazard Mitigation Implementation Deadline', 'Please be notified that Hazard #108 is set to be reviewed on 2016-02-21. <br /><br />Hazard ID: 108. <br />Hazard Details: Trees blocking run way view. <br />Implementation Details: TESTRD', 'sent', 13, 0, 'GROUP', 1, '2016-08-20 21:05:41', NULL, NULL, NULL, 0),
(883, 'URGENT!! Hazard Mitigation Implementation Deadline', 'Please be notified that Hazard #11 is set to be reviewed on 2016-02-21. <br /><br />Hazard ID: 11. <br />Hazard Details: A track broke down on the runway. <br />Implementation Details: Stop using trolleys', 'sent', 1, 0, 'GROUP', 1, '2016-08-21 21:00:47', NULL, NULL, NULL, 0),
(884, 'URGENT!! Hazard Mitigation Implementation Deadline', 'Please be notified that Hazard #11 is set to be reviewed on 2016-02-21. <br /><br />Hazard ID: 11. <br />Hazard Details: A track broke down on the runway. <br />Implementation Details: Stop using trolleys', 'read', 2, 0, 'GROUP', 1, '2016-08-21 21:00:51', NULL, NULL, NULL, 0),
(885, 'URGENT!! Hazard Mitigation Implementation Deadline', 'Please be notified that Hazard #11 is set to be reviewed on 2016-02-21. <br /><br />Hazard ID: 11. <br />Hazard Details: A track broke down on the runway. <br />Implementation Details: Stop using trolleys', 'sent', 4, 0, 'GROUP', 1, '2016-08-21 21:00:55', NULL, NULL, NULL, 0),
(886, 'URGENT!! Hazard Mitigation Implementation Deadline', 'Please be notified that Hazard #11 is set to be reviewed on 2016-02-21. <br /><br />Hazard ID: 11. <br />Hazard Details: A track broke down on the runway. <br />Implementation Details: Stop using trolleys', 'sent', 5, 0, 'GROUP', 1, '2016-08-21 21:00:59', NULL, NULL, NULL, 0),
(887, 'URGENT!! Hazard Mitigation Implementation Deadline', 'Please be notified that Hazard #11 is set to be reviewed on 2016-02-21. <br /><br />Hazard ID: 11. <br />Hazard Details: A track broke down on the runway. <br />Implementation Details: Stop using trolleys', 'sent', 6, 0, 'GROUP', 1, '2016-08-21 21:01:03', NULL, NULL, NULL, 0),
(888, 'URGENT!! Hazard Mitigation Implementation Deadline', 'Please be notified that Hazard #11 is set to be reviewed on 2016-02-21. <br /><br />Hazard ID: 11. <br />Hazard Details: A track broke down on the runway. <br />Implementation Details: Stop using trolleys', 'sent', 7, 0, 'GROUP', 1, '2016-08-21 21:01:07', NULL, NULL, NULL, 0),
(889, 'URGENT!! Hazard Mitigation Implementation Deadline', 'Please be notified that Hazard #11 is set to be reviewed on 2016-02-21. <br /><br />Hazard ID: 11. <br />Hazard Details: A track broke down on the runway. <br />Implementation Details: Stop using trolleys', 'sent', 9, 0, 'GROUP', 1, '2016-08-21 21:01:10', NULL, NULL, NULL, 0),
(890, 'URGENT!! Hazard Mitigation Implementation Deadline', 'Please be notified that Hazard #11 is set to be reviewed on 2016-02-21. <br /><br />Hazard ID: 11. <br />Hazard Details: A track broke down on the runway. <br />Implementation Details: Stop using trolleys', 'sent', 10, 0, 'GROUP', 1, '2016-08-21 21:01:14', NULL, NULL, NULL, 0),
(891, 'URGENT!! Hazard Mitigation Implementation Deadline', 'Please be notified that Hazard #11 is set to be reviewed on 2016-02-21. <br /><br />Hazard ID: 11. <br />Hazard Details: A track broke down on the runway. <br />Implementation Details: Stop using trolleys', 'sent', 11, 0, 'GROUP', 1, '2016-08-21 21:01:18', NULL, NULL, NULL, 0),
(892, 'URGENT!! Hazard Mitigation Implementation Deadline', 'Please be notified that Hazard #11 is set to be reviewed on 2016-02-21. <br /><br />Hazard ID: 11. <br />Hazard Details: A track broke down on the runway. <br />Implementation Details: Stop using trolleys', 'sent', 12, 0, 'GROUP', 1, '2016-08-21 21:01:22', NULL, NULL, NULL, 0),
(893, 'URGENT!! Hazard Mitigation Implementation Deadline', 'Please be notified that Hazard #11 is set to be reviewed on 2016-02-21. <br /><br />Hazard ID: 11. <br />Hazard Details: A track broke down on the runway. <br />Implementation Details: Stop using trolleys', 'sent', 13, 0, 'GROUP', 1, '2016-08-21 21:01:26', NULL, NULL, NULL, 0),
(894, 'URGENT!! Hazard Mitigation Implementation Deadline', 'Please be notified that Hazard #108 is set to be reviewed on 2016-02-21. <br /><br />Hazard ID: 108. <br />Hazard Details: Trees blocking run way view. <br />Implementation Details: tesr', 'sent', 1, 0, 'GROUP', 1, '2016-08-21 21:02:13', NULL, NULL, NULL, 0),
(895, 'URGENT!! Hazard Mitigation Implementation Deadline', 'Please be notified that Hazard #108 is set to be reviewed on 2016-02-21. <br /><br />Hazard ID: 108. <br />Hazard Details: Trees blocking run way view. <br />Implementation Details: tesr', 'read', 2, 0, 'GROUP', 1, '2016-08-21 21:02:17', NULL, NULL, NULL, 0),
(896, 'URGENT!! Hazard Mitigation Implementation Deadline', 'Please be notified that Hazard #108 is set to be reviewed on 2016-02-21. <br /><br />Hazard ID: 108. <br />Hazard Details: Trees blocking run way view. <br />Implementation Details: tesr', 'sent', 4, 0, 'GROUP', 1, '2016-08-21 21:02:21', NULL, NULL, NULL, 0),
(897, 'URGENT!! Hazard Mitigation Implementation Deadline', 'Please be notified that Hazard #108 is set to be reviewed on 2016-02-21. <br /><br />Hazard ID: 108. <br />Hazard Details: Trees blocking run way view. <br />Implementation Details: tesr', 'sent', 5, 0, 'GROUP', 1, '2016-08-21 21:02:25', NULL, NULL, NULL, 0),
(898, 'URGENT!! Hazard Mitigation Implementation Deadline', 'Please be notified that Hazard #108 is set to be reviewed on 2016-02-21. <br /><br />Hazard ID: 108. <br />Hazard Details: Trees blocking run way view. <br />Implementation Details: tesr', 'sent', 6, 0, 'GROUP', 1, '2016-08-21 21:02:29', NULL, NULL, NULL, 0),
(899, 'URGENT!! Hazard Mitigation Implementation Deadline', 'Please be notified that Hazard #108 is set to be reviewed on 2016-02-21. <br /><br />Hazard ID: 108. <br />Hazard Details: Trees blocking run way view. <br />Implementation Details: tesr', 'sent', 7, 0, 'GROUP', 1, '2016-08-21 21:02:33', NULL, NULL, NULL, 0),
(900, 'URGENT!! Hazard Mitigation Implementation Deadline', 'Please be notified that Hazard #108 is set to be reviewed on 2016-02-21. <br /><br />Hazard ID: 108. <br />Hazard Details: Trees blocking run way view. <br />Implementation Details: tesr', 'sent', 9, 0, 'GROUP', 1, '2016-08-21 21:02:37', NULL, NULL, NULL, 0),
(901, 'URGENT!! Hazard Mitigation Implementation Deadline', 'Please be notified that Hazard #108 is set to be reviewed on 2016-02-21. <br /><br />Hazard ID: 108. <br />Hazard Details: Trees blocking run way view. <br />Implementation Details: tesr', 'sent', 10, 0, 'GROUP', 1, '2016-08-21 21:02:41', NULL, NULL, NULL, 0),
(902, 'URGENT!! Hazard Mitigation Implementation Deadline', 'Please be notified that Hazard #108 is set to be reviewed on 2016-02-21. <br /><br />Hazard ID: 108. <br />Hazard Details: Trees blocking run way view. <br />Implementation Details: tesr', 'sent', 11, 0, 'GROUP', 1, '2016-08-21 21:02:45', NULL, NULL, NULL, 0),
(903, 'URGENT!! Hazard Mitigation Implementation Deadline', 'Please be notified that Hazard #108 is set to be reviewed on 2016-02-21. <br /><br />Hazard ID: 108. <br />Hazard Details: Trees blocking run way view. <br />Implementation Details: tesr', 'sent', 12, 0, 'GROUP', 1, '2016-08-21 21:02:49', NULL, NULL, NULL, 0),
(904, 'URGENT!! Hazard Mitigation Implementation Deadline', 'Please be notified that Hazard #108 is set to be reviewed on 2016-02-21. <br /><br />Hazard ID: 108. <br />Hazard Details: Trees blocking run way view. <br />Implementation Details: tesr', 'sent', 13, 0, 'GROUP', 1, '2016-08-21 21:02:53', NULL, NULL, NULL, 0),
(905, 'URGENT!! Hazard Mitigation Implementation Deadline', 'Please be notified that Hazard #108 is set to be reviewed on 2016-02-21. <br /><br />Hazard ID: 108. <br />Hazard Details: Trees blocking run way view. <br />Implementation Details: TESR', 'sent', 1, 0, 'GROUP', 1, '2016-08-21 21:03:38', NULL, NULL, NULL, 0),
(906, 'URGENT!! Hazard Mitigation Implementation Deadline', 'Please be notified that Hazard #108 is set to be reviewed on 2016-02-21. <br /><br />Hazard ID: 108. <br />Hazard Details: Trees blocking run way view. <br />Implementation Details: TESR', 'read', 2, 0, 'GROUP', 1, '2016-08-21 21:03:42', NULL, NULL, NULL, 0),
(907, 'URGENT!! Hazard Mitigation Implementation Deadline', 'Please be notified that Hazard #108 is set to be reviewed on 2016-02-21. <br /><br />Hazard ID: 108. <br />Hazard Details: Trees blocking run way view. <br />Implementation Details: TESR', 'sent', 4, 0, 'GROUP', 1, '2016-08-21 21:03:47', NULL, NULL, NULL, 0),
(908, 'URGENT!! Hazard Mitigation Implementation Deadline', 'Please be notified that Hazard #108 is set to be reviewed on 2016-02-21. <br /><br />Hazard ID: 108. <br />Hazard Details: Trees blocking run way view. <br />Implementation Details: TESR', 'sent', 5, 0, 'GROUP', 1, '2016-08-21 21:03:51', NULL, NULL, NULL, 0),
(909, 'URGENT!! Hazard Mitigation Implementation Deadline', 'Please be notified that Hazard #108 is set to be reviewed on 2016-02-21. <br /><br />Hazard ID: 108. <br />Hazard Details: Trees blocking run way view. <br />Implementation Details: TESR', 'sent', 6, 0, 'GROUP', 1, '2016-08-21 21:03:54', NULL, NULL, NULL, 0),
(910, 'URGENT!! Hazard Mitigation Implementation Deadline', 'Please be notified that Hazard #108 is set to be reviewed on 2016-02-21. <br /><br />Hazard ID: 108. <br />Hazard Details: Trees blocking run way view. <br />Implementation Details: TESR', 'sent', 7, 0, 'GROUP', 1, '2016-08-21 21:03:58', NULL, NULL, NULL, 0),
(911, 'URGENT!! Hazard Mitigation Implementation Deadline', 'Please be notified that Hazard #108 is set to be reviewed on 2016-02-21. <br /><br />Hazard ID: 108. <br />Hazard Details: Trees blocking run way view. <br />Implementation Details: TESR', 'sent', 9, 0, 'GROUP', 1, '2016-08-21 21:04:02', NULL, NULL, NULL, 0),
(912, 'URGENT!! Hazard Mitigation Implementation Deadline', 'Please be notified that Hazard #108 is set to be reviewed on 2016-02-21. <br /><br />Hazard ID: 108. <br />Hazard Details: Trees blocking run way view. <br />Implementation Details: TESR', 'sent', 10, 0, 'GROUP', 1, '2016-08-21 21:04:06', NULL, NULL, NULL, 0),
(913, 'URGENT!! Hazard Mitigation Implementation Deadline', 'Please be notified that Hazard #108 is set to be reviewed on 2016-02-21. <br /><br />Hazard ID: 108. <br />Hazard Details: Trees blocking run way view. <br />Implementation Details: TESR', 'sent', 11, 0, 'GROUP', 1, '2016-08-21 21:04:10', NULL, NULL, NULL, 0),
(914, 'URGENT!! Hazard Mitigation Implementation Deadline', 'Please be notified that Hazard #108 is set to be reviewed on 2016-02-21. <br /><br />Hazard ID: 108. <br />Hazard Details: Trees blocking run way view. <br />Implementation Details: TESR', 'sent', 12, 0, 'GROUP', 1, '2016-08-21 21:04:14', NULL, NULL, NULL, 0),
(915, 'URGENT!! Hazard Mitigation Implementation Deadline', 'Please be notified that Hazard #108 is set to be reviewed on 2016-02-21. <br /><br />Hazard ID: 108. <br />Hazard Details: Trees blocking run way view. <br />Implementation Details: TESR', 'sent', 13, 0, 'GROUP', 1, '2016-08-21 21:04:18', NULL, NULL, NULL, 0),
(916, 'URGENT!! Hazard Mitigation Implementation Deadline', 'Please be notified that Hazard #108 is set to be reviewed on 2016-02-21. <br /><br />Hazard ID: 108. <br />Hazard Details: Trees blocking run way view. <br />Implementation Details: TESTRD', 'sent', 1, 0, 'GROUP', 1, '2016-08-21 21:05:04', NULL, NULL, NULL, 0),
(917, 'URGENT!! Hazard Mitigation Implementation Deadline', 'Please be notified that Hazard #108 is set to be reviewed on 2016-02-21. <br /><br />Hazard ID: 108. <br />Hazard Details: Trees blocking run way view. <br />Implementation Details: TESTRD', 'read', 2, 0, 'GROUP', 1, '2016-08-21 21:05:08', NULL, NULL, NULL, 0),
(918, 'URGENT!! Hazard Mitigation Implementation Deadline', 'Please be notified that Hazard #108 is set to be reviewed on 2016-02-21. <br /><br />Hazard ID: 108. <br />Hazard Details: Trees blocking run way view. <br />Implementation Details: TESTRD', 'sent', 4, 0, 'GROUP', 1, '2016-08-21 21:05:12', NULL, NULL, NULL, 0),
(919, 'URGENT!! Hazard Mitigation Implementation Deadline', 'Please be notified that Hazard #108 is set to be reviewed on 2016-02-21. <br /><br />Hazard ID: 108. <br />Hazard Details: Trees blocking run way view. <br />Implementation Details: TESTRD', 'sent', 5, 0, 'GROUP', 1, '2016-08-21 21:05:16', NULL, NULL, NULL, 0),
(920, 'URGENT!! Hazard Mitigation Implementation Deadline', 'Please be notified that Hazard #108 is set to be reviewed on 2016-02-21. <br /><br />Hazard ID: 108. <br />Hazard Details: Trees blocking run way view. <br />Implementation Details: TESTRD', 'read', 6, 0, 'GROUP', 1, '2016-08-21 21:05:20', NULL, NULL, NULL, 0),
(921, 'URGENT!! Hazard Mitigation Implementation Deadline', 'Please be notified that Hazard #108 is set to be reviewed on 2016-02-21. <br /><br />Hazard ID: 108. <br />Hazard Details: Trees blocking run way view. <br />Implementation Details: TESTRD', 'sent', 7, 0, 'GROUP', 1, '2016-08-21 21:05:24', NULL, NULL, NULL, 0),
(922, 'URGENT!! Hazard Mitigation Implementation Deadline', 'Please be notified that Hazard #108 is set to be reviewed on 2016-02-21. <br /><br />Hazard ID: 108. <br />Hazard Details: Trees blocking run way view. <br />Implementation Details: TESTRD', 'sent', 9, 0, 'GROUP', 1, '2016-08-21 21:05:28', NULL, NULL, NULL, 0),
(923, 'URGENT!! Hazard Mitigation Implementation Deadline', 'Please be notified that Hazard #108 is set to be reviewed on 2016-02-21. <br /><br />Hazard ID: 108. <br />Hazard Details: Trees blocking run way view. <br />Implementation Details: TESTRD', 'sent', 10, 0, 'GROUP', 1, '2016-08-21 21:05:32', NULL, NULL, NULL, 0),
(924, 'URGENT!! Hazard Mitigation Implementation Deadline', 'Please be notified that Hazard #108 is set to be reviewed on 2016-02-21. <br /><br />Hazard ID: 108. <br />Hazard Details: Trees blocking run way view. <br />Implementation Details: TESTRD', 'sent', 11, 0, 'GROUP', 1, '2016-08-21 21:05:36', NULL, NULL, NULL, 0),
(925, 'URGENT!! Hazard Mitigation Implementation Deadline', 'Please be notified that Hazard #108 is set to be reviewed on 2016-02-21. <br /><br />Hazard ID: 108. <br />Hazard Details: Trees blocking run way view. <br />Implementation Details: TESTRD', 'sent', 12, 0, 'GROUP', 1, '2016-08-21 21:05:40', NULL, NULL, NULL, 0),
(926, 'URGENT!! Hazard Mitigation Implementation Deadline', 'Please be notified that Hazard #108 is set to be reviewed on 2016-02-21. <br /><br />Hazard ID: 108. <br />Hazard Details: Trees blocking run way view. <br />Implementation Details: TESTRD', 'sent', 13, 0, 'GROUP', 1, '2016-08-21 21:05:43', NULL, NULL, NULL, 0),
(927, 'URGENT!! Hazard Mitigation Implementation Deadline', 'Please be notified that Hazard #11 is set to be reviewed on 2016-02-23. <br /><br />Hazard ID: 11. <br />Hazard Details: A track broke down on the runway. <br />Implementation Details: Tile the floor', 'sent', 1, 0, 'GROUP', 1, '2016-08-22 21:00:46', NULL, NULL, NULL, 0),
(928, 'URGENT!! Hazard Mitigation Implementation Deadline', 'Please be notified that Hazard #11 is set to be reviewed on 2016-02-23. <br /><br />Hazard ID: 11. <br />Hazard Details: A track broke down on the runway. <br />Implementation Details: Tile the floor', 'read', 2, 0, 'GROUP', 1, '2016-08-22 21:00:50', NULL, NULL, NULL, 0),
(929, 'URGENT!! Hazard Mitigation Implementation Deadline', 'Please be notified that Hazard #11 is set to be reviewed on 2016-02-23. <br /><br />Hazard ID: 11. <br />Hazard Details: A track broke down on the runway. <br />Implementation Details: Tile the floor', 'sent', 4, 0, 'GROUP', 1, '2016-08-22 21:00:54', NULL, NULL, NULL, 0),
(930, 'URGENT!! Hazard Mitigation Implementation Deadline', 'Please be notified that Hazard #11 is set to be reviewed on 2016-02-23. <br /><br />Hazard ID: 11. <br />Hazard Details: A track broke down on the runway. <br />Implementation Details: Tile the floor', 'sent', 5, 0, 'GROUP', 1, '2016-08-22 21:00:58', NULL, NULL, NULL, 0),
(931, 'URGENT!! Hazard Mitigation Implementation Deadline', 'Please be notified that Hazard #11 is set to be reviewed on 2016-02-23. <br /><br />Hazard ID: 11. <br />Hazard Details: A track broke down on the runway. <br />Implementation Details: Tile the floor', 'sent', 6, 0, 'GROUP', 1, '2016-08-22 21:01:02', NULL, NULL, NULL, 0),
(932, 'URGENT!! Hazard Mitigation Implementation Deadline', 'Please be notified that Hazard #11 is set to be reviewed on 2016-02-23. <br /><br />Hazard ID: 11. <br />Hazard Details: A track broke down on the runway. <br />Implementation Details: Tile the floor', 'sent', 7, 0, 'GROUP', 1, '2016-08-22 21:01:06', NULL, NULL, NULL, 0),
(933, 'URGENT!! Hazard Mitigation Implementation Deadline', 'Please be notified that Hazard #11 is set to be reviewed on 2016-02-23. <br /><br />Hazard ID: 11. <br />Hazard Details: A track broke down on the runway. <br />Implementation Details: Tile the floor', 'sent', 9, 0, 'GROUP', 1, '2016-08-22 21:01:11', NULL, NULL, NULL, 0),
(934, 'URGENT!! Hazard Mitigation Implementation Deadline', 'Please be notified that Hazard #11 is set to be reviewed on 2016-02-23. <br /><br />Hazard ID: 11. <br />Hazard Details: A track broke down on the runway. <br />Implementation Details: Tile the floor', 'sent', 10, 0, 'GROUP', 1, '2016-08-22 21:01:15', NULL, NULL, NULL, 0),
(935, 'URGENT!! Hazard Mitigation Implementation Deadline', 'Please be notified that Hazard #11 is set to be reviewed on 2016-02-23. <br /><br />Hazard ID: 11. <br />Hazard Details: A track broke down on the runway. <br />Implementation Details: Tile the floor', 'sent', 11, 0, 'GROUP', 1, '2016-08-22 21:01:19', NULL, NULL, NULL, 0),
(936, 'URGENT!! Hazard Mitigation Implementation Deadline', 'Please be notified that Hazard #11 is set to be reviewed on 2016-02-23. <br /><br />Hazard ID: 11. <br />Hazard Details: A track broke down on the runway. <br />Implementation Details: Tile the floor', 'sent', 12, 0, 'GROUP', 1, '2016-08-22 21:01:23', NULL, NULL, NULL, 0),
(937, 'URGENT!! Hazard Mitigation Implementation Deadline', 'Please be notified that Hazard #11 is set to be reviewed on 2016-02-23. <br /><br />Hazard ID: 11. <br />Hazard Details: A track broke down on the runway. <br />Implementation Details: Tile the floor', 'sent', 13, 0, 'GROUP', 1, '2016-08-22 21:01:27', NULL, NULL, NULL, 0),
(938, 'URGENT!! Hazard Mitigation Implementation Deadline', 'Please be notified that Hazard #83 is set to be reviewed on 2016-02-23. <br /><br />Hazard ID: 83. <br />Hazard Details: Trees blocking run way view. <br />Implementation Details: sleeping', 'sent', 1, 0, 'GROUP', 1, '2016-08-22 21:02:13', NULL, NULL, NULL, 0),
(939, 'URGENT!! Hazard Mitigation Implementation Deadline', 'Please be notified that Hazard #83 is set to be reviewed on 2016-02-23. <br /><br />Hazard ID: 83. <br />Hazard Details: Trees blocking run way view. <br />Implementation Details: sleeping', 'read', 2, 0, 'GROUP', 1, '2016-08-22 21:02:18', NULL, NULL, NULL, 0),
(940, 'URGENT!! Hazard Mitigation Implementation Deadline', 'Please be notified that Hazard #83 is set to be reviewed on 2016-02-23. <br /><br />Hazard ID: 83. <br />Hazard Details: Trees blocking run way view. <br />Implementation Details: sleeping', 'sent', 4, 0, 'GROUP', 1, '2016-08-22 21:02:21', NULL, NULL, NULL, 0),
(941, 'URGENT!! Hazard Mitigation Implementation Deadline', 'Please be notified that Hazard #83 is set to be reviewed on 2016-02-23. <br /><br />Hazard ID: 83. <br />Hazard Details: Trees blocking run way view. <br />Implementation Details: sleeping', 'sent', 5, 0, 'GROUP', 1, '2016-08-22 21:02:25', NULL, NULL, NULL, 0),
(942, 'URGENT!! Hazard Mitigation Implementation Deadline', 'Please be notified that Hazard #83 is set to be reviewed on 2016-02-23. <br /><br />Hazard ID: 83. <br />Hazard Details: Trees blocking run way view. <br />Implementation Details: sleeping', 'sent', 6, 0, 'GROUP', 1, '2016-08-22 21:02:29', NULL, NULL, NULL, 0),
(943, 'URGENT!! Hazard Mitigation Implementation Deadline', 'Please be notified that Hazard #83 is set to be reviewed on 2016-02-23. <br /><br />Hazard ID: 83. <br />Hazard Details: Trees blocking run way view. <br />Implementation Details: sleeping', 'sent', 7, 0, 'GROUP', 1, '2016-08-22 21:02:33', NULL, NULL, NULL, 0),
(944, 'URGENT!! Hazard Mitigation Implementation Deadline', 'Please be notified that Hazard #83 is set to be reviewed on 2016-02-23. <br /><br />Hazard ID: 83. <br />Hazard Details: Trees blocking run way view. <br />Implementation Details: sleeping', 'sent', 9, 0, 'GROUP', 1, '2016-08-22 21:02:37', NULL, NULL, NULL, 0),
(945, 'URGENT!! Hazard Mitigation Implementation Deadline', 'Please be notified that Hazard #83 is set to be reviewed on 2016-02-23. <br /><br />Hazard ID: 83. <br />Hazard Details: Trees blocking run way view. <br />Implementation Details: sleeping', 'sent', 10, 0, 'GROUP', 1, '2016-08-22 21:02:41', NULL, NULL, NULL, 0),
(946, 'URGENT!! Hazard Mitigation Implementation Deadline', 'Please be notified that Hazard #83 is set to be reviewed on 2016-02-23. <br /><br />Hazard ID: 83. <br />Hazard Details: Trees blocking run way view. <br />Implementation Details: sleeping', 'sent', 11, 0, 'GROUP', 1, '2016-08-22 21:02:45', NULL, NULL, NULL, 0),
(947, 'URGENT!! Hazard Mitigation Implementation Deadline', 'Please be notified that Hazard #83 is set to be reviewed on 2016-02-23. <br /><br />Hazard ID: 83. <br />Hazard Details: Trees blocking run way view. <br />Implementation Details: sleeping', 'sent', 12, 0, 'GROUP', 1, '2016-08-22 21:02:49', NULL, NULL, NULL, 0),
(948, 'URGENT!! Hazard Mitigation Implementation Deadline', 'Please be notified that Hazard #83 is set to be reviewed on 2016-02-23. <br /><br />Hazard ID: 83. <br />Hazard Details: Trees blocking run way view. <br />Implementation Details: sleeping', 'sent', 13, 0, 'GROUP', 1, '2016-08-22 21:02:53', NULL, NULL, NULL, 0),
(949, 'NEW Hazard', 'A new Hazard has been submitted by admin. Hazard ID: 222. Hazard details: Crossing 12/30', 'sent', 1, 2, 'GROUP', 0, '2016-08-23 10:48:35', NULL, NULL, NULL, 0),
(950, 'NEW Hazard', 'A new Hazard has been submitted by admin. Hazard ID: 222. Hazard details: Crossing 12/30', 'read', 2, 2, 'GROUP', 0, '2016-08-23 10:48:39', NULL, NULL, NULL, 0),
(951, 'NEW Hazard', 'A new Hazard has been submitted by admin. Hazard ID: 222. Hazard details: Crossing 12/30', 'sent', 4, 2, 'GROUP', 0, '2016-08-23 10:48:43', NULL, NULL, NULL, 0),
(952, 'NEW Hazard', 'A new Hazard has been submitted by admin. Hazard ID: 222. Hazard details: Crossing 12/30', 'sent', 5, 2, 'GROUP', 0, '2016-08-23 10:48:47', NULL, NULL, NULL, 0),
(953, 'NEW Hazard', 'A new Hazard has been submitted by admin. Hazard ID: 222. Hazard details: Crossing 12/30', 'sent', 6, 2, 'GROUP', 0, '2016-08-23 10:48:51', NULL, NULL, NULL, 0),
(954, 'NEW Hazard', 'A new Hazard has been submitted by admin. Hazard ID: 222. Hazard details: Crossing 12/30', 'sent', 7, 2, 'GROUP', 0, '2016-08-23 10:48:55', NULL, NULL, NULL, 0),
(955, 'NEW Hazard', 'A new Hazard has been submitted by admin. Hazard ID: 222. Hazard details: Crossing 12/30', 'sent', 9, 2, 'GROUP', 0, '2016-08-23 10:48:58', NULL, NULL, NULL, 0),
(956, 'NEW Hazard', 'A new Hazard has been submitted by admin. Hazard ID: 222. Hazard details: Crossing 12/30', 'sent', 10, 2, 'GROUP', 0, '2016-08-23 10:49:02', NULL, NULL, NULL, 0),
(957, 'NEW Hazard', 'A new Hazard has been submitted by admin. Hazard ID: 222. Hazard details: Crossing 12/30', 'sent', 11, 2, 'GROUP', 0, '2016-08-23 10:49:06', NULL, NULL, NULL, 0),
(958, 'NEW Hazard', 'A new Hazard has been submitted by admin. Hazard ID: 222. Hazard details: Crossing 12/30', 'sent', 12, 2, 'GROUP', 0, '2016-08-23 10:49:10', NULL, NULL, NULL, 0),
(959, 'NEW Hazard', 'A new Hazard has been submitted by admin. Hazard ID: 222. Hazard details: Crossing 12/30', 'sent', 13, 2, 'GROUP', 0, '2016-08-23 10:49:14', NULL, NULL, NULL, 0),
(960, 'NEW Hazard', 'A new Hazard has been submitted by admin. Hazard ID: 222. Hazard details: Crossing 12/30', 'read', 2, 2, 'GROUP', 0, '2016-08-23 10:49:22', NULL, NULL, NULL, 0),
(961, 'NEW Hazard', 'A new Hazard has been submitted by admin. Hazard ID: 223. Hazard details: Crossing 12/30', 'sent', 1, 2, 'GROUP', 0, '2016-08-23 10:50:09', NULL, NULL, NULL, 0),
(962, 'NEW Hazard', 'A new Hazard has been submitted by admin. Hazard ID: 223. Hazard details: Crossing 12/30', 'read', 2, 2, 'GROUP', 0, '2016-08-23 10:50:13', NULL, NULL, NULL, 0),
(963, 'NEW Hazard', 'A new Hazard has been submitted by admin. Hazard ID: 223. Hazard details: Crossing 12/30', 'sent', 4, 2, 'GROUP', 0, '2016-08-23 10:50:17', NULL, NULL, NULL, 0),
(964, 'NEW Hazard', 'A new Hazard has been submitted by admin. Hazard ID: 223. Hazard details: Crossing 12/30', 'sent', 5, 2, 'GROUP', 0, '2016-08-23 10:50:21', NULL, NULL, NULL, 0),
(965, 'NEW Hazard', 'A new Hazard has been submitted by admin. Hazard ID: 223. Hazard details: Crossing 12/30', 'sent', 6, 2, 'GROUP', 0, '2016-08-23 10:50:25', NULL, NULL, NULL, 0),
(966, 'NEW Hazard', 'A new Hazard has been submitted by admin. Hazard ID: 223. Hazard details: Crossing 12/30', 'sent', 7, 2, 'GROUP', 0, '2016-08-23 10:50:29', NULL, NULL, NULL, 0),
(967, 'NEW Hazard', 'A new Hazard has been submitted by admin. Hazard ID: 223. Hazard details: Crossing 12/30', 'sent', 9, 2, 'GROUP', 0, '2016-08-23 10:50:33', NULL, NULL, NULL, 0),
(968, 'NEW Hazard', 'A new Hazard has been submitted by admin. Hazard ID: 223. Hazard details: Crossing 12/30', 'sent', 10, 2, 'GROUP', 0, '2016-08-23 10:50:37', NULL, NULL, NULL, 0),
(969, 'NEW Hazard', 'A new Hazard has been submitted by admin. Hazard ID: 223. Hazard details: Crossing 12/30', 'sent', 11, 2, 'GROUP', 0, '2016-08-23 10:50:41', NULL, NULL, NULL, 0),
(970, 'NEW Hazard', 'A new Hazard has been submitted by admin. Hazard ID: 223. Hazard details: Crossing 12/30', 'sent', 12, 2, 'GROUP', 0, '2016-08-23 10:50:45', NULL, NULL, NULL, 0),
(971, 'NEW Hazard', 'A new Hazard has been submitted by admin. Hazard ID: 223. Hazard details: Crossing 12/30', 'sent', 13, 2, 'GROUP', 0, '2016-08-23 10:50:49', NULL, NULL, NULL, 0),
(972, 'NEW Hazard', 'A new Hazard has been submitted by admin. Hazard ID: 223. Hazard details: Crossing 12/30', 'read', 2, 2, 'GROUP', 0, '2016-08-23 10:50:57', NULL, NULL, NULL, 0),
(973, 'NEW Hazard', 'A new Hazard has been submitted by admin. Hazard ID: 224. Hazard details: Crossing 12/30', 'sent', 1, 2, 'GROUP', 0, '2016-08-23 10:51:45', NULL, NULL, NULL, 0),
(974, 'NEW Hazard', 'A new Hazard has been submitted by admin. Hazard ID: 224. Hazard details: Crossing 12/30', 'read', 2, 2, 'GROUP', 0, '2016-08-23 10:51:49', NULL, NULL, NULL, 0),
(975, 'NEW Hazard', 'A new Hazard has been submitted by admin. Hazard ID: 224. Hazard details: Crossing 12/30', 'sent', 4, 2, 'GROUP', 0, '2016-08-23 10:51:53', NULL, NULL, NULL, 0),
(976, 'NEW Hazard', 'A new Hazard has been submitted by admin. Hazard ID: 224. Hazard details: Crossing 12/30', 'sent', 5, 2, 'GROUP', 0, '2016-08-23 10:51:56', NULL, NULL, NULL, 0),
(977, 'NEW Hazard', 'A new Hazard has been submitted by admin. Hazard ID: 224. Hazard details: Crossing 12/30', 'sent', 6, 2, 'GROUP', 0, '2016-08-23 10:51:59', NULL, NULL, NULL, 0),
(978, 'NEW Hazard', 'A new Hazard has been submitted by admin. Hazard ID: 224. Hazard details: Crossing 12/30', 'sent', 7, 2, 'GROUP', 0, '2016-08-23 10:52:03', NULL, NULL, NULL, 0),
(979, 'NEW Hazard', 'A new Hazard has been submitted by admin. Hazard ID: 224. Hazard details: Crossing 12/30', 'sent', 9, 2, 'GROUP', 0, '2016-08-23 10:52:07', NULL, NULL, NULL, 0),
(980, 'NEW Hazard', 'A new Hazard has been submitted by admin. Hazard ID: 224. Hazard details: Crossing 12/30', 'sent', 10, 2, 'GROUP', 0, '2016-08-23 10:52:11', NULL, NULL, NULL, 0),
(981, 'NEW Hazard', 'A new Hazard has been submitted by admin. Hazard ID: 224. Hazard details: Crossing 12/30', 'sent', 11, 2, 'GROUP', 0, '2016-08-23 10:52:14', NULL, NULL, NULL, 0),
(982, 'NEW Hazard', 'A new Hazard has been submitted by admin. Hazard ID: 224. Hazard details: Crossing 12/30', 'sent', 12, 2, 'GROUP', 0, '2016-08-23 10:52:18', NULL, NULL, NULL, 0),
(983, 'NEW Hazard', 'A new Hazard has been submitted by admin. Hazard ID: 224. Hazard details: Crossing 12/30', 'sent', 13, 2, 'GROUP', 0, '2016-08-23 10:52:22', NULL, NULL, NULL, 0),
(984, 'NEW Hazard', 'A new Hazard has been submitted by admin. Hazard ID: 224. Hazard details: Crossing 12/30', 'read', 2, 2, 'GROUP', 0, '2016-08-23 10:52:29', NULL, NULL, NULL, 0),
(985, 'NEW Hazard', 'A new Hazard has been submitted by admin. Hazard ID: 225. Hazard details: Crossing 12/30', 'sent', 1, 2, 'GROUP', 0, '2016-08-23 10:53:15', NULL, NULL, NULL, 0),
(986, 'NEW Hazard', 'A new Hazard has been submitted by admin. Hazard ID: 225. Hazard details: Crossing 12/30', 'read', 2, 2, 'GROUP', 0, '2016-08-23 10:53:19', NULL, NULL, NULL, 0),
(987, 'NEW Hazard', 'A new Hazard has been submitted by admin. Hazard ID: 225. Hazard details: Crossing 12/30', 'sent', 4, 2, 'GROUP', 0, '2016-08-23 10:53:23', NULL, NULL, NULL, 0),
(988, 'NEW Hazard', 'A new Hazard has been submitted by admin. Hazard ID: 225. Hazard details: Crossing 12/30', 'sent', 5, 2, 'GROUP', 0, '2016-08-23 10:53:27', NULL, NULL, NULL, 0),
(989, 'NEW Hazard', 'A new Hazard has been submitted by admin. Hazard ID: 225. Hazard details: Crossing 12/30', 'sent', 6, 2, 'GROUP', 0, '2016-08-23 10:53:31', NULL, NULL, NULL, 0),
(990, 'NEW Hazard', 'A new Hazard has been submitted by admin. Hazard ID: 225. Hazard details: Crossing 12/30', 'sent', 7, 2, 'GROUP', 0, '2016-08-23 10:53:35', NULL, NULL, NULL, 0),
(991, 'NEW Hazard', 'A new Hazard has been submitted by admin. Hazard ID: 225. Hazard details: Crossing 12/30', 'sent', 9, 2, 'GROUP', 0, '2016-08-23 10:53:39', NULL, NULL, NULL, 0),
(992, 'NEW Hazard', 'A new Hazard has been submitted by admin. Hazard ID: 225. Hazard details: Crossing 12/30', 'sent', 10, 2, 'GROUP', 0, '2016-08-23 10:53:43', NULL, NULL, NULL, 0),
(993, 'NEW Hazard', 'A new Hazard has been submitted by admin. Hazard ID: 225. Hazard details: Crossing 12/30', 'sent', 11, 2, 'GROUP', 0, '2016-08-23 10:53:46', NULL, NULL, NULL, 0),
(994, 'Assigned New Icident', 'You have Been Assigned A new Incident #185', 'sent', 1, 2, 'PRIVATE', 0, '2016-08-23 10:53:50', NULL, NULL, NULL, 0),
(995, 'NEW Hazard', 'A new Hazard has been submitted by admin. Hazard ID: 225. Hazard details: Crossing 12/30', 'sent', 12, 2, 'GROUP', 0, '2016-08-23 10:53:50', NULL, NULL, NULL, 0),
(996, 'URGENT!! Investigator Notification', 'You have been assigned as investigator for: Hazard ID: 185. Hazard details: selective hearing', 'sent', 1, 2, 'PRIVATE', 1, '2016-08-23 10:53:53', NULL, NULL, NULL, 0),
(997, 'NEW Hazard', 'A new Hazard has been submitted by admin. Hazard ID: 225. Hazard details: Crossing 12/30', 'sent', 13, 2, 'GROUP', 0, '2016-08-23 10:53:54', NULL, NULL, NULL, 0),
(998, 'NEW Hazard', 'A new Hazard has been submitted by admin. Hazard ID: 225. Hazard details: Crossing 12/30', 'read', 2, 2, 'GROUP', 0, '2016-08-23 10:54:02', NULL, NULL, NULL, 0),
(999, 'NEW Hazard', 'A new Hazard has been submitted by admin. Hazard ID: 226. Hazard details: Crossing 12/30', 'sent', 1, 2, 'GROUP', 0, '2016-08-23 10:54:52', NULL, NULL, NULL, 0),
(1000, 'NEW Hazard', 'A new Hazard has been submitted by admin. Hazard ID: 226. Hazard details: Crossing 12/30', 'read', 2, 2, 'GROUP', 0, '2016-08-23 10:54:56', NULL, NULL, NULL, 0),
(1001, 'NEW Hazard', 'A new Hazard has been submitted by admin. Hazard ID: 226. Hazard details: Crossing 12/30', 'sent', 4, 2, 'GROUP', 0, '2016-08-23 10:55:00', NULL, NULL, NULL, 0),
(1002, 'NEW Hazard', 'A new Hazard has been submitted by admin. Hazard ID: 226. Hazard details: Crossing 12/30', 'sent', 5, 2, 'GROUP', 0, '2016-08-23 10:55:04', NULL, NULL, NULL, 0),
(1003, 'NEW Hazard', 'A new Hazard has been submitted by admin. Hazard ID: 226. Hazard details: Crossing 12/30', 'read', 6, 2, 'GROUP', 0, '2016-08-23 10:55:08', NULL, NULL, NULL, 0),
(1004, 'NEW Hazard', 'A new Hazard has been submitted by admin. Hazard ID: 226. Hazard details: Crossing 12/30', 'sent', 7, 2, 'GROUP', 0, '2016-08-23 10:55:13', NULL, NULL, NULL, 0),
(1005, 'NEW Hazard', 'A new Hazard has been submitted by admin. Hazard ID: 226. Hazard details: Crossing 12/30', 'sent', 9, 2, 'GROUP', 0, '2016-08-23 10:55:18', NULL, NULL, NULL, 0),
(1006, 'NEW Hazard', 'A new Hazard has been submitted by admin. Hazard ID: 226. Hazard details: Crossing 12/30', 'sent', 10, 2, 'GROUP', 0, '2016-08-23 10:55:22', NULL, NULL, NULL, 0),
(1007, 'NEW Hazard', 'A new Hazard has been submitted by admin. Hazard ID: 226. Hazard details: Crossing 12/30', 'sent', 11, 2, 'GROUP', 0, '2016-08-23 10:55:27', NULL, NULL, NULL, 0),
(1008, 'NEW Hazard', 'A new Hazard has been submitted by admin. Hazard ID: 226. Hazard details: Crossing 12/30', 'sent', 12, 2, 'GROUP', 0, '2016-08-23 10:55:31', NULL, NULL, NULL, 0),
(1009, 'NEW Hazard', 'A new Hazard has been submitted by admin. Hazard ID: 226. Hazard details: Crossing 12/30', 'sent', 13, 2, 'GROUP', 0, '2016-08-23 10:55:35', NULL, NULL, NULL, 0),
(1010, 'NEW Hazard', 'A new Hazard has been submitted by admin. Hazard ID: 226. Hazard details: Crossing 12/30', 'read', 2, 2, 'GROUP', 0, '2016-08-23 10:55:44', NULL, NULL, NULL, 0),
(1011, 'NEW Hazard', 'A new Hazard has been submitted by admin. Hazard ID: 227. Hazard details: Crossing 12/30', 'sent', 1, 2, 'GROUP', 0, '2016-08-23 10:56:34', NULL, NULL, NULL, 0),
(1012, 'NEW Hazard', 'A new Hazard has been submitted by admin. Hazard ID: 227. Hazard details: Crossing 12/30', 'read', 2, 2, 'GROUP', 0, '2016-08-23 10:56:38', NULL, NULL, NULL, 0),
(1013, 'NEW Hazard', 'A new Hazard has been submitted by admin. Hazard ID: 227. Hazard details: Crossing 12/30', 'sent', 4, 2, 'GROUP', 0, '2016-08-23 10:56:42', NULL, NULL, NULL, 0),
(1014, 'NEW Hazard', 'A new Hazard has been submitted by admin. Hazard ID: 227. Hazard details: Crossing 12/30', 'sent', 5, 2, 'GROUP', 0, '2016-08-23 10:56:46', NULL, NULL, NULL, 0),
(1015, 'NEW Hazard', 'A new Hazard has been submitted by admin. Hazard ID: 227. Hazard details: Crossing 12/30', 'read', 6, 2, 'GROUP', 0, '2016-08-23 10:56:50', NULL, NULL, NULL, 0),
(1016, 'NEW Hazard', 'A new Hazard has been submitted by admin. Hazard ID: 227. Hazard details: Crossing 12/30', 'sent', 7, 2, 'GROUP', 0, '2016-08-23 10:56:55', NULL, NULL, NULL, 0),
(1017, 'NEW Hazard', 'A new Hazard has been submitted by admin. Hazard ID: 227. Hazard details: Crossing 12/30', 'sent', 9, 2, 'GROUP', 0, '2016-08-23 10:56:59', NULL, NULL, NULL, 0),
(1018, 'NEW Hazard', 'A new Hazard has been submitted by admin. Hazard ID: 227. Hazard details: Crossing 12/30', 'sent', 10, 2, 'GROUP', 0, '2016-08-23 10:57:03', NULL, NULL, NULL, 0),
(1019, 'NEW Hazard', 'A new Hazard has been submitted by admin. Hazard ID: 227. Hazard details: Crossing 12/30', 'sent', 11, 2, 'GROUP', 0, '2016-08-23 10:57:07', NULL, NULL, NULL, 0),
(1020, 'NEW Hazard', 'A new Hazard has been submitted by admin. Hazard ID: 227. Hazard details: Crossing 12/30', 'sent', 12, 2, 'GROUP', 0, '2016-08-23 10:57:11', NULL, NULL, NULL, 0),
(1021, 'NEW Hazard', 'A new Hazard has been submitted by admin. Hazard ID: 227. Hazard details: Crossing 12/30', 'sent', 13, 2, 'GROUP', 0, '2016-08-23 10:57:15', NULL, NULL, NULL, 0),
(1022, 'NEW Hazard', 'A new Hazard has been submitted by admin. Hazard ID: 227. Hazard details: Crossing 12/30', 'read', 2, 2, 'GROUP', 0, '2016-08-23 10:57:23', NULL, NULL, NULL, 0),
(1023, 'NEW Issue', 'A new Issue has been submitted by admin. Issue ID: 228. Issue details: lack of proper On the Job Training procedures', 'sent', 1, 2, 'GROUP', 0, '2016-08-23 11:39:57', NULL, NULL, NULL, 0),
(1024, 'NEW Issue', 'A new Issue has been submitted by admin. Issue ID: 228. Issue details: lack of proper On the Job Training procedures', 'read', 2, 2, 'GROUP', 0, '2016-08-23 11:40:01', NULL, NULL, NULL, 0),
(1025, 'NEW Issue', 'A new Issue has been submitted by admin. Issue ID: 228. Issue details: lack of proper On the Job Training procedures', 'sent', 4, 2, 'GROUP', 0, '2016-08-23 11:40:05', NULL, NULL, NULL, 0),
(1026, 'NEW Issue', 'A new Issue has been submitted by admin. Issue ID: 228. Issue details: lack of proper On the Job Training procedures', 'sent', 5, 2, 'GROUP', 0, '2016-08-23 11:40:09', NULL, NULL, NULL, 0),
(1027, 'NEW Issue', 'A new Issue has been submitted by admin. Issue ID: 228. Issue details: lack of proper On the Job Training procedures', 'read', 6, 2, 'GROUP', 0, '2016-08-23 11:40:13', NULL, NULL, NULL, 0),
(1028, 'NEW Issue', 'A new Issue has been submitted by admin. Issue ID: 228. Issue details: lack of proper On the Job Training procedures', 'sent', 7, 2, 'GROUP', 0, '2016-08-23 11:40:17', NULL, NULL, NULL, 0),
(1029, 'NEW Issue', 'A new Issue has been submitted by admin. Issue ID: 228. Issue details: lack of proper On the Job Training procedures', 'sent', 9, 2, 'GROUP', 0, '2016-08-23 11:40:21', NULL, NULL, NULL, 0),
(1030, 'NEW Issue', 'A new Issue has been submitted by admin. Issue ID: 228. Issue details: lack of proper On the Job Training procedures', 'sent', 10, 2, 'GROUP', 0, '2016-08-23 11:40:25', NULL, NULL, NULL, 0),
(1031, 'NEW Incident', 'A new Incident has been submitted by admin. Incident ID: 229. Incident details: Delayed Response on tyre burst', 'sent', 1, 2, 'GROUP', 0, '2016-08-23 11:40:27', NULL, NULL, NULL, 0),
(1032, 'NEW Issue', 'A new Issue has been submitted by admin. Issue ID: 228. Issue details: lack of proper On the Job Training procedures', 'sent', 11, 2, 'GROUP', 0, '2016-08-23 11:40:29', NULL, NULL, NULL, 0),
(1033, 'NEW Incident', 'A new Incident has been submitted by admin. Incident ID: 229. Incident details: Delayed Response on tyre burst', 'read', 2, 2, 'GROUP', 0, '2016-08-23 11:40:31', NULL, NULL, NULL, 0),
(1034, 'NEW Issue', 'A new Issue has been submitted by admin. Issue ID: 228. Issue details: lack of proper On the Job Training procedures', 'sent', 12, 2, 'GROUP', 0, '2016-08-23 11:40:33', NULL, NULL, NULL, 0),
(1035, 'NEW Incident', 'A new Incident has been submitted by admin. Incident ID: 229. Incident details: Delayed Response on tyre burst', 'sent', 4, 2, 'GROUP', 0, '2016-08-23 11:40:35', NULL, NULL, NULL, 0),
(1036, 'NEW Issue', 'A new Issue has been submitted by admin. Issue ID: 228. Issue details: lack of proper On the Job Training procedures', 'sent', 13, 2, 'GROUP', 0, '2016-08-23 11:40:37', NULL, NULL, NULL, 0),
(1037, 'NEW Incident', 'A new Incident has been submitted by admin. Incident ID: 229. Incident details: Delayed Response on tyre burst', 'sent', 5, 2, 'GROUP', 0, '2016-08-23 11:40:38', NULL, NULL, NULL, 0),
(1038, 'NEW Incident', 'A new Incident has been submitted by admin. Incident ID: 229. Incident details: Delayed Response on tyre burst', 'read', 6, 2, 'GROUP', 0, '2016-08-23 11:40:42', NULL, NULL, NULL, 0),
(1039, 'NEW Issue', 'A new Issue has been submitted by admin. Issue ID: 228. Issue details: lack of proper On the Job Training procedures', 'read', 2, 2, 'GROUP', 0, '2016-08-23 11:40:44', NULL, NULL, NULL, 0),
(1040, 'NEW Incident', 'A new Incident has been submitted by admin. Incident ID: 229. Incident details: Delayed Response on tyre burst', 'sent', 7, 2, 'GROUP', 0, '2016-08-23 11:40:46', NULL, NULL, NULL, 0),
(1041, 'NEW Incident', 'A new Incident has been submitted by admin. Incident ID: 229. Incident details: Delayed Response on tyre burst', 'sent', 9, 2, 'GROUP', 0, '2016-08-23 11:40:50', NULL, NULL, NULL, 0),
(1042, 'NEW Incident', 'A new Incident has been submitted by admin. Incident ID: 229. Incident details: Delayed Response on tyre burst', 'sent', 10, 2, 'GROUP', 0, '2016-08-23 11:40:54', NULL, NULL, NULL, 0),
(1043, 'NEW Incident', 'A new Incident has been submitted by admin. Incident ID: 229. Incident details: Delayed Response on tyre burst', 'sent', 11, 2, 'GROUP', 0, '2016-08-23 11:40:58', NULL, NULL, NULL, 0),
(1044, 'NEW Incident', 'A new Incident has been submitted by admin. Incident ID: 229. Incident details: Delayed Response on tyre burst', 'sent', 12, 2, 'GROUP', 0, '2016-08-23 11:41:02', NULL, NULL, NULL, 0),
(1045, 'NEW Incident', 'A new Incident has been submitted by admin. Incident ID: 229. Incident details: Delayed Response on tyre burst', 'sent', 13, 2, 'GROUP', 0, '2016-08-23 11:41:06', NULL, NULL, NULL, 0),
(1046, 'NEW Incident', 'A new Incident has been submitted by admin. Incident ID: 229. Incident details: Delayed Response on tyre burst', 'read', 2, 2, 'GROUP', 0, '2016-08-23 11:41:13', NULL, NULL, NULL, 0),
(1047, 'Assigned New Icident', 'You have Been Assigned A new Incident #228', 'read', 6, 2, 'PRIVATE', 0, '2016-08-23 11:52:50', NULL, NULL, NULL, 0);
INSERT INTO `notifications` (`id`, `subject`, `description`, `status`, `user`, `user_from`, `type`, `urgent`, `date_created`, `target_group`, `current_user`, `current_user_id`, `acknowledge`) VALUES
(1048, 'URGENT!! Investigator Notification', 'You have been assigned as investigator for: Hazard ID: 228. Hazard details: lack of proper On the Job Training procedures', 'read', 6, 2, 'PRIVATE', 1, '2016-08-23 11:52:54', NULL, NULL, NULL, 0),
(1049, 'Assigned New Icident', 'You have Been Assigned A new Incident #229', 'sent', 12, 2, 'PRIVATE', 0, '2016-08-23 11:54:41', NULL, NULL, NULL, 0),
(1050, 'URGENT!! Investigator Notification', 'You have been assigned as investigator for: Hazard ID: 229. Hazard details: Delayed Response on tyre burst', 'read', 12, 2, 'PRIVATE', 1, '2016-08-23 11:54:45', NULL, NULL, NULL, 0),
(1051, 'Assigned New Icident', 'You have Been Assigned A new Incident #218', 'read', 6, 2, 'PRIVATE', 0, '2016-08-23 11:58:41', NULL, NULL, NULL, 0),
(1052, 'URGENT!! Investigator Notification', 'You have been assigned as investigator for: Hazard ID: 218. Hazard details: wet floor', 'read', 6, 2, 'PRIVATE', 1, '2016-08-23 11:58:45', NULL, NULL, NULL, 0),
(1053, 'Assigned New Icident', 'You have Been Assigned A new Incident #218', 'read', 6, 2, 'PRIVATE', 0, '2016-08-23 11:58:48', NULL, NULL, NULL, 0),
(1054, 'URGENT!! Investigator Notification', 'You have been assigned as investigator for: Hazard ID: 218. Hazard details: wet floor', 'read', 6, 2, 'PRIVATE', 1, '2016-08-23 11:58:52', NULL, NULL, NULL, 0),
(1055, 'Assigned New Icident', 'You have Been Assigned A new Incident #221', 'read', 6, 2, 'PRIVATE', 0, '2016-08-23 11:59:34', NULL, NULL, NULL, 0),
(1056, 'URGENT!! Investigator Notification', 'You have been assigned as investigator for: Hazard ID: 221. Hazard details: Breakdown in UTL links to upcountry VERN radios ', 'read', 6, 2, 'PRIVATE', 1, '2016-08-23 11:59:38', NULL, NULL, NULL, 0),
(1057, 'NEW Hazard', 'A new Hazard has been submitted by rogers. Hazard ID: 230. Hazard details: Stench on Tower corridors ', 'sent', 1, 6, 'GROUP', 0, '2016-08-23 12:06:46', NULL, NULL, NULL, 0),
(1058, 'NEW Hazard', 'A new Hazard has been submitted by rogers. Hazard ID: 230. Hazard details: Stench on Tower corridors ', 'read', 2, 6, 'GROUP', 0, '2016-08-23 12:06:50', NULL, NULL, NULL, 0),
(1059, 'NEW Hazard', 'A new Hazard has been submitted by rogers. Hazard ID: 230. Hazard details: Stench on Tower corridors ', 'sent', 4, 6, 'GROUP', 0, '2016-08-23 12:06:54', NULL, NULL, NULL, 0),
(1060, 'NEW Hazard', 'A new Hazard has been submitted by rogers. Hazard ID: 230. Hazard details: Stench on Tower corridors ', 'sent', 5, 6, 'GROUP', 0, '2016-08-23 12:06:58', NULL, NULL, NULL, 0),
(1061, 'NEW Hazard', 'A new Hazard has been submitted by rogers. Hazard ID: 230. Hazard details: Stench on Tower corridors ', 'read', 6, 6, 'GROUP', 0, '2016-08-23 12:07:03', NULL, NULL, NULL, 0),
(1062, 'NEW Hazard', 'A new Hazard has been submitted by rogers. Hazard ID: 230. Hazard details: Stench on Tower corridors ', 'sent', 7, 6, 'GROUP', 0, '2016-08-23 12:07:07', NULL, NULL, NULL, 0),
(1063, 'NEW Hazard', 'A new Hazard has been submitted by rogers. Hazard ID: 230. Hazard details: Stench on Tower corridors ', 'sent', 9, 6, 'GROUP', 0, '2016-08-23 12:07:11', NULL, NULL, NULL, 0),
(1064, 'NEW Hazard', 'A new Hazard has been submitted by rogers. Hazard ID: 230. Hazard details: Stench on Tower corridors ', 'sent', 10, 6, 'GROUP', 0, '2016-08-23 12:07:15', NULL, NULL, NULL, 0),
(1065, 'NEW Hazard', 'A new Hazard has been submitted by rogers. Hazard ID: 230. Hazard details: Stench on Tower corridors ', 'sent', 11, 6, 'GROUP', 0, '2016-08-23 12:07:19', NULL, NULL, NULL, 0),
(1066, 'NEW Hazard', 'A new Hazard has been submitted by rogers. Hazard ID: 230. Hazard details: Stench on Tower corridors ', 'read', 12, 6, 'GROUP', 0, '2016-08-23 12:07:23', NULL, NULL, NULL, 0),
(1067, 'NEW Hazard', 'A new Hazard has been submitted by rogers. Hazard ID: 230. Hazard details: Stench on Tower corridors ', 'sent', 13, 6, 'GROUP', 0, '2016-08-23 12:07:27', NULL, NULL, NULL, 0),
(1068, 'NEW Hazard', 'A new Hazard has been submitted by rogers. Hazard ID: 230. Hazard details: Stench on Tower corridors ', 'read', 6, 6, 'GROUP', 0, '2016-08-23 12:07:35', NULL, NULL, NULL, 0),
(1069, 'Assigned New Icident', 'You have Been Assigned A new Incident #230', 'sent', 12, 2, 'PRIVATE', 0, '2016-08-23 12:08:48', NULL, NULL, NULL, 0),
(1070, 'URGENT!! Investigator Notification', 'You have been assigned as investigator for: Hazard ID: 230. Hazard details: Stench on Tower corridors ', 'read', 12, 2, 'PRIVATE', 1, '2016-08-23 12:08:52', NULL, NULL, NULL, 0),
(1071, 'URGENT!! Hazard Mitigation Implementation Deadline', 'Please be notified that Hazard #11 is set to be reviewed on 2016-02-23. <br /><br />Hazard ID: 11. <br />Hazard Details: A track broke down on the runway. <br />Implementation Details: Tile the floor', 'sent', 1, 0, 'GROUP', 1, '2016-08-23 21:00:46', NULL, NULL, NULL, 0),
(1072, 'URGENT!! Hazard Mitigation Implementation Deadline', 'Please be notified that Hazard #11 is set to be reviewed on 2016-02-23. <br /><br />Hazard ID: 11. <br />Hazard Details: A track broke down on the runway. <br />Implementation Details: Tile the floor', 'sent', 2, 0, 'GROUP', 1, '2016-08-23 21:00:50', NULL, NULL, NULL, 0),
(1073, 'URGENT!! Hazard Mitigation Implementation Deadline', 'Please be notified that Hazard #11 is set to be reviewed on 2016-02-23. <br /><br />Hazard ID: 11. <br />Hazard Details: A track broke down on the runway. <br />Implementation Details: Tile the floor', 'sent', 4, 0, 'GROUP', 1, '2016-08-23 21:00:54', NULL, NULL, NULL, 0),
(1074, 'URGENT!! Hazard Mitigation Implementation Deadline', 'Please be notified that Hazard #11 is set to be reviewed on 2016-02-23. <br /><br />Hazard ID: 11. <br />Hazard Details: A track broke down on the runway. <br />Implementation Details: Tile the floor', 'sent', 5, 0, 'GROUP', 1, '2016-08-23 21:00:58', NULL, NULL, NULL, 0),
(1075, 'URGENT!! Hazard Mitigation Implementation Deadline', 'Please be notified that Hazard #11 is set to be reviewed on 2016-02-23. <br /><br />Hazard ID: 11. <br />Hazard Details: A track broke down on the runway. <br />Implementation Details: Tile the floor', 'sent', 6, 0, 'GROUP', 1, '2016-08-23 21:01:02', NULL, NULL, NULL, 0),
(1076, 'URGENT!! Hazard Mitigation Implementation Deadline', 'Please be notified that Hazard #11 is set to be reviewed on 2016-02-23. <br /><br />Hazard ID: 11. <br />Hazard Details: A track broke down on the runway. <br />Implementation Details: Tile the floor', 'sent', 7, 0, 'GROUP', 1, '2016-08-23 21:01:06', NULL, NULL, NULL, 0),
(1077, 'URGENT!! Hazard Mitigation Implementation Deadline', 'Please be notified that Hazard #11 is set to be reviewed on 2016-02-23. <br /><br />Hazard ID: 11. <br />Hazard Details: A track broke down on the runway. <br />Implementation Details: Tile the floor', 'sent', 9, 0, 'GROUP', 1, '2016-08-23 21:01:10', NULL, NULL, NULL, 0),
(1078, 'URGENT!! Hazard Mitigation Implementation Deadline', 'Please be notified that Hazard #11 is set to be reviewed on 2016-02-23. <br /><br />Hazard ID: 11. <br />Hazard Details: A track broke down on the runway. <br />Implementation Details: Tile the floor', 'sent', 10, 0, 'GROUP', 1, '2016-08-23 21:01:15', NULL, NULL, NULL, 0),
(1079, 'URGENT!! Hazard Mitigation Implementation Deadline', 'Please be notified that Hazard #11 is set to be reviewed on 2016-02-23. <br /><br />Hazard ID: 11. <br />Hazard Details: A track broke down on the runway. <br />Implementation Details: Tile the floor', 'sent', 11, 0, 'GROUP', 1, '2016-08-23 21:01:19', NULL, NULL, NULL, 0),
(1080, 'URGENT!! Hazard Mitigation Implementation Deadline', 'Please be notified that Hazard #11 is set to be reviewed on 2016-02-23. <br /><br />Hazard ID: 11. <br />Hazard Details: A track broke down on the runway. <br />Implementation Details: Tile the floor', 'sent', 12, 0, 'GROUP', 1, '2016-08-23 21:01:23', NULL, NULL, NULL, 0),
(1081, 'URGENT!! Hazard Mitigation Implementation Deadline', 'Please be notified that Hazard #11 is set to be reviewed on 2016-02-23. <br /><br />Hazard ID: 11. <br />Hazard Details: A track broke down on the runway. <br />Implementation Details: Tile the floor', 'sent', 13, 0, 'GROUP', 1, '2016-08-23 21:01:27', NULL, NULL, NULL, 0),
(1082, 'URGENT!! Hazard Mitigation Implementation Deadline', 'Please be notified that Hazard #83 is set to be reviewed on 2016-02-23. <br /><br />Hazard ID: 83. <br />Hazard Details: Trees blocking run way view. <br />Implementation Details: sleeping', 'sent', 1, 0, 'GROUP', 1, '2016-08-23 21:02:15', NULL, NULL, NULL, 0),
(1083, 'URGENT!! Hazard Mitigation Implementation Deadline', 'Please be notified that Hazard #83 is set to be reviewed on 2016-02-23. <br /><br />Hazard ID: 83. <br />Hazard Details: Trees blocking run way view. <br />Implementation Details: sleeping', 'sent', 2, 0, 'GROUP', 1, '2016-08-23 21:02:19', NULL, NULL, NULL, 0),
(1084, 'URGENT!! Hazard Mitigation Implementation Deadline', 'Please be notified that Hazard #83 is set to be reviewed on 2016-02-23. <br /><br />Hazard ID: 83. <br />Hazard Details: Trees blocking run way view. <br />Implementation Details: sleeping', 'sent', 4, 0, 'GROUP', 1, '2016-08-23 21:02:23', NULL, NULL, NULL, 0),
(1085, 'URGENT!! Hazard Mitigation Implementation Deadline', 'Please be notified that Hazard #83 is set to be reviewed on 2016-02-23. <br /><br />Hazard ID: 83. <br />Hazard Details: Trees blocking run way view. <br />Implementation Details: sleeping', 'sent', 5, 0, 'GROUP', 1, '2016-08-23 21:02:27', NULL, NULL, NULL, 0),
(1086, 'URGENT!! Hazard Mitigation Implementation Deadline', 'Please be notified that Hazard #83 is set to be reviewed on 2016-02-23. <br /><br />Hazard ID: 83. <br />Hazard Details: Trees blocking run way view. <br />Implementation Details: sleeping', 'sent', 6, 0, 'GROUP', 1, '2016-08-23 21:02:31', NULL, NULL, NULL, 0),
(1087, 'URGENT!! Hazard Mitigation Implementation Deadline', 'Please be notified that Hazard #83 is set to be reviewed on 2016-02-23. <br /><br />Hazard ID: 83. <br />Hazard Details: Trees blocking run way view. <br />Implementation Details: sleeping', 'sent', 7, 0, 'GROUP', 1, '2016-08-23 21:02:35', NULL, NULL, NULL, 0),
(1088, 'URGENT!! Hazard Mitigation Implementation Deadline', 'Please be notified that Hazard #83 is set to be reviewed on 2016-02-23. <br /><br />Hazard ID: 83. <br />Hazard Details: Trees blocking run way view. <br />Implementation Details: sleeping', 'sent', 9, 0, 'GROUP', 1, '2016-08-23 21:02:39', NULL, NULL, NULL, 0),
(1089, 'URGENT!! Hazard Mitigation Implementation Deadline', 'Please be notified that Hazard #83 is set to be reviewed on 2016-02-23. <br /><br />Hazard ID: 83. <br />Hazard Details: Trees blocking run way view. <br />Implementation Details: sleeping', 'sent', 10, 0, 'GROUP', 1, '2016-08-23 21:02:43', NULL, NULL, NULL, 0),
(1090, 'URGENT!! Hazard Mitigation Implementation Deadline', 'Please be notified that Hazard #83 is set to be reviewed on 2016-02-23. <br /><br />Hazard ID: 83. <br />Hazard Details: Trees blocking run way view. <br />Implementation Details: sleeping', 'sent', 11, 0, 'GROUP', 1, '2016-08-23 21:02:47', NULL, NULL, NULL, 0),
(1091, 'URGENT!! Hazard Mitigation Implementation Deadline', 'Please be notified that Hazard #83 is set to be reviewed on 2016-02-23. <br /><br />Hazard ID: 83. <br />Hazard Details: Trees blocking run way view. <br />Implementation Details: sleeping', 'sent', 12, 0, 'GROUP', 1, '2016-08-23 21:02:51', NULL, NULL, NULL, 0),
(1092, 'URGENT!! Hazard Mitigation Implementation Deadline', 'Please be notified that Hazard #83 is set to be reviewed on 2016-02-23. <br /><br />Hazard ID: 83. <br />Hazard Details: Trees blocking run way view. <br />Implementation Details: sleeping', 'sent', 13, 0, 'GROUP', 1, '2016-08-23 21:02:55', NULL, NULL, NULL, 0),
(1093, 'URGENT!! Hazard Mitigation Implementation Deadline', 'Please be notified that Hazard #222 is set to be reviewed on 2016-08-23. <br /><br />Hazard ID: 222. <br />Hazard Details: Crossing 12/30. <br />Implementation Details: Planned for under Current Budget', 'sent', 1, 0, 'GROUP', 1, '2016-08-23 21:03:42', NULL, NULL, NULL, 0),
(1094, 'URGENT!! Hazard Mitigation Implementation Deadline', 'Please be notified that Hazard #222 is set to be reviewed on 2016-08-23. <br /><br />Hazard ID: 222. <br />Hazard Details: Crossing 12/30. <br />Implementation Details: Planned for under Current Budget', 'sent', 2, 0, 'GROUP', 1, '2016-08-23 21:03:45', NULL, NULL, NULL, 0),
(1095, 'URGENT!! Hazard Mitigation Implementation Deadline', 'Please be notified that Hazard #222 is set to be reviewed on 2016-08-23. <br /><br />Hazard ID: 222. <br />Hazard Details: Crossing 12/30. <br />Implementation Details: Planned for under Current Budget', 'sent', 4, 0, 'GROUP', 1, '2016-08-23 21:03:49', NULL, NULL, NULL, 0),
(1096, 'URGENT!! Hazard Mitigation Implementation Deadline', 'Please be notified that Hazard #222 is set to be reviewed on 2016-08-23. <br /><br />Hazard ID: 222. <br />Hazard Details: Crossing 12/30. <br />Implementation Details: Planned for under Current Budget', 'sent', 5, 0, 'GROUP', 1, '2016-08-23 21:03:53', NULL, NULL, NULL, 0),
(1097, 'URGENT!! Hazard Mitigation Implementation Deadline', 'Please be notified that Hazard #222 is set to be reviewed on 2016-08-23. <br /><br />Hazard ID: 222. <br />Hazard Details: Crossing 12/30. <br />Implementation Details: Planned for under Current Budget', 'read', 6, 0, 'GROUP', 1, '2016-08-23 21:03:57', NULL, NULL, NULL, 0),
(1098, 'URGENT!! Hazard Mitigation Implementation Deadline', 'Please be notified that Hazard #222 is set to be reviewed on 2016-08-23. <br /><br />Hazard ID: 222. <br />Hazard Details: Crossing 12/30. <br />Implementation Details: Planned for under Current Budget', 'sent', 7, 0, 'GROUP', 1, '2016-08-23 21:04:01', NULL, NULL, NULL, 0),
(1099, 'URGENT!! Hazard Mitigation Implementation Deadline', 'Please be notified that Hazard #222 is set to be reviewed on 2016-08-23. <br /><br />Hazard ID: 222. <br />Hazard Details: Crossing 12/30. <br />Implementation Details: Planned for under Current Budget', 'sent', 9, 0, 'GROUP', 1, '2016-08-23 21:04:05', NULL, NULL, NULL, 0),
(1100, 'URGENT!! Hazard Mitigation Implementation Deadline', 'Please be notified that Hazard #222 is set to be reviewed on 2016-08-23. <br /><br />Hazard ID: 222. <br />Hazard Details: Crossing 12/30. <br />Implementation Details: Planned for under Current Budget', 'sent', 10, 0, 'GROUP', 1, '2016-08-23 21:04:09', NULL, NULL, NULL, 0),
(1101, 'URGENT!! Hazard Mitigation Implementation Deadline', 'Please be notified that Hazard #222 is set to be reviewed on 2016-08-23. <br /><br />Hazard ID: 222. <br />Hazard Details: Crossing 12/30. <br />Implementation Details: Planned for under Current Budget', 'sent', 11, 0, 'GROUP', 1, '2016-08-23 21:04:13', NULL, NULL, NULL, 0),
(1102, 'URGENT!! Hazard Mitigation Implementation Deadline', 'Please be notified that Hazard #222 is set to be reviewed on 2016-08-23. <br /><br />Hazard ID: 222. <br />Hazard Details: Crossing 12/30. <br />Implementation Details: Planned for under Current Budget', 'read', 12, 0, 'GROUP', 1, '2016-08-23 21:04:17', NULL, NULL, NULL, 0),
(1103, 'URGENT!! Hazard Mitigation Implementation Deadline', 'Please be notified that Hazard #222 is set to be reviewed on 2016-08-23. <br /><br />Hazard ID: 222. <br />Hazard Details: Crossing 12/30. <br />Implementation Details: Planned for under Current Budget', 'sent', 13, 0, 'GROUP', 1, '2016-08-23 21:04:21', NULL, NULL, NULL, 0),
(1104, 'URGENT!! Hazard Mitigation Implementation Deadline', 'Please be notified that Hazard #46 is set to be reviewed on 2015-09-25. <br /><br />Hazard ID: 46. <br />Hazard Details: licking tank. <br />Implementation Details: Replace tank with new one', 'sent', 1, 0, 'GROUP', 1, '2016-08-24 21:00:50', NULL, NULL, NULL, 0),
(1105, 'URGENT!! Hazard Mitigation Implementation Deadline', 'Please be notified that Hazard #46 is set to be reviewed on 2015-09-25. <br /><br />Hazard ID: 46. <br />Hazard Details: licking tank. <br />Implementation Details: Replace tank with new one', 'sent', 2, 0, 'GROUP', 1, '2016-08-24 21:00:54', NULL, NULL, NULL, 0),
(1106, 'URGENT!! Hazard Mitigation Implementation Deadline', 'Please be notified that Hazard #46 is set to be reviewed on 2015-09-25. <br /><br />Hazard ID: 46. <br />Hazard Details: licking tank. <br />Implementation Details: Replace tank with new one', 'sent', 4, 0, 'GROUP', 1, '2016-08-24 21:00:59', NULL, NULL, NULL, 0),
(1107, 'URGENT!! Hazard Mitigation Implementation Deadline', 'Please be notified that Hazard #46 is set to be reviewed on 2015-09-25. <br /><br />Hazard ID: 46. <br />Hazard Details: licking tank. <br />Implementation Details: Replace tank with new one', 'sent', 5, 0, 'GROUP', 1, '2016-08-24 21:01:02', NULL, NULL, NULL, 0),
(1108, 'URGENT!! Hazard Mitigation Implementation Deadline', 'Please be notified that Hazard #46 is set to be reviewed on 2015-09-25. <br /><br />Hazard ID: 46. <br />Hazard Details: licking tank. <br />Implementation Details: Replace tank with new one', 'sent', 6, 0, 'GROUP', 1, '2016-08-24 21:01:08', NULL, NULL, NULL, 0),
(1109, 'URGENT!! Hazard Mitigation Implementation Deadline', 'Please be notified that Hazard #46 is set to be reviewed on 2015-09-25. <br /><br />Hazard ID: 46. <br />Hazard Details: licking tank. <br />Implementation Details: Replace tank with new one', 'sent', 7, 0, 'GROUP', 1, '2016-08-24 21:01:12', NULL, NULL, NULL, 0),
(1110, 'URGENT!! Hazard Mitigation Implementation Deadline', 'Please be notified that Hazard #46 is set to be reviewed on 2015-09-25. <br /><br />Hazard ID: 46. <br />Hazard Details: licking tank. <br />Implementation Details: Replace tank with new one', 'sent', 9, 0, 'GROUP', 1, '2016-08-24 21:01:16', NULL, NULL, NULL, 0),
(1111, 'URGENT!! Hazard Mitigation Implementation Deadline', 'Please be notified that Hazard #46 is set to be reviewed on 2015-09-25. <br /><br />Hazard ID: 46. <br />Hazard Details: licking tank. <br />Implementation Details: Replace tank with new one', 'sent', 10, 0, 'GROUP', 1, '2016-08-24 21:01:20', NULL, NULL, NULL, 0),
(1112, 'URGENT!! Hazard Mitigation Implementation Deadline', 'Please be notified that Hazard #46 is set to be reviewed on 2015-09-25. <br /><br />Hazard ID: 46. <br />Hazard Details: licking tank. <br />Implementation Details: Replace tank with new one', 'sent', 11, 0, 'GROUP', 1, '2016-08-24 21:01:24', NULL, NULL, NULL, 0),
(1113, 'URGENT!! Hazard Mitigation Implementation Deadline', 'Please be notified that Hazard #46 is set to be reviewed on 2015-09-25. <br /><br />Hazard ID: 46. <br />Hazard Details: licking tank. <br />Implementation Details: Replace tank with new one', 'read', 12, 0, 'GROUP', 1, '2016-08-24 21:01:28', NULL, NULL, NULL, 0),
(1114, 'URGENT!! Hazard Mitigation Implementation Deadline', 'Please be notified that Hazard #46 is set to be reviewed on 2015-09-25. <br /><br />Hazard ID: 46. <br />Hazard Details: licking tank. <br />Implementation Details: Replace tank with new one', 'sent', 13, 0, 'GROUP', 1, '2016-08-24 21:01:32', NULL, NULL, NULL, 0),
(1115, 'Assigned New Icident', 'You have Been Assigned A new Incident #225', 'sent', 1, 12, 'PRIVATE', 0, '2016-08-25 12:23:45', NULL, NULL, NULL, 0),
(1116, 'URGENT!! Investigator Notification', 'You have been assigned as investigator for: Hazard ID: 225. Hazard details: Crossing 12/30', 'sent', 1, 12, 'PRIVATE', 1, '2016-08-25 12:23:50', NULL, NULL, NULL, 0),
(1117, 'URGENT!! Audit Schedule Auditor', 'Please be notified that you have been added as an auditor on Audit Schedule #11.', 'sent', 6, 12, 'PRIVATE', 1, '2016-08-25 14:29:35', NULL, NULL, NULL, 0),
(1118, 'URGENT!! Incident Review', 'Please be notified that Incident #227 is set to be reviewed on 2016-08-25. <br /><br />Incident ID: 227. <br />Details: Crossing 12/30', 'sent', 1, 0, 'GROUP', 1, '2016-08-25 21:00:46', NULL, NULL, NULL, 0),
(1119, 'URGENT!! Incident Review', 'Please be notified that Incident #227 is set to be reviewed on 2016-08-25. <br /><br />Incident ID: 227. <br />Details: Crossing 12/30', 'sent', 2, 0, 'GROUP', 1, '2016-08-25 21:00:50', NULL, NULL, NULL, 0),
(1120, 'URGENT!! Incident Review', 'Please be notified that Incident #227 is set to be reviewed on 2016-08-25. <br /><br />Incident ID: 227. <br />Details: Crossing 12/30', 'sent', 4, 0, 'GROUP', 1, '2016-08-25 21:00:54', NULL, NULL, NULL, 0),
(1121, 'URGENT!! Incident Review', 'Please be notified that Incident #227 is set to be reviewed on 2016-08-25. <br /><br />Incident ID: 227. <br />Details: Crossing 12/30', 'sent', 5, 0, 'GROUP', 1, '2016-08-25 21:00:58', NULL, NULL, NULL, 0),
(1122, 'URGENT!! Incident Review', 'Please be notified that Incident #227 is set to be reviewed on 2016-08-25. <br /><br />Incident ID: 227. <br />Details: Crossing 12/30', 'sent', 6, 0, 'GROUP', 1, '2016-08-25 21:01:01', NULL, NULL, NULL, 0),
(1123, 'URGENT!! Incident Review', 'Please be notified that Incident #227 is set to be reviewed on 2016-08-25. <br /><br />Incident ID: 227. <br />Details: Crossing 12/30', 'sent', 7, 0, 'GROUP', 1, '2016-08-25 21:01:05', NULL, NULL, NULL, 0),
(1124, 'URGENT!! Incident Review', 'Please be notified that Incident #227 is set to be reviewed on 2016-08-25. <br /><br />Incident ID: 227. <br />Details: Crossing 12/30', 'sent', 9, 0, 'GROUP', 1, '2016-08-25 21:01:09', NULL, NULL, NULL, 0),
(1125, 'URGENT!! Incident Review', 'Please be notified that Incident #227 is set to be reviewed on 2016-08-25. <br /><br />Incident ID: 227. <br />Details: Crossing 12/30', 'sent', 10, 0, 'GROUP', 1, '2016-08-25 21:01:13', NULL, NULL, NULL, 0),
(1126, 'URGENT!! Incident Review', 'Please be notified that Incident #227 is set to be reviewed on 2016-08-25. <br /><br />Incident ID: 227. <br />Details: Crossing 12/30', 'sent', 11, 0, 'GROUP', 1, '2016-08-25 21:01:17', NULL, NULL, NULL, 0),
(1127, 'URGENT!! Incident Review', 'Please be notified that Incident #227 is set to be reviewed on 2016-08-25. <br /><br />Incident ID: 227. <br />Details: Crossing 12/30', 'sent', 12, 0, 'GROUP', 1, '2016-08-25 21:01:21', NULL, NULL, NULL, 0),
(1128, 'URGENT!! Incident Review', 'Please be notified that Incident #227 is set to be reviewed on 2016-08-25. <br /><br />Incident ID: 227. <br />Details: Crossing 12/30', 'sent', 13, 0, 'GROUP', 1, '2016-08-25 21:01:24', NULL, NULL, NULL, 0),
(1129, 'URGENT!! Issue Mitigation Implementation Deadline', 'Please be notified that Issue #24 is set to be reviewed on 2015-08-19. <br /><br />Issue ID: 24. <br />Issue Details: A track broke down on the runway. <br />Implementation Details: Replace all plastic material with metal', 'sent', 1, 0, 'GROUP', 1, '2016-08-25 21:02:11', NULL, NULL, NULL, 0),
(1130, 'URGENT!! Issue Mitigation Implementation Deadline', 'Please be notified that Issue #24 is set to be reviewed on 2015-08-19. <br /><br />Issue ID: 24. <br />Issue Details: A track broke down on the runway. <br />Implementation Details: Replace all plastic material with metal', 'sent', 2, 0, 'GROUP', 1, '2016-08-25 21:02:14', NULL, NULL, NULL, 0),
(1131, 'URGENT!! Issue Mitigation Implementation Deadline', 'Please be notified that Issue #24 is set to be reviewed on 2015-08-19. <br /><br />Issue ID: 24. <br />Issue Details: A track broke down on the runway. <br />Implementation Details: Replace all plastic material with metal', 'sent', 4, 0, 'GROUP', 1, '2016-08-25 21:02:18', NULL, NULL, NULL, 0),
(1132, 'URGENT!! Issue Mitigation Implementation Deadline', 'Please be notified that Issue #24 is set to be reviewed on 2015-08-19. <br /><br />Issue ID: 24. <br />Issue Details: A track broke down on the runway. <br />Implementation Details: Replace all plastic material with metal', 'sent', 5, 0, 'GROUP', 1, '2016-08-25 21:02:22', NULL, NULL, NULL, 0),
(1133, 'URGENT!! Issue Mitigation Implementation Deadline', 'Please be notified that Issue #24 is set to be reviewed on 2015-08-19. <br /><br />Issue ID: 24. <br />Issue Details: A track broke down on the runway. <br />Implementation Details: Replace all plastic material with metal', 'sent', 6, 0, 'GROUP', 1, '2016-08-25 21:02:26', NULL, NULL, NULL, 0),
(1134, 'URGENT!! Issue Mitigation Implementation Deadline', 'Please be notified that Issue #24 is set to be reviewed on 2015-08-19. <br /><br />Issue ID: 24. <br />Issue Details: A track broke down on the runway. <br />Implementation Details: Replace all plastic material with metal', 'sent', 7, 0, 'GROUP', 1, '2016-08-25 21:02:30', NULL, NULL, NULL, 0),
(1135, 'URGENT!! Issue Mitigation Implementation Deadline', 'Please be notified that Issue #24 is set to be reviewed on 2015-08-19. <br /><br />Issue ID: 24. <br />Issue Details: A track broke down on the runway. <br />Implementation Details: Replace all plastic material with metal', 'sent', 9, 0, 'GROUP', 1, '2016-08-25 21:02:34', NULL, NULL, NULL, 0),
(1136, 'URGENT!! Issue Mitigation Implementation Deadline', 'Please be notified that Issue #24 is set to be reviewed on 2015-08-19. <br /><br />Issue ID: 24. <br />Issue Details: A track broke down on the runway. <br />Implementation Details: Replace all plastic material with metal', 'sent', 10, 0, 'GROUP', 1, '2016-08-25 21:02:38', NULL, NULL, NULL, 0),
(1137, 'URGENT!! Issue Mitigation Implementation Deadline', 'Please be notified that Issue #24 is set to be reviewed on 2015-08-19. <br /><br />Issue ID: 24. <br />Issue Details: A track broke down on the runway. <br />Implementation Details: Replace all plastic material with metal', 'sent', 11, 0, 'GROUP', 1, '2016-08-25 21:02:42', NULL, NULL, NULL, 0),
(1138, 'URGENT!! Issue Mitigation Implementation Deadline', 'Please be notified that Issue #24 is set to be reviewed on 2015-08-19. <br /><br />Issue ID: 24. <br />Issue Details: A track broke down on the runway. <br />Implementation Details: Replace all plastic material with metal', 'sent', 12, 0, 'GROUP', 1, '2016-08-25 21:02:46', NULL, NULL, NULL, 0),
(1139, 'URGENT!! Issue Mitigation Implementation Deadline', 'Please be notified that Issue #24 is set to be reviewed on 2015-08-19. <br /><br />Issue ID: 24. <br />Issue Details: A track broke down on the runway. <br />Implementation Details: Replace all plastic material with metal', 'sent', 13, 0, 'GROUP', 1, '2016-08-25 21:02:50', NULL, NULL, NULL, 0),
(1140, 'URGENT!! Hazard Mitigation Implementation Deadline', 'Please be notified that Hazard #46 is set to be reviewed on 2015-09-25. <br /><br />Hazard ID: 46. <br />Hazard Details: licking tank. <br />Implementation Details: Replace tank with new one', 'sent', 1, 0, 'GROUP', 1, '2016-08-25 21:03:36', NULL, NULL, NULL, 0),
(1141, 'URGENT!! Hazard Mitigation Implementation Deadline', 'Please be notified that Hazard #46 is set to be reviewed on 2015-09-25. <br /><br />Hazard ID: 46. <br />Hazard Details: licking tank. <br />Implementation Details: Replace tank with new one', 'sent', 2, 0, 'GROUP', 1, '2016-08-25 21:03:40', NULL, NULL, NULL, 0),
(1142, 'URGENT!! Hazard Mitigation Implementation Deadline', 'Please be notified that Hazard #46 is set to be reviewed on 2015-09-25. <br /><br />Hazard ID: 46. <br />Hazard Details: licking tank. <br />Implementation Details: Replace tank with new one', 'sent', 4, 0, 'GROUP', 1, '2016-08-25 21:03:44', NULL, NULL, NULL, 0),
(1143, 'URGENT!! Hazard Mitigation Implementation Deadline', 'Please be notified that Hazard #46 is set to be reviewed on 2015-09-25. <br /><br />Hazard ID: 46. <br />Hazard Details: licking tank. <br />Implementation Details: Replace tank with new one', 'sent', 5, 0, 'GROUP', 1, '2016-08-25 21:03:48', NULL, NULL, NULL, 0),
(1144, 'URGENT!! Hazard Mitigation Implementation Deadline', 'Please be notified that Hazard #46 is set to be reviewed on 2015-09-25. <br /><br />Hazard ID: 46. <br />Hazard Details: licking tank. <br />Implementation Details: Replace tank with new one', 'sent', 6, 0, 'GROUP', 1, '2016-08-25 21:03:52', NULL, NULL, NULL, 0),
(1145, 'URGENT!! Hazard Mitigation Implementation Deadline', 'Please be notified that Hazard #46 is set to be reviewed on 2015-09-25. <br /><br />Hazard ID: 46. <br />Hazard Details: licking tank. <br />Implementation Details: Replace tank with new one', 'sent', 7, 0, 'GROUP', 1, '2016-08-25 21:03:56', NULL, NULL, NULL, 0),
(1146, 'URGENT!! Hazard Mitigation Implementation Deadline', 'Please be notified that Hazard #46 is set to be reviewed on 2015-09-25. <br /><br />Hazard ID: 46. <br />Hazard Details: licking tank. <br />Implementation Details: Replace tank with new one', 'sent', 9, 0, 'GROUP', 1, '2016-08-25 21:03:59', NULL, NULL, NULL, 0),
(1147, 'URGENT!! Hazard Mitigation Implementation Deadline', 'Please be notified that Hazard #46 is set to be reviewed on 2015-09-25. <br /><br />Hazard ID: 46. <br />Hazard Details: licking tank. <br />Implementation Details: Replace tank with new one', 'sent', 10, 0, 'GROUP', 1, '2016-08-25 21:04:03', NULL, NULL, NULL, 0),
(1148, 'URGENT!! Hazard Mitigation Implementation Deadline', 'Please be notified that Hazard #46 is set to be reviewed on 2015-09-25. <br /><br />Hazard ID: 46. <br />Hazard Details: licking tank. <br />Implementation Details: Replace tank with new one', 'sent', 11, 0, 'GROUP', 1, '2016-08-25 21:04:07', NULL, NULL, NULL, 0),
(1149, 'URGENT!! Hazard Mitigation Implementation Deadline', 'Please be notified that Hazard #46 is set to be reviewed on 2015-09-25. <br /><br />Hazard ID: 46. <br />Hazard Details: licking tank. <br />Implementation Details: Replace tank with new one', 'sent', 12, 0, 'GROUP', 1, '2016-08-25 21:04:11', NULL, NULL, NULL, 0),
(1150, 'URGENT!! Hazard Mitigation Implementation Deadline', 'Please be notified that Hazard #46 is set to be reviewed on 2015-09-25. <br /><br />Hazard ID: 46. <br />Hazard Details: licking tank. <br />Implementation Details: Replace tank with new one', 'sent', 13, 0, 'GROUP', 1, '2016-08-25 21:04:15', NULL, NULL, NULL, 0),
(1151, 'URGENT!! Hazard Review', 'Please be notified that Hazard #108 is set to be reviewed on 2016-02-27. <br /><br />Hazard ID: 108. <br />Details: Trees blocking run way view', 'sent', 1, 0, 'GROUP', 1, '2016-08-26 21:00:43', NULL, NULL, NULL, 0),
(1152, 'URGENT!! Hazard Review', 'Please be notified that Hazard #108 is set to be reviewed on 2016-02-27. <br /><br />Hazard ID: 108. <br />Details: Trees blocking run way view', 'sent', 2, 0, 'GROUP', 1, '2016-08-26 21:00:47', NULL, NULL, NULL, 0),
(1153, 'URGENT!! Hazard Review', 'Please be notified that Hazard #108 is set to be reviewed on 2016-02-27. <br /><br />Hazard ID: 108. <br />Details: Trees blocking run way view', 'sent', 4, 0, 'GROUP', 1, '2016-08-26 21:00:51', NULL, NULL, NULL, 0),
(1154, 'URGENT!! Hazard Review', 'Please be notified that Hazard #108 is set to be reviewed on 2016-02-27. <br /><br />Hazard ID: 108. <br />Details: Trees blocking run way view', 'sent', 5, 0, 'GROUP', 1, '2016-08-26 21:00:55', NULL, NULL, NULL, 0),
(1155, 'URGENT!! Hazard Review', 'Please be notified that Hazard #108 is set to be reviewed on 2016-02-27. <br /><br />Hazard ID: 108. <br />Details: Trees blocking run way view', 'sent', 6, 0, 'GROUP', 1, '2016-08-26 21:00:59', NULL, NULL, NULL, 0),
(1156, 'URGENT!! Hazard Review', 'Please be notified that Hazard #108 is set to be reviewed on 2016-02-27. <br /><br />Hazard ID: 108. <br />Details: Trees blocking run way view', 'sent', 7, 0, 'GROUP', 1, '2016-08-26 21:01:02', NULL, NULL, NULL, 0),
(1157, 'URGENT!! Hazard Review', 'Please be notified that Hazard #108 is set to be reviewed on 2016-02-27. <br /><br />Hazard ID: 108. <br />Details: Trees blocking run way view', 'sent', 9, 0, 'GROUP', 1, '2016-08-26 21:01:06', NULL, NULL, NULL, 0),
(1158, 'URGENT!! Hazard Review', 'Please be notified that Hazard #108 is set to be reviewed on 2016-02-27. <br /><br />Hazard ID: 108. <br />Details: Trees blocking run way view', 'sent', 10, 0, 'GROUP', 1, '2016-08-26 21:01:10', NULL, NULL, NULL, 0),
(1159, 'URGENT!! Hazard Review', 'Please be notified that Hazard #108 is set to be reviewed on 2016-02-27. <br /><br />Hazard ID: 108. <br />Details: Trees blocking run way view', 'sent', 11, 0, 'GROUP', 1, '2016-08-26 21:01:14', NULL, NULL, NULL, 0),
(1160, 'URGENT!! Hazard Review', 'Please be notified that Hazard #108 is set to be reviewed on 2016-02-27. <br /><br />Hazard ID: 108. <br />Details: Trees blocking run way view', 'sent', 12, 0, 'GROUP', 1, '2016-08-26 21:01:18', NULL, NULL, NULL, 0),
(1161, 'URGENT!! Hazard Review', 'Please be notified that Hazard #108 is set to be reviewed on 2016-02-27. <br /><br />Hazard ID: 108. <br />Details: Trees blocking run way view', 'sent', 13, 0, 'GROUP', 1, '2016-08-26 21:01:22', NULL, NULL, NULL, 0),
(1162, 'URGENT!! Incident Mitigation Implementation Deadli', 'Please be notified that Incident #10 is set to be reviewed on 2015-07-27. <br /><br />Incident ID: 10. <br />Incident Details: A track broke down on the runway. <br />Implementation Details: Replace floor tiles.', 'sent', 1, 0, 'GROUP', 1, '2016-08-26 21:02:08', NULL, NULL, NULL, 0),
(1163, 'URGENT!! Incident Mitigation Implementation Deadli', 'Please be notified that Incident #10 is set to be reviewed on 2015-07-27. <br /><br />Incident ID: 10. <br />Incident Details: A track broke down on the runway. <br />Implementation Details: Replace floor tiles.', 'sent', 2, 0, 'GROUP', 1, '2016-08-26 21:02:11', NULL, NULL, NULL, 0),
(1164, 'URGENT!! Incident Mitigation Implementation Deadli', 'Please be notified that Incident #10 is set to be reviewed on 2015-07-27. <br /><br />Incident ID: 10. <br />Incident Details: A track broke down on the runway. <br />Implementation Details: Replace floor tiles.', 'sent', 4, 0, 'GROUP', 1, '2016-08-26 21:02:15', NULL, NULL, NULL, 0),
(1165, 'URGENT!! Incident Mitigation Implementation Deadli', 'Please be notified that Incident #10 is set to be reviewed on 2015-07-27. <br /><br />Incident ID: 10. <br />Incident Details: A track broke down on the runway. <br />Implementation Details: Replace floor tiles.', 'sent', 5, 0, 'GROUP', 1, '2016-08-26 21:02:19', NULL, NULL, NULL, 0),
(1166, 'URGENT!! Incident Mitigation Implementation Deadli', 'Please be notified that Incident #10 is set to be reviewed on 2015-07-27. <br /><br />Incident ID: 10. <br />Incident Details: A track broke down on the runway. <br />Implementation Details: Replace floor tiles.', 'sent', 6, 0, 'GROUP', 1, '2016-08-26 21:02:23', NULL, NULL, NULL, 0),
(1167, 'URGENT!! Incident Mitigation Implementation Deadli', 'Please be notified that Incident #10 is set to be reviewed on 2015-07-27. <br /><br />Incident ID: 10. <br />Incident Details: A track broke down on the runway. <br />Implementation Details: Replace floor tiles.', 'sent', 7, 0, 'GROUP', 1, '2016-08-26 21:02:26', NULL, NULL, NULL, 0),
(1168, 'URGENT!! Incident Mitigation Implementation Deadli', 'Please be notified that Incident #10 is set to be reviewed on 2015-07-27. <br /><br />Incident ID: 10. <br />Incident Details: A track broke down on the runway. <br />Implementation Details: Replace floor tiles.', 'sent', 9, 0, 'GROUP', 1, '2016-08-26 21:02:30', NULL, NULL, NULL, 0),
(1169, 'URGENT!! Incident Mitigation Implementation Deadli', 'Please be notified that Incident #10 is set to be reviewed on 2015-07-27. <br /><br />Incident ID: 10. <br />Incident Details: A track broke down on the runway. <br />Implementation Details: Replace floor tiles.', 'sent', 10, 0, 'GROUP', 1, '2016-08-26 21:02:34', NULL, NULL, NULL, 0),
(1170, 'URGENT!! Incident Mitigation Implementation Deadli', 'Please be notified that Incident #10 is set to be reviewed on 2015-07-27. <br /><br />Incident ID: 10. <br />Incident Details: A track broke down on the runway. <br />Implementation Details: Replace floor tiles.', 'sent', 11, 0, 'GROUP', 1, '2016-08-26 21:02:38', NULL, NULL, NULL, 0),
(1171, 'URGENT!! Incident Mitigation Implementation Deadli', 'Please be notified that Incident #10 is set to be reviewed on 2015-07-27. <br /><br />Incident ID: 10. <br />Incident Details: A track broke down on the runway. <br />Implementation Details: Replace floor tiles.', 'sent', 12, 0, 'GROUP', 1, '2016-08-26 21:02:42', NULL, NULL, NULL, 0),
(1172, 'URGENT!! Incident Mitigation Implementation Deadli', 'Please be notified that Incident #10 is set to be reviewed on 2015-07-27. <br /><br />Incident ID: 10. <br />Incident Details: A track broke down on the runway. <br />Implementation Details: Replace floor tiles.', 'sent', 13, 0, 'GROUP', 1, '2016-08-26 21:02:45', NULL, NULL, NULL, 0),
(1173, 'URGENT!! Hazard Mitigation Implementation Deadline', 'Please be notified that Hazard #1 is set to be reviewed on 2015-07-27. <br /><br />Hazard ID: 1. <br />Hazard Details: There is too much heat in tower due lack of airconditioning. This causes headache, low performance and sometimes we get dizzy and feel like faiting. This has gone on for a very long time and it gets worse day by day.. <br />Implementation Details: Replace the air conditioner', 'sent', 1, 0, 'GROUP', 1, '2016-08-26 21:03:32', NULL, NULL, NULL, 0),
(1174, 'URGENT!! Hazard Mitigation Implementation Deadline', 'Please be notified that Hazard #1 is set to be reviewed on 2015-07-27. <br /><br />Hazard ID: 1. <br />Hazard Details: There is too much heat in tower due lack of airconditioning. This causes headache, low performance and sometimes we get dizzy and feel like faiting. This has gone on for a very long time and it gets worse day by day.. <br />Implementation Details: Replace the air conditioner', 'sent', 2, 0, 'GROUP', 1, '2016-08-26 21:03:36', NULL, NULL, NULL, 0),
(1175, 'URGENT!! Hazard Mitigation Implementation Deadline', 'Please be notified that Hazard #1 is set to be reviewed on 2015-07-27. <br /><br />Hazard ID: 1. <br />Hazard Details: There is too much heat in tower due lack of airconditioning. This causes headache, low performance and sometimes we get dizzy and feel like faiting. This has gone on for a very long time and it gets worse day by day.. <br />Implementation Details: Replace the air conditioner', 'sent', 4, 0, 'GROUP', 1, '2016-08-26 21:03:40', NULL, NULL, NULL, 0),
(1176, 'URGENT!! Hazard Mitigation Implementation Deadline', 'Please be notified that Hazard #1 is set to be reviewed on 2015-07-27. <br /><br />Hazard ID: 1. <br />Hazard Details: There is too much heat in tower due lack of airconditioning. This causes headache, low performance and sometimes we get dizzy and feel like faiting. This has gone on for a very long time and it gets worse day by day.. <br />Implementation Details: Replace the air conditioner', 'sent', 5, 0, 'GROUP', 1, '2016-08-26 21:03:43', NULL, NULL, NULL, 0),
(1177, 'URGENT!! Hazard Mitigation Implementation Deadline', 'Please be notified that Hazard #1 is set to be reviewed on 2015-07-27. <br /><br />Hazard ID: 1. <br />Hazard Details: There is too much heat in tower due lack of airconditioning. This causes headache, low performance and sometimes we get dizzy and feel like faiting. This has gone on for a very long time and it gets worse day by day.. <br />Implementation Details: Replace the air conditioner', 'sent', 6, 0, 'GROUP', 1, '2016-08-26 21:03:47', NULL, NULL, NULL, 0),
(1178, 'URGENT!! Hazard Mitigation Implementation Deadline', 'Please be notified that Hazard #1 is set to be reviewed on 2015-07-27. <br /><br />Hazard ID: 1. <br />Hazard Details: There is too much heat in tower due lack of airconditioning. This causes headache, low performance and sometimes we get dizzy and feel like faiting. This has gone on for a very long time and it gets worse day by day.. <br />Implementation Details: Replace the air conditioner', 'sent', 7, 0, 'GROUP', 1, '2016-08-26 21:03:52', NULL, NULL, NULL, 0),
(1179, 'URGENT!! Hazard Mitigation Implementation Deadline', 'Please be notified that Hazard #1 is set to be reviewed on 2015-07-27. <br /><br />Hazard ID: 1. <br />Hazard Details: There is too much heat in tower due lack of airconditioning. This causes headache, low performance and sometimes we get dizzy and feel like faiting. This has gone on for a very long time and it gets worse day by day.. <br />Implementation Details: Replace the air conditioner', 'sent', 9, 0, 'GROUP', 1, '2016-08-26 21:03:56', NULL, NULL, NULL, 0),
(1180, 'URGENT!! Hazard Mitigation Implementation Deadline', 'Please be notified that Hazard #1 is set to be reviewed on 2015-07-27. <br /><br />Hazard ID: 1. <br />Hazard Details: There is too much heat in tower due lack of airconditioning. This causes headache, low performance and sometimes we get dizzy and feel like faiting. This has gone on for a very long time and it gets worse day by day.. <br />Implementation Details: Replace the air conditioner', 'sent', 10, 0, 'GROUP', 1, '2016-08-26 21:04:00', NULL, NULL, NULL, 0),
(1181, 'URGENT!! Hazard Mitigation Implementation Deadline', 'Please be notified that Hazard #1 is set to be reviewed on 2015-07-27. <br /><br />Hazard ID: 1. <br />Hazard Details: There is too much heat in tower due lack of airconditioning. This causes headache, low performance and sometimes we get dizzy and feel like faiting. This has gone on for a very long time and it gets worse day by day.. <br />Implementation Details: Replace the air conditioner', 'sent', 11, 0, 'GROUP', 1, '2016-08-26 21:04:03', NULL, NULL, NULL, 0),
(1182, 'URGENT!! Hazard Mitigation Implementation Deadline', 'Please be notified that Hazard #1 is set to be reviewed on 2015-07-27. <br /><br />Hazard ID: 1. <br />Hazard Details: There is too much heat in tower due lack of airconditioning. This causes headache, low performance and sometimes we get dizzy and feel like faiting. This has gone on for a very long time and it gets worse day by day.. <br />Implementation Details: Replace the air conditioner', 'sent', 12, 0, 'GROUP', 1, '2016-08-26 21:04:07', NULL, NULL, NULL, 0),
(1183, 'URGENT!! Hazard Mitigation Implementation Deadline', 'Please be notified that Hazard #1 is set to be reviewed on 2015-07-27. <br /><br />Hazard ID: 1. <br />Hazard Details: There is too much heat in tower due lack of airconditioning. This causes headache, low performance and sometimes we get dizzy and feel like faiting. This has gone on for a very long time and it gets worse day by day.. <br />Implementation Details: Replace the air conditioner', 'sent', 13, 0, 'GROUP', 1, '2016-08-26 21:04:11', NULL, NULL, NULL, 0),
(1184, 'URGENT!! Issue Mitigation Implementation Deadline', 'Please be notified that Issue #214 is set to be reviewed on 2016-07-27. <br /><br />Issue ID: 214. <br />Issue Details: Broken glass in waiting hall way. <br />Implementation Details: Replace tile floors with something more rough', 'sent', 1, 0, 'GROUP', 1, '2016-08-26 21:05:00', NULL, NULL, NULL, 0),
(1185, 'URGENT!! Issue Mitigation Implementation Deadline', 'Please be notified that Issue #214 is set to be reviewed on 2016-07-27. <br /><br />Issue ID: 214. <br />Issue Details: Broken glass in waiting hall way. <br />Implementation Details: Replace tile floors with something more rough', 'sent', 2, 0, 'GROUP', 1, '2016-08-26 21:05:03', NULL, NULL, NULL, 0),
(1186, 'URGENT!! Issue Mitigation Implementation Deadline', 'Please be notified that Issue #214 is set to be reviewed on 2016-07-27. <br /><br />Issue ID: 214. <br />Issue Details: Broken glass in waiting hall way. <br />Implementation Details: Replace tile floors with something more rough', 'sent', 4, 0, 'GROUP', 1, '2016-08-26 21:05:07', NULL, NULL, NULL, 0),
(1187, 'URGENT!! Issue Mitigation Implementation Deadline', 'Please be notified that Issue #214 is set to be reviewed on 2016-07-27. <br /><br />Issue ID: 214. <br />Issue Details: Broken glass in waiting hall way. <br />Implementation Details: Replace tile floors with something more rough', 'sent', 5, 0, 'GROUP', 1, '2016-08-26 21:05:11', NULL, NULL, NULL, 0),
(1188, 'URGENT!! Issue Mitigation Implementation Deadline', 'Please be notified that Issue #214 is set to be reviewed on 2016-07-27. <br /><br />Issue ID: 214. <br />Issue Details: Broken glass in waiting hall way. <br />Implementation Details: Replace tile floors with something more rough', 'sent', 6, 0, 'GROUP', 1, '2016-08-26 21:05:15', NULL, NULL, NULL, 0),
(1189, 'URGENT!! Issue Mitigation Implementation Deadline', 'Please be notified that Issue #214 is set to be reviewed on 2016-07-27. <br /><br />Issue ID: 214. <br />Issue Details: Broken glass in waiting hall way. <br />Implementation Details: Replace tile floors with something more rough', 'sent', 7, 0, 'GROUP', 1, '2016-08-26 21:05:19', NULL, NULL, NULL, 0),
(1190, 'URGENT!! Issue Mitigation Implementation Deadline', 'Please be notified that Issue #214 is set to be reviewed on 2016-07-27. <br /><br />Issue ID: 214. <br />Issue Details: Broken glass in waiting hall way. <br />Implementation Details: Replace tile floors with something more rough', 'sent', 9, 0, 'GROUP', 1, '2016-08-26 21:05:23', NULL, NULL, NULL, 0),
(1191, 'URGENT!! Issue Mitigation Implementation Deadline', 'Please be notified that Issue #214 is set to be reviewed on 2016-07-27. <br /><br />Issue ID: 214. <br />Issue Details: Broken glass in waiting hall way. <br />Implementation Details: Replace tile floors with something more rough', 'sent', 10, 0, 'GROUP', 1, '2016-08-26 21:05:27', NULL, NULL, NULL, 0),
(1192, 'URGENT!! Issue Mitigation Implementation Deadline', 'Please be notified that Issue #214 is set to be reviewed on 2016-07-27. <br /><br />Issue ID: 214. <br />Issue Details: Broken glass in waiting hall way. <br />Implementation Details: Replace tile floors with something more rough', 'sent', 11, 0, 'GROUP', 1, '2016-08-26 21:05:31', NULL, NULL, NULL, 0),
(1193, 'URGENT!! Issue Mitigation Implementation Deadline', 'Please be notified that Issue #214 is set to be reviewed on 2016-07-27. <br /><br />Issue ID: 214. <br />Issue Details: Broken glass in waiting hall way. <br />Implementation Details: Replace tile floors with something more rough', 'sent', 12, 0, 'GROUP', 1, '2016-08-26 21:05:35', NULL, NULL, NULL, 0),
(1194, 'URGENT!! Issue Mitigation Implementation Deadline', 'Please be notified that Issue #214 is set to be reviewed on 2016-07-27. <br /><br />Issue ID: 214. <br />Issue Details: Broken glass in waiting hall way. <br />Implementation Details: Replace tile floors with something more rough', 'sent', 13, 0, 'GROUP', 1, '2016-08-26 21:05:39', NULL, NULL, NULL, 0),
(1195, 'URGENT!! Hazard Review', 'Please be notified that Hazard #108 is set to be reviewed on 2016-02-27. <br /><br />Hazard ID: 108. <br />Details: Trees blocking run way view', 'sent', 1, 0, 'GROUP', 1, '2016-08-27 21:00:44', NULL, NULL, NULL, 0),
(1196, 'URGENT!! Hazard Review', 'Please be notified that Hazard #108 is set to be reviewed on 2016-02-27. <br /><br />Hazard ID: 108. <br />Details: Trees blocking run way view', 'sent', 2, 0, 'GROUP', 1, '2016-08-27 21:00:48', NULL, NULL, NULL, 0),
(1197, 'URGENT!! Hazard Review', 'Please be notified that Hazard #108 is set to be reviewed on 2016-02-27. <br /><br />Hazard ID: 108. <br />Details: Trees blocking run way view', 'sent', 4, 0, 'GROUP', 1, '2016-08-27 21:00:51', NULL, NULL, NULL, 0),
(1198, 'URGENT!! Hazard Review', 'Please be notified that Hazard #108 is set to be reviewed on 2016-02-27. <br /><br />Hazard ID: 108. <br />Details: Trees blocking run way view', 'sent', 5, 0, 'GROUP', 1, '2016-08-27 21:00:55', NULL, NULL, NULL, 0),
(1199, 'URGENT!! Hazard Review', 'Please be notified that Hazard #108 is set to be reviewed on 2016-02-27. <br /><br />Hazard ID: 108. <br />Details: Trees blocking run way view', 'sent', 6, 0, 'GROUP', 1, '2016-08-27 21:00:59', NULL, NULL, NULL, 0),
(1200, 'URGENT!! Hazard Review', 'Please be notified that Hazard #108 is set to be reviewed on 2016-02-27. <br /><br />Hazard ID: 108. <br />Details: Trees blocking run way view', 'sent', 7, 0, 'GROUP', 1, '2016-08-27 21:01:03', NULL, NULL, NULL, 0),
(1201, 'URGENT!! Hazard Review', 'Please be notified that Hazard #108 is set to be reviewed on 2016-02-27. <br /><br />Hazard ID: 108. <br />Details: Trees blocking run way view', 'sent', 9, 0, 'GROUP', 1, '2016-08-27 21:01:07', NULL, NULL, NULL, 0),
(1202, 'URGENT!! Hazard Review', 'Please be notified that Hazard #108 is set to be reviewed on 2016-02-27. <br /><br />Hazard ID: 108. <br />Details: Trees blocking run way view', 'sent', 10, 0, 'GROUP', 1, '2016-08-27 21:01:11', NULL, NULL, NULL, 0),
(1203, 'URGENT!! Hazard Review', 'Please be notified that Hazard #108 is set to be reviewed on 2016-02-27. <br /><br />Hazard ID: 108. <br />Details: Trees blocking run way view', 'sent', 11, 0, 'GROUP', 1, '2016-08-27 21:01:15', NULL, NULL, NULL, 0),
(1204, 'URGENT!! Hazard Review', 'Please be notified that Hazard #108 is set to be reviewed on 2016-02-27. <br /><br />Hazard ID: 108. <br />Details: Trees blocking run way view', 'sent', 12, 0, 'GROUP', 1, '2016-08-27 21:01:18', NULL, NULL, NULL, 0),
(1205, 'URGENT!! Hazard Review', 'Please be notified that Hazard #108 is set to be reviewed on 2016-02-27. <br /><br />Hazard ID: 108. <br />Details: Trees blocking run way view', 'sent', 13, 0, 'GROUP', 1, '2016-08-27 21:01:22', NULL, NULL, NULL, 0),
(1206, 'URGENT!! Hazard Review', 'Please be notified that Hazard #126 is set to be reviewed on 2016-06-28. <br /><br />Hazard ID: 126. <br />Details: Explosion in server room', 'sent', 1, 0, 'GROUP', 1, '2016-08-27 21:02:08', NULL, NULL, NULL, 0),
(1207, 'URGENT!! Hazard Review', 'Please be notified that Hazard #126 is set to be reviewed on 2016-06-28. <br /><br />Hazard ID: 126. <br />Details: Explosion in server room', 'sent', 2, 0, 'GROUP', 1, '2016-08-27 21:02:12', NULL, NULL, NULL, 0),
(1208, 'URGENT!! Hazard Review', 'Please be notified that Hazard #126 is set to be reviewed on 2016-06-28. <br /><br />Hazard ID: 126. <br />Details: Explosion in server room', 'sent', 4, 0, 'GROUP', 1, '2016-08-27 21:02:16', NULL, NULL, NULL, 0),
(1209, 'URGENT!! Hazard Review', 'Please be notified that Hazard #126 is set to be reviewed on 2016-06-28. <br /><br />Hazard ID: 126. <br />Details: Explosion in server room', 'sent', 5, 0, 'GROUP', 1, '2016-08-27 21:02:20', NULL, NULL, NULL, 0);
INSERT INTO `notifications` (`id`, `subject`, `description`, `status`, `user`, `user_from`, `type`, `urgent`, `date_created`, `target_group`, `current_user`, `current_user_id`, `acknowledge`) VALUES
(1210, 'URGENT!! Hazard Review', 'Please be notified that Hazard #126 is set to be reviewed on 2016-06-28. <br /><br />Hazard ID: 126. <br />Details: Explosion in server room', 'sent', 6, 0, 'GROUP', 1, '2016-08-27 21:02:23', NULL, NULL, NULL, 0),
(1211, 'URGENT!! Hazard Review', 'Please be notified that Hazard #126 is set to be reviewed on 2016-06-28. <br /><br />Hazard ID: 126. <br />Details: Explosion in server room', 'sent', 7, 0, 'GROUP', 1, '2016-08-27 21:02:27', NULL, NULL, NULL, 0),
(1212, 'URGENT!! Hazard Review', 'Please be notified that Hazard #126 is set to be reviewed on 2016-06-28. <br /><br />Hazard ID: 126. <br />Details: Explosion in server room', 'sent', 9, 0, 'GROUP', 1, '2016-08-27 21:02:31', NULL, NULL, NULL, 0),
(1213, 'URGENT!! Hazard Review', 'Please be notified that Hazard #126 is set to be reviewed on 2016-06-28. <br /><br />Hazard ID: 126. <br />Details: Explosion in server room', 'sent', 10, 0, 'GROUP', 1, '2016-08-27 21:02:35', NULL, NULL, NULL, 0),
(1214, 'URGENT!! Hazard Review', 'Please be notified that Hazard #126 is set to be reviewed on 2016-06-28. <br /><br />Hazard ID: 126. <br />Details: Explosion in server room', 'sent', 11, 0, 'GROUP', 1, '2016-08-27 21:02:39', NULL, NULL, NULL, 0),
(1215, 'URGENT!! Hazard Review', 'Please be notified that Hazard #126 is set to be reviewed on 2016-06-28. <br /><br />Hazard ID: 126. <br />Details: Explosion in server room', 'sent', 12, 0, 'GROUP', 1, '2016-08-27 21:02:43', NULL, NULL, NULL, 0),
(1216, 'URGENT!! Hazard Review', 'Please be notified that Hazard #126 is set to be reviewed on 2016-06-28. <br /><br />Hazard ID: 126. <br />Details: Explosion in server room', 'sent', 13, 0, 'GROUP', 1, '2016-08-27 21:02:46', NULL, NULL, NULL, 0),
(1217, 'URGENT!! Hazard Review', 'Please be notified that Hazard #222 is set to be reviewed on 2016-09-29. <br /><br />Hazard ID: 222. <br />Details: Crossing 12/30', 'sent', 1, 0, 'GROUP', 1, '2016-08-27 21:03:32', NULL, NULL, NULL, 0),
(1218, 'URGENT!! Hazard Review', 'Please be notified that Hazard #222 is set to be reviewed on 2016-09-29. <br /><br />Hazard ID: 222. <br />Details: Crossing 12/30', 'sent', 2, 0, 'GROUP', 1, '2016-08-27 21:03:36', NULL, NULL, NULL, 0),
(1219, 'URGENT!! Hazard Review', 'Please be notified that Hazard #222 is set to be reviewed on 2016-09-29. <br /><br />Hazard ID: 222. <br />Details: Crossing 12/30', 'sent', 4, 0, 'GROUP', 1, '2016-08-27 21:03:40', NULL, NULL, NULL, 0),
(1220, 'URGENT!! Hazard Review', 'Please be notified that Hazard #222 is set to be reviewed on 2016-09-29. <br /><br />Hazard ID: 222. <br />Details: Crossing 12/30', 'sent', 5, 0, 'GROUP', 1, '2016-08-27 21:03:44', NULL, NULL, NULL, 0),
(1221, 'URGENT!! Hazard Review', 'Please be notified that Hazard #222 is set to be reviewed on 2016-09-29. <br /><br />Hazard ID: 222. <br />Details: Crossing 12/30', 'sent', 6, 0, 'GROUP', 1, '2016-08-27 21:03:47', NULL, NULL, NULL, 0),
(1222, 'URGENT!! Hazard Review', 'Please be notified that Hazard #222 is set to be reviewed on 2016-09-29. <br /><br />Hazard ID: 222. <br />Details: Crossing 12/30', 'sent', 7, 0, 'GROUP', 1, '2016-08-27 21:03:51', NULL, NULL, NULL, 0),
(1223, 'URGENT!! Hazard Review', 'Please be notified that Hazard #222 is set to be reviewed on 2016-09-29. <br /><br />Hazard ID: 222. <br />Details: Crossing 12/30', 'sent', 9, 0, 'GROUP', 1, '2016-08-27 21:03:55', NULL, NULL, NULL, 0),
(1224, 'URGENT!! Hazard Review', 'Please be notified that Hazard #222 is set to be reviewed on 2016-09-29. <br /><br />Hazard ID: 222. <br />Details: Crossing 12/30', 'sent', 10, 0, 'GROUP', 1, '2016-08-27 21:03:59', NULL, NULL, NULL, 0),
(1225, 'URGENT!! Hazard Review', 'Please be notified that Hazard #222 is set to be reviewed on 2016-09-29. <br /><br />Hazard ID: 222. <br />Details: Crossing 12/30', 'sent', 11, 0, 'GROUP', 1, '2016-08-27 21:04:03', NULL, NULL, NULL, 0),
(1226, 'URGENT!! Hazard Review', 'Please be notified that Hazard #222 is set to be reviewed on 2016-09-29. <br /><br />Hazard ID: 222. <br />Details: Crossing 12/30', 'sent', 12, 0, 'GROUP', 1, '2016-08-27 21:04:07', NULL, NULL, NULL, 0),
(1227, 'URGENT!! Hazard Review', 'Please be notified that Hazard #222 is set to be reviewed on 2016-09-29. <br /><br />Hazard ID: 222. <br />Details: Crossing 12/30', 'sent', 13, 0, 'GROUP', 1, '2016-08-27 21:04:11', NULL, NULL, NULL, 0),
(1228, 'URGENT!! Hazard Mitigation Implementation Deadline', 'Please be notified that Hazard #11 is set to be reviewed on 2016-02-21. <br /><br />Hazard ID: 11. <br />Hazard Details: A track broke down on the runway. <br />Implementation Details: Stop using trolleys', 'sent', 1, 0, 'GROUP', 1, '2016-08-27 21:04:57', NULL, NULL, NULL, 0),
(1229, 'URGENT!! Hazard Mitigation Implementation Deadline', 'Please be notified that Hazard #11 is set to be reviewed on 2016-02-21. <br /><br />Hazard ID: 11. <br />Hazard Details: A track broke down on the runway. <br />Implementation Details: Stop using trolleys', 'sent', 2, 0, 'GROUP', 1, '2016-08-27 21:05:01', NULL, NULL, NULL, 0),
(1230, 'URGENT!! Hazard Mitigation Implementation Deadline', 'Please be notified that Hazard #11 is set to be reviewed on 2016-02-21. <br /><br />Hazard ID: 11. <br />Hazard Details: A track broke down on the runway. <br />Implementation Details: Stop using trolleys', 'sent', 4, 0, 'GROUP', 1, '2016-08-27 21:05:05', NULL, NULL, NULL, 0),
(1231, 'URGENT!! Hazard Mitigation Implementation Deadline', 'Please be notified that Hazard #11 is set to be reviewed on 2016-02-21. <br /><br />Hazard ID: 11. <br />Hazard Details: A track broke down on the runway. <br />Implementation Details: Stop using trolleys', 'sent', 5, 0, 'GROUP', 1, '2016-08-27 21:05:09', NULL, NULL, NULL, 0),
(1232, 'URGENT!! Hazard Mitigation Implementation Deadline', 'Please be notified that Hazard #11 is set to be reviewed on 2016-02-21. <br /><br />Hazard ID: 11. <br />Hazard Details: A track broke down on the runway. <br />Implementation Details: Stop using trolleys', 'sent', 6, 0, 'GROUP', 1, '2016-08-27 21:05:13', NULL, NULL, NULL, 0),
(1233, 'URGENT!! Hazard Mitigation Implementation Deadline', 'Please be notified that Hazard #11 is set to be reviewed on 2016-02-21. <br /><br />Hazard ID: 11. <br />Hazard Details: A track broke down on the runway. <br />Implementation Details: Stop using trolleys', 'sent', 7, 0, 'GROUP', 1, '2016-08-27 21:05:16', NULL, NULL, NULL, 0),
(1234, 'URGENT!! Hazard Mitigation Implementation Deadline', 'Please be notified that Hazard #11 is set to be reviewed on 2016-02-21. <br /><br />Hazard ID: 11. <br />Hazard Details: A track broke down on the runway. <br />Implementation Details: Stop using trolleys', 'sent', 9, 0, 'GROUP', 1, '2016-08-27 21:05:20', NULL, NULL, NULL, 0),
(1235, 'URGENT!! Hazard Mitigation Implementation Deadline', 'Please be notified that Hazard #11 is set to be reviewed on 2016-02-21. <br /><br />Hazard ID: 11. <br />Hazard Details: A track broke down on the runway. <br />Implementation Details: Stop using trolleys', 'sent', 10, 0, 'GROUP', 1, '2016-08-27 21:05:24', NULL, NULL, NULL, 0),
(1236, 'URGENT!! Hazard Mitigation Implementation Deadline', 'Please be notified that Hazard #11 is set to be reviewed on 2016-02-21. <br /><br />Hazard ID: 11. <br />Hazard Details: A track broke down on the runway. <br />Implementation Details: Stop using trolleys', 'sent', 11, 0, 'GROUP', 1, '2016-08-27 21:05:28', NULL, NULL, NULL, 0),
(1237, 'URGENT!! Hazard Mitigation Implementation Deadline', 'Please be notified that Hazard #11 is set to be reviewed on 2016-02-21. <br /><br />Hazard ID: 11. <br />Hazard Details: A track broke down on the runway. <br />Implementation Details: Stop using trolleys', 'sent', 12, 0, 'GROUP', 1, '2016-08-27 21:05:32', NULL, NULL, NULL, 0),
(1238, 'URGENT!! Hazard Mitigation Implementation Deadline', 'Please be notified that Hazard #11 is set to be reviewed on 2016-02-21. <br /><br />Hazard ID: 11. <br />Hazard Details: A track broke down on the runway. <br />Implementation Details: Stop using trolleys', 'sent', 13, 0, 'GROUP', 1, '2016-08-27 21:05:36', NULL, NULL, NULL, 0),
(1239, 'URGENT!! Incident Mitigation Implementation Deadli', 'Please be notified that Incident #10 is set to be reviewed on 2015-07-27. <br /><br />Incident ID: 10. <br />Incident Details: A track broke down on the runway. <br />Implementation Details: Replace floor tiles.', 'sent', 1, 0, 'GROUP', 1, '2016-08-27 21:06:21', NULL, NULL, NULL, 0),
(1240, 'URGENT!! Incident Mitigation Implementation Deadli', 'Please be notified that Incident #10 is set to be reviewed on 2015-07-27. <br /><br />Incident ID: 10. <br />Incident Details: A track broke down on the runway. <br />Implementation Details: Replace floor tiles.', 'sent', 2, 0, 'GROUP', 1, '2016-08-27 21:06:25', NULL, NULL, NULL, 0),
(1241, 'URGENT!! Incident Mitigation Implementation Deadli', 'Please be notified that Incident #10 is set to be reviewed on 2015-07-27. <br /><br />Incident ID: 10. <br />Incident Details: A track broke down on the runway. <br />Implementation Details: Replace floor tiles.', 'sent', 4, 0, 'GROUP', 1, '2016-08-27 21:06:29', NULL, NULL, NULL, 0),
(1242, 'URGENT!! Incident Mitigation Implementation Deadli', 'Please be notified that Incident #10 is set to be reviewed on 2015-07-27. <br /><br />Incident ID: 10. <br />Incident Details: A track broke down on the runway. <br />Implementation Details: Replace floor tiles.', 'sent', 5, 0, 'GROUP', 1, '2016-08-27 21:06:33', NULL, NULL, NULL, 0),
(1243, 'URGENT!! Incident Mitigation Implementation Deadli', 'Please be notified that Incident #10 is set to be reviewed on 2015-07-27. <br /><br />Incident ID: 10. <br />Incident Details: A track broke down on the runway. <br />Implementation Details: Replace floor tiles.', 'sent', 6, 0, 'GROUP', 1, '2016-08-27 21:06:37', NULL, NULL, NULL, 0),
(1244, 'URGENT!! Incident Mitigation Implementation Deadli', 'Please be notified that Incident #10 is set to be reviewed on 2015-07-27. <br /><br />Incident ID: 10. <br />Incident Details: A track broke down on the runway. <br />Implementation Details: Replace floor tiles.', 'sent', 7, 0, 'GROUP', 1, '2016-08-27 21:06:40', NULL, NULL, NULL, 0),
(1245, 'URGENT!! Incident Mitigation Implementation Deadli', 'Please be notified that Incident #10 is set to be reviewed on 2015-07-27. <br /><br />Incident ID: 10. <br />Incident Details: A track broke down on the runway. <br />Implementation Details: Replace floor tiles.', 'sent', 9, 0, 'GROUP', 1, '2016-08-27 21:06:44', NULL, NULL, NULL, 0),
(1246, 'URGENT!! Incident Mitigation Implementation Deadli', 'Please be notified that Incident #10 is set to be reviewed on 2015-07-27. <br /><br />Incident ID: 10. <br />Incident Details: A track broke down on the runway. <br />Implementation Details: Replace floor tiles.', 'sent', 10, 0, 'GROUP', 1, '2016-08-27 21:06:48', NULL, NULL, NULL, 0),
(1247, 'URGENT!! Incident Mitigation Implementation Deadli', 'Please be notified that Incident #10 is set to be reviewed on 2015-07-27. <br /><br />Incident ID: 10. <br />Incident Details: A track broke down on the runway. <br />Implementation Details: Replace floor tiles.', 'sent', 11, 0, 'GROUP', 1, '2016-08-27 21:06:52', NULL, NULL, NULL, 0),
(1248, 'URGENT!! Incident Mitigation Implementation Deadli', 'Please be notified that Incident #10 is set to be reviewed on 2015-07-27. <br /><br />Incident ID: 10. <br />Incident Details: A track broke down on the runway. <br />Implementation Details: Replace floor tiles.', 'sent', 12, 0, 'GROUP', 1, '2016-08-27 21:06:56', NULL, NULL, NULL, 0),
(1249, 'URGENT!! Incident Mitigation Implementation Deadli', 'Please be notified that Incident #10 is set to be reviewed on 2015-07-27. <br /><br />Incident ID: 10. <br />Incident Details: A track broke down on the runway. <br />Implementation Details: Replace floor tiles.', 'sent', 13, 0, 'GROUP', 1, '2016-08-27 21:07:00', NULL, NULL, NULL, 0),
(1250, 'URGENT!! Hazard Mitigation Implementation Deadline', 'Please be notified that Hazard #1 is set to be reviewed on 2015-07-27. <br /><br />Hazard ID: 1. <br />Hazard Details: There is too much heat in tower due lack of airconditioning. This causes headache, low performance and sometimes we get dizzy and feel like faiting. This has gone on for a very long time and it gets worse day by day.. <br />Implementation Details: Replace the air conditioner', 'sent', 1, 0, 'GROUP', 1, '2016-08-27 21:07:47', NULL, NULL, NULL, 0),
(1251, 'URGENT!! Hazard Mitigation Implementation Deadline', 'Please be notified that Hazard #1 is set to be reviewed on 2015-07-27. <br /><br />Hazard ID: 1. <br />Hazard Details: There is too much heat in tower due lack of airconditioning. This causes headache, low performance and sometimes we get dizzy and feel like faiting. This has gone on for a very long time and it gets worse day by day.. <br />Implementation Details: Replace the air conditioner', 'sent', 2, 0, 'GROUP', 1, '2016-08-27 21:07:50', NULL, NULL, NULL, 0),
(1252, 'URGENT!! Hazard Mitigation Implementation Deadline', 'Please be notified that Hazard #1 is set to be reviewed on 2015-07-27. <br /><br />Hazard ID: 1. <br />Hazard Details: There is too much heat in tower due lack of airconditioning. This causes headache, low performance and sometimes we get dizzy and feel like faiting. This has gone on for a very long time and it gets worse day by day.. <br />Implementation Details: Replace the air conditioner', 'sent', 4, 0, 'GROUP', 1, '2016-08-27 21:07:55', NULL, NULL, NULL, 0),
(1253, 'URGENT!! Hazard Mitigation Implementation Deadline', 'Please be notified that Hazard #1 is set to be reviewed on 2015-07-27. <br /><br />Hazard ID: 1. <br />Hazard Details: There is too much heat in tower due lack of airconditioning. This causes headache, low performance and sometimes we get dizzy and feel like faiting. This has gone on for a very long time and it gets worse day by day.. <br />Implementation Details: Replace the air conditioner', 'sent', 5, 0, 'GROUP', 1, '2016-08-27 21:07:58', NULL, NULL, NULL, 0),
(1254, 'URGENT!! Hazard Mitigation Implementation Deadline', 'Please be notified that Hazard #1 is set to be reviewed on 2015-07-27. <br /><br />Hazard ID: 1. <br />Hazard Details: There is too much heat in tower due lack of airconditioning. This causes headache, low performance and sometimes we get dizzy and feel like faiting. This has gone on for a very long time and it gets worse day by day.. <br />Implementation Details: Replace the air conditioner', 'read', 6, 0, 'GROUP', 1, '2016-08-27 21:08:02', NULL, NULL, NULL, 0),
(1255, 'URGENT!! Hazard Mitigation Implementation Deadline', 'Please be notified that Hazard #1 is set to be reviewed on 2015-07-27. <br /><br />Hazard ID: 1. <br />Hazard Details: There is too much heat in tower due lack of airconditioning. This causes headache, low performance and sometimes we get dizzy and feel like faiting. This has gone on for a very long time and it gets worse day by day.. <br />Implementation Details: Replace the air conditioner', 'sent', 7, 0, 'GROUP', 1, '2016-08-27 21:08:06', NULL, NULL, NULL, 0),
(1256, 'URGENT!! Hazard Mitigation Implementation Deadline', 'Please be notified that Hazard #1 is set to be reviewed on 2015-07-27. <br /><br />Hazard ID: 1. <br />Hazard Details: There is too much heat in tower due lack of airconditioning. This causes headache, low performance and sometimes we get dizzy and feel like faiting. This has gone on for a very long time and it gets worse day by day.. <br />Implementation Details: Replace the air conditioner', 'sent', 9, 0, 'GROUP', 1, '2016-08-27 21:08:10', NULL, NULL, NULL, 0),
(1257, 'URGENT!! Hazard Mitigation Implementation Deadline', 'Please be notified that Hazard #1 is set to be reviewed on 2015-07-27. <br /><br />Hazard ID: 1. <br />Hazard Details: There is too much heat in tower due lack of airconditioning. This causes headache, low performance and sometimes we get dizzy and feel like faiting. This has gone on for a very long time and it gets worse day by day.. <br />Implementation Details: Replace the air conditioner', 'sent', 10, 0, 'GROUP', 1, '2016-08-27 21:08:14', NULL, NULL, NULL, 0),
(1258, 'URGENT!! Hazard Mitigation Implementation Deadline', 'Please be notified that Hazard #1 is set to be reviewed on 2015-07-27. <br /><br />Hazard ID: 1. <br />Hazard Details: There is too much heat in tower due lack of airconditioning. This causes headache, low performance and sometimes we get dizzy and feel like faiting. This has gone on for a very long time and it gets worse day by day.. <br />Implementation Details: Replace the air conditioner', 'sent', 11, 0, 'GROUP', 1, '2016-08-27 21:08:18', NULL, NULL, NULL, 0),
(1259, 'URGENT!! Hazard Mitigation Implementation Deadline', 'Please be notified that Hazard #1 is set to be reviewed on 2015-07-27. <br /><br />Hazard ID: 1. <br />Hazard Details: There is too much heat in tower due lack of airconditioning. This causes headache, low performance and sometimes we get dizzy and feel like faiting. This has gone on for a very long time and it gets worse day by day.. <br />Implementation Details: Replace the air conditioner', 'sent', 12, 0, 'GROUP', 1, '2016-08-27 21:08:22', NULL, NULL, NULL, 0),
(1260, 'URGENT!! Hazard Mitigation Implementation Deadline', 'Please be notified that Hazard #1 is set to be reviewed on 2015-07-27. <br /><br />Hazard ID: 1. <br />Hazard Details: There is too much heat in tower due lack of airconditioning. This causes headache, low performance and sometimes we get dizzy and feel like faiting. This has gone on for a very long time and it gets worse day by day.. <br />Implementation Details: Replace the air conditioner', 'sent', 13, 0, 'GROUP', 1, '2016-08-27 21:08:26', NULL, NULL, NULL, 0),
(1261, 'URGENT!! Incident Mitigation Implementation Deadli', 'Please be notified that Incident #13 is set to be reviewed on 2015-07-28. <br /><br />Incident ID: 13. <br />Incident Details: Hanging wires in server room. <br />Implementation Details: Internal I.T team is trying to handle', 'sent', 1, 0, 'GROUP', 1, '2016-08-27 21:09:12', NULL, NULL, NULL, 0),
(1262, 'URGENT!! Incident Mitigation Implementation Deadli', 'Please be notified that Incident #13 is set to be reviewed on 2015-07-28. <br /><br />Incident ID: 13. <br />Incident Details: Hanging wires in server room. <br />Implementation Details: Internal I.T team is trying to handle', 'sent', 2, 0, 'GROUP', 1, '2016-08-27 21:09:16', NULL, NULL, NULL, 0),
(1263, 'URGENT!! Incident Mitigation Implementation Deadli', 'Please be notified that Incident #13 is set to be reviewed on 2015-07-28. <br /><br />Incident ID: 13. <br />Incident Details: Hanging wires in server room. <br />Implementation Details: Internal I.T team is trying to handle', 'sent', 4, 0, 'GROUP', 1, '2016-08-27 21:09:20', NULL, NULL, NULL, 0),
(1264, 'URGENT!! Incident Mitigation Implementation Deadli', 'Please be notified that Incident #13 is set to be reviewed on 2015-07-28. <br /><br />Incident ID: 13. <br />Incident Details: Hanging wires in server room. <br />Implementation Details: Internal I.T team is trying to handle', 'sent', 5, 0, 'GROUP', 1, '2016-08-27 21:09:24', NULL, NULL, NULL, 0),
(1265, 'URGENT!! Incident Mitigation Implementation Deadli', 'Please be notified that Incident #13 is set to be reviewed on 2015-07-28. <br /><br />Incident ID: 13. <br />Incident Details: Hanging wires in server room. <br />Implementation Details: Internal I.T team is trying to handle', 'read', 6, 0, 'GROUP', 1, '2016-08-27 21:09:28', NULL, NULL, NULL, 0),
(1266, 'URGENT!! Incident Mitigation Implementation Deadli', 'Please be notified that Incident #13 is set to be reviewed on 2015-07-28. <br /><br />Incident ID: 13. <br />Incident Details: Hanging wires in server room. <br />Implementation Details: Internal I.T team is trying to handle', 'sent', 7, 0, 'GROUP', 1, '2016-08-27 21:09:34', NULL, NULL, NULL, 0),
(1267, 'URGENT!! Incident Mitigation Implementation Deadli', 'Please be notified that Incident #13 is set to be reviewed on 2015-07-28. <br /><br />Incident ID: 13. <br />Incident Details: Hanging wires in server room. <br />Implementation Details: Internal I.T team is trying to handle', 'sent', 9, 0, 'GROUP', 1, '2016-08-27 21:09:38', NULL, NULL, NULL, 0),
(1268, 'URGENT!! Incident Mitigation Implementation Deadli', 'Please be notified that Incident #13 is set to be reviewed on 2015-07-28. <br /><br />Incident ID: 13. <br />Incident Details: Hanging wires in server room. <br />Implementation Details: Internal I.T team is trying to handle', 'sent', 10, 0, 'GROUP', 1, '2016-08-27 21:09:42', NULL, NULL, NULL, 0),
(1269, 'URGENT!! Incident Mitigation Implementation Deadli', 'Please be notified that Incident #13 is set to be reviewed on 2015-07-28. <br /><br />Incident ID: 13. <br />Incident Details: Hanging wires in server room. <br />Implementation Details: Internal I.T team is trying to handle', 'sent', 11, 0, 'GROUP', 1, '2016-08-27 21:09:45', NULL, NULL, NULL, 0),
(1270, 'URGENT!! Incident Mitigation Implementation Deadli', 'Please be notified that Incident #13 is set to be reviewed on 2015-07-28. <br /><br />Incident ID: 13. <br />Incident Details: Hanging wires in server room. <br />Implementation Details: Internal I.T team is trying to handle', 'sent', 12, 0, 'GROUP', 1, '2016-08-27 21:09:49', NULL, NULL, NULL, 0),
(1271, 'URGENT!! Incident Mitigation Implementation Deadli', 'Please be notified that Incident #13 is set to be reviewed on 2015-07-28. <br /><br />Incident ID: 13. <br />Incident Details: Hanging wires in server room. <br />Implementation Details: Internal I.T team is trying to handle', 'sent', 13, 0, 'GROUP', 1, '2016-08-27 21:09:53', NULL, NULL, NULL, 0),
(1272, 'URGENT!! Hazard Mitigation Implementation Deadline', 'Please be notified that Hazard #108 is set to be reviewed on 2016-02-21. <br /><br />Hazard ID: 108. <br />Hazard Details: Trees blocking run way view. <br />Implementation Details: tesr', 'sent', 1, 0, 'GROUP', 1, '2016-08-27 21:10:39', NULL, NULL, NULL, 0),
(1273, 'URGENT!! Hazard Mitigation Implementation Deadline', 'Please be notified that Hazard #108 is set to be reviewed on 2016-02-21. <br /><br />Hazard ID: 108. <br />Hazard Details: Trees blocking run way view. <br />Implementation Details: tesr', 'sent', 2, 0, 'GROUP', 1, '2016-08-27 21:10:44', NULL, NULL, NULL, 0),
(1274, 'URGENT!! Hazard Mitigation Implementation Deadline', 'Please be notified that Hazard #108 is set to be reviewed on 2016-02-21. <br /><br />Hazard ID: 108. <br />Hazard Details: Trees blocking run way view. <br />Implementation Details: tesr', 'sent', 4, 0, 'GROUP', 1, '2016-08-27 21:10:47', NULL, NULL, NULL, 0),
(1275, 'URGENT!! Hazard Mitigation Implementation Deadline', 'Please be notified that Hazard #108 is set to be reviewed on 2016-02-21. <br /><br />Hazard ID: 108. <br />Hazard Details: Trees blocking run way view. <br />Implementation Details: tesr', 'sent', 5, 0, 'GROUP', 1, '2016-08-27 21:10:51', NULL, NULL, NULL, 0),
(1276, 'URGENT!! Hazard Mitigation Implementation Deadline', 'Please be notified that Hazard #108 is set to be reviewed on 2016-02-21. <br /><br />Hazard ID: 108. <br />Hazard Details: Trees blocking run way view. <br />Implementation Details: tesr', 'read', 6, 0, 'GROUP', 1, '2016-08-27 21:10:55', NULL, NULL, NULL, 0),
(1277, 'URGENT!! Hazard Mitigation Implementation Deadline', 'Please be notified that Hazard #108 is set to be reviewed on 2016-02-21. <br /><br />Hazard ID: 108. <br />Hazard Details: Trees blocking run way view. <br />Implementation Details: tesr', 'sent', 7, 0, 'GROUP', 1, '2016-08-27 21:10:59', NULL, NULL, NULL, 0),
(1278, 'URGENT!! Hazard Mitigation Implementation Deadline', 'Please be notified that Hazard #108 is set to be reviewed on 2016-02-21. <br /><br />Hazard ID: 108. <br />Hazard Details: Trees blocking run way view. <br />Implementation Details: tesr', 'sent', 9, 0, 'GROUP', 1, '2016-08-27 21:11:03', NULL, NULL, NULL, 0),
(1279, 'URGENT!! Hazard Mitigation Implementation Deadline', 'Please be notified that Hazard #108 is set to be reviewed on 2016-02-21. <br /><br />Hazard ID: 108. <br />Hazard Details: Trees blocking run way view. <br />Implementation Details: tesr', 'sent', 10, 0, 'GROUP', 1, '2016-08-27 21:11:06', NULL, NULL, NULL, 0),
(1280, 'URGENT!! Hazard Mitigation Implementation Deadline', 'Please be notified that Hazard #108 is set to be reviewed on 2016-02-21. <br /><br />Hazard ID: 108. <br />Hazard Details: Trees blocking run way view. <br />Implementation Details: tesr', 'sent', 11, 0, 'GROUP', 1, '2016-08-27 21:11:10', NULL, NULL, NULL, 0),
(1281, 'URGENT!! Hazard Mitigation Implementation Deadline', 'Please be notified that Hazard #108 is set to be reviewed on 2016-02-21. <br /><br />Hazard ID: 108. <br />Hazard Details: Trees blocking run way view. <br />Implementation Details: tesr', 'sent', 12, 0, 'GROUP', 1, '2016-08-27 21:11:14', NULL, NULL, NULL, 0),
(1282, 'URGENT!! Hazard Mitigation Implementation Deadline', 'Please be notified that Hazard #108 is set to be reviewed on 2016-02-21. <br /><br />Hazard ID: 108. <br />Hazard Details: Trees blocking run way view. <br />Implementation Details: tesr', 'sent', 13, 0, 'GROUP', 1, '2016-08-27 21:11:18', NULL, NULL, NULL, 0),
(1283, 'URGENT!! Hazard Mitigation Implementation Deadline', 'Please be notified that Hazard #108 is set to be reviewed on 2016-02-21. <br /><br />Hazard ID: 108. <br />Hazard Details: Trees blocking run way view. <br />Implementation Details: TESR', 'sent', 1, 0, 'GROUP', 1, '2016-08-27 21:12:06', NULL, NULL, NULL, 0),
(1284, 'URGENT!! Hazard Mitigation Implementation Deadline', 'Please be notified that Hazard #108 is set to be reviewed on 2016-02-21. <br /><br />Hazard ID: 108. <br />Hazard Details: Trees blocking run way view. <br />Implementation Details: TESR', 'sent', 2, 0, 'GROUP', 1, '2016-08-27 21:12:10', NULL, NULL, NULL, 0),
(1285, 'URGENT!! Hazard Mitigation Implementation Deadline', 'Please be notified that Hazard #108 is set to be reviewed on 2016-02-21. <br /><br />Hazard ID: 108. <br />Hazard Details: Trees blocking run way view. <br />Implementation Details: TESR', 'sent', 4, 0, 'GROUP', 1, '2016-08-27 21:12:14', NULL, NULL, NULL, 0),
(1286, 'URGENT!! Hazard Mitigation Implementation Deadline', 'Please be notified that Hazard #108 is set to be reviewed on 2016-02-21. <br /><br />Hazard ID: 108. <br />Hazard Details: Trees blocking run way view. <br />Implementation Details: TESR', 'sent', 5, 0, 'GROUP', 1, '2016-08-27 21:12:18', NULL, NULL, NULL, 0),
(1287, 'URGENT!! Hazard Mitigation Implementation Deadline', 'Please be notified that Hazard #108 is set to be reviewed on 2016-02-21. <br /><br />Hazard ID: 108. <br />Hazard Details: Trees blocking run way view. <br />Implementation Details: TESR', 'read', 6, 0, 'GROUP', 1, '2016-08-27 21:12:21', NULL, NULL, NULL, 0),
(1288, 'URGENT!! Hazard Mitigation Implementation Deadline', 'Please be notified that Hazard #108 is set to be reviewed on 2016-02-21. <br /><br />Hazard ID: 108. <br />Hazard Details: Trees blocking run way view. <br />Implementation Details: TESR', 'sent', 7, 0, 'GROUP', 1, '2016-08-27 21:12:25', NULL, NULL, NULL, 0),
(1289, 'URGENT!! Hazard Mitigation Implementation Deadline', 'Please be notified that Hazard #108 is set to be reviewed on 2016-02-21. <br /><br />Hazard ID: 108. <br />Hazard Details: Trees blocking run way view. <br />Implementation Details: TESR', 'sent', 9, 0, 'GROUP', 1, '2016-08-27 21:12:29', NULL, NULL, NULL, 0),
(1290, 'URGENT!! Hazard Mitigation Implementation Deadline', 'Please be notified that Hazard #108 is set to be reviewed on 2016-02-21. <br /><br />Hazard ID: 108. <br />Hazard Details: Trees blocking run way view. <br />Implementation Details: TESR', 'sent', 10, 0, 'GROUP', 1, '2016-08-27 21:12:33', NULL, NULL, NULL, 0),
(1291, 'URGENT!! Hazard Mitigation Implementation Deadline', 'Please be notified that Hazard #108 is set to be reviewed on 2016-02-21. <br /><br />Hazard ID: 108. <br />Hazard Details: Trees blocking run way view. <br />Implementation Details: TESR', 'sent', 11, 0, 'GROUP', 1, '2016-08-27 21:12:37', NULL, NULL, NULL, 0),
(1292, 'URGENT!! Hazard Mitigation Implementation Deadline', 'Please be notified that Hazard #108 is set to be reviewed on 2016-02-21. <br /><br />Hazard ID: 108. <br />Hazard Details: Trees blocking run way view. <br />Implementation Details: TESR', 'sent', 12, 0, 'GROUP', 1, '2016-08-27 21:12:41', NULL, NULL, NULL, 0),
(1293, 'URGENT!! Hazard Mitigation Implementation Deadline', 'Please be notified that Hazard #108 is set to be reviewed on 2016-02-21. <br /><br />Hazard ID: 108. <br />Hazard Details: Trees blocking run way view. <br />Implementation Details: TESR', 'sent', 13, 0, 'GROUP', 1, '2016-08-27 21:12:45', NULL, NULL, NULL, 0),
(1294, 'URGENT!! Hazard Mitigation Implementation Deadline', 'Please be notified that Hazard #108 is set to be reviewed on 2016-02-21. <br /><br />Hazard ID: 108. <br />Hazard Details: Trees blocking run way view. <br />Implementation Details: TESTRD', 'sent', 1, 0, 'GROUP', 1, '2016-08-27 21:13:31', NULL, NULL, NULL, 0),
(1295, 'URGENT!! Hazard Mitigation Implementation Deadline', 'Please be notified that Hazard #108 is set to be reviewed on 2016-02-21. <br /><br />Hazard ID: 108. <br />Hazard Details: Trees blocking run way view. <br />Implementation Details: TESTRD', 'sent', 2, 0, 'GROUP', 1, '2016-08-27 21:13:35', NULL, NULL, NULL, 0),
(1296, 'URGENT!! Hazard Mitigation Implementation Deadline', 'Please be notified that Hazard #108 is set to be reviewed on 2016-02-21. <br /><br />Hazard ID: 108. <br />Hazard Details: Trees blocking run way view. <br />Implementation Details: TESTRD', 'sent', 4, 0, 'GROUP', 1, '2016-08-27 21:13:39', NULL, NULL, NULL, 0),
(1297, 'URGENT!! Hazard Mitigation Implementation Deadline', 'Please be notified that Hazard #108 is set to be reviewed on 2016-02-21. <br /><br />Hazard ID: 108. <br />Hazard Details: Trees blocking run way view. <br />Implementation Details: TESTRD', 'sent', 5, 0, 'GROUP', 1, '2016-08-27 21:13:43', NULL, NULL, NULL, 0),
(1298, 'URGENT!! Hazard Mitigation Implementation Deadline', 'Please be notified that Hazard #108 is set to be reviewed on 2016-02-21. <br /><br />Hazard ID: 108. <br />Hazard Details: Trees blocking run way view. <br />Implementation Details: TESTRD', 'read', 6, 0, 'GROUP', 1, '2016-08-27 21:13:47', NULL, NULL, NULL, 0),
(1299, 'URGENT!! Hazard Mitigation Implementation Deadline', 'Please be notified that Hazard #108 is set to be reviewed on 2016-02-21. <br /><br />Hazard ID: 108. <br />Hazard Details: Trees blocking run way view. <br />Implementation Details: TESTRD', 'sent', 7, 0, 'GROUP', 1, '2016-08-27 21:13:50', NULL, NULL, NULL, 0),
(1300, 'URGENT!! Hazard Mitigation Implementation Deadline', 'Please be notified that Hazard #108 is set to be reviewed on 2016-02-21. <br /><br />Hazard ID: 108. <br />Hazard Details: Trees blocking run way view. <br />Implementation Details: TESTRD', 'sent', 9, 0, 'GROUP', 1, '2016-08-27 21:13:54', NULL, NULL, NULL, 0),
(1301, 'URGENT!! Hazard Mitigation Implementation Deadline', 'Please be notified that Hazard #108 is set to be reviewed on 2016-02-21. <br /><br />Hazard ID: 108. <br />Hazard Details: Trees blocking run way view. <br />Implementation Details: TESTRD', 'sent', 10, 0, 'GROUP', 1, '2016-08-27 21:13:58', NULL, NULL, NULL, 0),
(1302, 'URGENT!! Hazard Mitigation Implementation Deadline', 'Please be notified that Hazard #108 is set to be reviewed on 2016-02-21. <br /><br />Hazard ID: 108. <br />Hazard Details: Trees blocking run way view. <br />Implementation Details: TESTRD', 'sent', 11, 0, 'GROUP', 1, '2016-08-27 21:14:02', NULL, NULL, NULL, 0),
(1303, 'URGENT!! Hazard Mitigation Implementation Deadline', 'Please be notified that Hazard #108 is set to be reviewed on 2016-02-21. <br /><br />Hazard ID: 108. <br />Hazard Details: Trees blocking run way view. <br />Implementation Details: TESTRD', 'sent', 12, 0, 'GROUP', 1, '2016-08-27 21:14:06', NULL, NULL, NULL, 0),
(1304, 'URGENT!! Hazard Mitigation Implementation Deadline', 'Please be notified that Hazard #108 is set to be reviewed on 2016-02-21. <br /><br />Hazard ID: 108. <br />Hazard Details: Trees blocking run way view. <br />Implementation Details: TESTRD', 'sent', 13, 0, 'GROUP', 1, '2016-08-27 21:14:10', NULL, NULL, NULL, 0),
(1305, 'URGENT!! Issue Mitigation Implementation Deadline', 'Please be notified that Issue #214 is set to be reviewed on 2016-07-27. <br /><br />Issue ID: 214. <br />Issue Details: Broken glass in waiting hall way. <br />Implementation Details: Replace tile floors with something more rough', 'sent', 1, 0, 'GROUP', 1, '2016-08-27 21:14:57', NULL, NULL, NULL, 0),
(1306, 'URGENT!! Issue Mitigation Implementation Deadline', 'Please be notified that Issue #214 is set to be reviewed on 2016-07-27. <br /><br />Issue ID: 214. <br />Issue Details: Broken glass in waiting hall way. <br />Implementation Details: Replace tile floors with something more rough', 'sent', 2, 0, 'GROUP', 1, '2016-08-27 21:15:01', NULL, NULL, NULL, 0),
(1307, 'URGENT!! Issue Mitigation Implementation Deadline', 'Please be notified that Issue #214 is set to be reviewed on 2016-07-27. <br /><br />Issue ID: 214. <br />Issue Details: Broken glass in waiting hall way. <br />Implementation Details: Replace tile floors with something more rough', 'sent', 4, 0, 'GROUP', 1, '2016-08-27 21:15:05', NULL, NULL, NULL, 0),
(1308, 'URGENT!! Issue Mitigation Implementation Deadline', 'Please be notified that Issue #214 is set to be reviewed on 2016-07-27. <br /><br />Issue ID: 214. <br />Issue Details: Broken glass in waiting hall way. <br />Implementation Details: Replace tile floors with something more rough', 'sent', 5, 0, 'GROUP', 1, '2016-08-27 21:15:08', NULL, NULL, NULL, 0),
(1309, 'URGENT!! Issue Mitigation Implementation Deadline', 'Please be notified that Issue #214 is set to be reviewed on 2016-07-27. <br /><br />Issue ID: 214. <br />Issue Details: Broken glass in waiting hall way. <br />Implementation Details: Replace tile floors with something more rough', 'read', 6, 0, 'GROUP', 1, '2016-08-27 21:15:12', NULL, NULL, NULL, 0),
(1310, 'URGENT!! Issue Mitigation Implementation Deadline', 'Please be notified that Issue #214 is set to be reviewed on 2016-07-27. <br /><br />Issue ID: 214. <br />Issue Details: Broken glass in waiting hall way. <br />Implementation Details: Replace tile floors with something more rough', 'sent', 7, 0, 'GROUP', 1, '2016-08-27 21:15:16', NULL, NULL, NULL, 0),
(1311, 'URGENT!! Issue Mitigation Implementation Deadline', 'Please be notified that Issue #214 is set to be reviewed on 2016-07-27. <br /><br />Issue ID: 214. <br />Issue Details: Broken glass in waiting hall way. <br />Implementation Details: Replace tile floors with something more rough', 'sent', 9, 0, 'GROUP', 1, '2016-08-27 21:15:20', NULL, NULL, NULL, 0),
(1312, 'URGENT!! Issue Mitigation Implementation Deadline', 'Please be notified that Issue #214 is set to be reviewed on 2016-07-27. <br /><br />Issue ID: 214. <br />Issue Details: Broken glass in waiting hall way. <br />Implementation Details: Replace tile floors with something more rough', 'sent', 10, 0, 'GROUP', 1, '2016-08-27 21:15:24', NULL, NULL, NULL, 0),
(1313, 'URGENT!! Issue Mitigation Implementation Deadline', 'Please be notified that Issue #214 is set to be reviewed on 2016-07-27. <br /><br />Issue ID: 214. <br />Issue Details: Broken glass in waiting hall way. <br />Implementation Details: Replace tile floors with something more rough', 'sent', 11, 0, 'GROUP', 1, '2016-08-27 21:15:28', NULL, NULL, NULL, 0),
(1314, 'URGENT!! Issue Mitigation Implementation Deadline', 'Please be notified that Issue #214 is set to be reviewed on 2016-07-27. <br /><br />Issue ID: 214. <br />Issue Details: Broken glass in waiting hall way. <br />Implementation Details: Replace tile floors with something more rough', 'sent', 12, 0, 'GROUP', 1, '2016-08-27 21:15:31', NULL, NULL, NULL, 0),
(1315, 'URGENT!! Issue Mitigation Implementation Deadline', 'Please be notified that Issue #214 is set to be reviewed on 2016-07-27. <br /><br />Issue ID: 214. <br />Issue Details: Broken glass in waiting hall way. <br />Implementation Details: Replace tile floors with something more rough', 'sent', 13, 0, 'GROUP', 1, '2016-08-27 21:15:36', NULL, NULL, NULL, 0),
(1316, 'URGENT!! Issue Review', 'Please be notified that Issue #37 is set to be reviewed on 2016-02-29. <br /><br />Issue ID: 37. <br />Details: Loose door', 'sent', 1, 0, 'GROUP', 1, '2016-08-28 21:00:42', NULL, NULL, NULL, 0),
(1317, 'URGENT!! Issue Review', 'Please be notified that Issue #37 is set to be reviewed on 2016-02-29. <br /><br />Issue ID: 37. <br />Details: Loose door', 'sent', 2, 0, 'GROUP', 1, '2016-08-28 21:00:45', NULL, NULL, NULL, 0),
(1318, 'URGENT!! Issue Review', 'Please be notified that Issue #37 is set to be reviewed on 2016-02-29. <br /><br />Issue ID: 37. <br />Details: Loose door', 'sent', 4, 0, 'GROUP', 1, '2016-08-28 21:00:49', NULL, NULL, NULL, 0),
(1319, 'URGENT!! Issue Review', 'Please be notified that Issue #37 is set to be reviewed on 2016-02-29. <br /><br />Issue ID: 37. <br />Details: Loose door', 'sent', 5, 0, 'GROUP', 1, '2016-08-28 21:00:53', NULL, NULL, NULL, 0),
(1320, 'URGENT!! Issue Review', 'Please be notified that Issue #37 is set to be reviewed on 2016-02-29. <br /><br />Issue ID: 37. <br />Details: Loose door', 'read', 6, 0, 'GROUP', 1, '2016-08-28 21:00:56', NULL, NULL, NULL, 0),
(1321, 'URGENT!! Issue Review', 'Please be notified that Issue #37 is set to be reviewed on 2016-02-29. <br /><br />Issue ID: 37. <br />Details: Loose door', 'sent', 7, 0, 'GROUP', 1, '2016-08-28 21:01:00', NULL, NULL, NULL, 0),
(1322, 'URGENT!! Issue Review', 'Please be notified that Issue #37 is set to be reviewed on 2016-02-29. <br /><br />Issue ID: 37. <br />Details: Loose door', 'sent', 9, 0, 'GROUP', 1, '2016-08-28 21:01:04', NULL, NULL, NULL, 0),
(1323, 'URGENT!! Issue Review', 'Please be notified that Issue #37 is set to be reviewed on 2016-02-29. <br /><br />Issue ID: 37. <br />Details: Loose door', 'sent', 10, 0, 'GROUP', 1, '2016-08-28 21:01:07', NULL, NULL, NULL, 0),
(1324, 'URGENT!! Issue Review', 'Please be notified that Issue #37 is set to be reviewed on 2016-02-29. <br /><br />Issue ID: 37. <br />Details: Loose door', 'sent', 11, 0, 'GROUP', 1, '2016-08-28 21:01:12', NULL, NULL, NULL, 0),
(1325, 'URGENT!! Issue Review', 'Please be notified that Issue #37 is set to be reviewed on 2016-02-29. <br /><br />Issue ID: 37. <br />Details: Loose door', 'sent', 12, 0, 'GROUP', 1, '2016-08-28 21:01:15', NULL, NULL, NULL, 0),
(1326, 'URGENT!! Issue Review', 'Please be notified that Issue #37 is set to be reviewed on 2016-02-29. <br /><br />Issue ID: 37. <br />Details: Loose door', 'sent', 13, 0, 'GROUP', 1, '2016-08-28 21:01:19', NULL, NULL, NULL, 0),
(1327, 'URGENT!! Hazard Review', 'Please be notified that Hazard #126 is set to be reviewed on 2016-06-28. <br /><br />Hazard ID: 126. <br />Details: Explosion in server room', 'sent', 1, 0, 'GROUP', 1, '2016-08-28 21:02:05', NULL, NULL, NULL, 0),
(1328, 'URGENT!! Hazard Review', 'Please be notified that Hazard #126 is set to be reviewed on 2016-06-28. <br /><br />Hazard ID: 126. <br />Details: Explosion in server room', 'sent', 2, 0, 'GROUP', 1, '2016-08-28 21:02:09', NULL, NULL, NULL, 0),
(1329, 'URGENT!! Hazard Review', 'Please be notified that Hazard #126 is set to be reviewed on 2016-06-28. <br /><br />Hazard ID: 126. <br />Details: Explosion in server room', 'sent', 4, 0, 'GROUP', 1, '2016-08-28 21:02:12', NULL, NULL, NULL, 0),
(1330, 'URGENT!! Hazard Review', 'Please be notified that Hazard #126 is set to be reviewed on 2016-06-28. <br /><br />Hazard ID: 126. <br />Details: Explosion in server room', 'sent', 5, 0, 'GROUP', 1, '2016-08-28 21:02:16', NULL, NULL, NULL, 0),
(1331, 'URGENT!! Hazard Review', 'Please be notified that Hazard #126 is set to be reviewed on 2016-06-28. <br /><br />Hazard ID: 126. <br />Details: Explosion in server room', 'read', 6, 0, 'GROUP', 1, '2016-08-28 21:02:20', NULL, NULL, NULL, 0),
(1332, 'URGENT!! Hazard Review', 'Please be notified that Hazard #126 is set to be reviewed on 2016-06-28. <br /><br />Hazard ID: 126. <br />Details: Explosion in server room', 'sent', 7, 0, 'GROUP', 1, '2016-08-28 21:02:24', NULL, NULL, NULL, 0),
(1333, 'URGENT!! Hazard Review', 'Please be notified that Hazard #126 is set to be reviewed on 2016-06-28. <br /><br />Hazard ID: 126. <br />Details: Explosion in server room', 'sent', 9, 0, 'GROUP', 1, '2016-08-28 21:02:28', NULL, NULL, NULL, 0),
(1334, 'URGENT!! Hazard Review', 'Please be notified that Hazard #126 is set to be reviewed on 2016-06-28. <br /><br />Hazard ID: 126. <br />Details: Explosion in server room', 'sent', 10, 0, 'GROUP', 1, '2016-08-28 21:02:32', NULL, NULL, NULL, 0),
(1335, 'URGENT!! Hazard Review', 'Please be notified that Hazard #126 is set to be reviewed on 2016-06-28. <br /><br />Hazard ID: 126. <br />Details: Explosion in server room', 'sent', 11, 0, 'GROUP', 1, '2016-08-28 21:02:35', NULL, NULL, NULL, 0),
(1336, 'URGENT!! Hazard Review', 'Please be notified that Hazard #126 is set to be reviewed on 2016-06-28. <br /><br />Hazard ID: 126. <br />Details: Explosion in server room', 'sent', 12, 0, 'GROUP', 1, '2016-08-28 21:02:39', NULL, NULL, NULL, 0),
(1337, 'URGENT!! Hazard Review', 'Please be notified that Hazard #126 is set to be reviewed on 2016-06-28. <br /><br />Hazard ID: 126. <br />Details: Explosion in server room', 'sent', 13, 0, 'GROUP', 1, '2016-08-28 21:02:43', NULL, NULL, NULL, 0),
(1338, 'URGENT!! Hazard Review', 'Please be notified that Hazard #222 is set to be reviewed on 2016-09-29. <br /><br />Hazard ID: 222. <br />Details: Crossing 12/30', 'sent', 1, 0, 'GROUP', 1, '2016-08-28 21:03:28', NULL, NULL, NULL, 0),
(1339, 'URGENT!! Hazard Review', 'Please be notified that Hazard #222 is set to be reviewed on 2016-09-29. <br /><br />Hazard ID: 222. <br />Details: Crossing 12/30', 'sent', 2, 0, 'GROUP', 1, '2016-08-28 21:03:32', NULL, NULL, NULL, 0),
(1340, 'URGENT!! Hazard Review', 'Please be notified that Hazard #222 is set to be reviewed on 2016-09-29. <br /><br />Hazard ID: 222. <br />Details: Crossing 12/30', 'sent', 4, 0, 'GROUP', 1, '2016-08-28 21:03:36', NULL, NULL, NULL, 0),
(1341, 'URGENT!! Hazard Review', 'Please be notified that Hazard #222 is set to be reviewed on 2016-09-29. <br /><br />Hazard ID: 222. <br />Details: Crossing 12/30', 'sent', 5, 0, 'GROUP', 1, '2016-08-28 21:03:40', NULL, NULL, NULL, 0),
(1342, 'URGENT!! Hazard Review', 'Please be notified that Hazard #222 is set to be reviewed on 2016-09-29. <br /><br />Hazard ID: 222. <br />Details: Crossing 12/30', 'read', 6, 0, 'GROUP', 1, '2016-08-28 21:03:43', NULL, NULL, NULL, 0),
(1343, 'URGENT!! Hazard Review', 'Please be notified that Hazard #222 is set to be reviewed on 2016-09-29. <br /><br />Hazard ID: 222. <br />Details: Crossing 12/30', 'sent', 7, 0, 'GROUP', 1, '2016-08-28 21:03:47', NULL, NULL, NULL, 0),
(1344, 'URGENT!! Hazard Review', 'Please be notified that Hazard #222 is set to be reviewed on 2016-09-29. <br /><br />Hazard ID: 222. <br />Details: Crossing 12/30', 'sent', 9, 0, 'GROUP', 1, '2016-08-28 21:03:51', NULL, NULL, NULL, 0),
(1345, 'URGENT!! Hazard Review', 'Please be notified that Hazard #222 is set to be reviewed on 2016-09-29. <br /><br />Hazard ID: 222. <br />Details: Crossing 12/30', 'sent', 10, 0, 'GROUP', 1, '2016-08-28 21:03:55', NULL, NULL, NULL, 0),
(1346, 'URGENT!! Hazard Review', 'Please be notified that Hazard #222 is set to be reviewed on 2016-09-29. <br /><br />Hazard ID: 222. <br />Details: Crossing 12/30', 'sent', 11, 0, 'GROUP', 1, '2016-08-28 21:03:59', NULL, NULL, NULL, 0),
(1347, 'URGENT!! Hazard Review', 'Please be notified that Hazard #222 is set to be reviewed on 2016-09-29. <br /><br />Hazard ID: 222. <br />Details: Crossing 12/30', 'sent', 12, 0, 'GROUP', 1, '2016-08-28 21:04:03', NULL, NULL, NULL, 0),
(1348, 'URGENT!! Hazard Review', 'Please be notified that Hazard #222 is set to be reviewed on 2016-09-29. <br /><br />Hazard ID: 222. <br />Details: Crossing 12/30', 'sent', 13, 0, 'GROUP', 1, '2016-08-28 21:04:07', NULL, NULL, NULL, 0),
(1349, 'URGENT!! Incident Mitigation Implementation Deadli', 'Please be notified that Incident #13 is set to be reviewed on 2015-07-28. <br /><br />Incident ID: 13. <br />Incident Details: Hanging wires in server room. <br />Implementation Details: Internal I.T team is trying to handle', 'sent', 1, 0, 'GROUP', 1, '2016-08-28 21:04:53', NULL, NULL, NULL, 0),
(1350, 'URGENT!! Incident Mitigation Implementation Deadli', 'Please be notified that Incident #13 is set to be reviewed on 2015-07-28. <br /><br />Incident ID: 13. <br />Incident Details: Hanging wires in server room. <br />Implementation Details: Internal I.T team is trying to handle', 'sent', 2, 0, 'GROUP', 1, '2016-08-28 21:04:57', NULL, NULL, NULL, 0),
(1351, 'URGENT!! Incident Mitigation Implementation Deadli', 'Please be notified that Incident #13 is set to be reviewed on 2015-07-28. <br /><br />Incident ID: 13. <br />Incident Details: Hanging wires in server room. <br />Implementation Details: Internal I.T team is trying to handle', 'sent', 4, 0, 'GROUP', 1, '2016-08-28 21:05:01', NULL, NULL, NULL, 0),
(1352, 'URGENT!! Incident Mitigation Implementation Deadli', 'Please be notified that Incident #13 is set to be reviewed on 2015-07-28. <br /><br />Incident ID: 13. <br />Incident Details: Hanging wires in server room. <br />Implementation Details: Internal I.T team is trying to handle', 'sent', 5, 0, 'GROUP', 1, '2016-08-28 21:05:05', NULL, NULL, NULL, 0),
(1353, 'URGENT!! Incident Mitigation Implementation Deadli', 'Please be notified that Incident #13 is set to be reviewed on 2015-07-28. <br /><br />Incident ID: 13. <br />Incident Details: Hanging wires in server room. <br />Implementation Details: Internal I.T team is trying to handle', 'read', 6, 0, 'GROUP', 1, '2016-08-28 21:05:09', NULL, NULL, NULL, 0),
(1354, 'URGENT!! Incident Mitigation Implementation Deadli', 'Please be notified that Incident #13 is set to be reviewed on 2015-07-28. <br /><br />Incident ID: 13. <br />Incident Details: Hanging wires in server room. <br />Implementation Details: Internal I.T team is trying to handle', 'sent', 7, 0, 'GROUP', 1, '2016-08-28 21:05:13', NULL, NULL, NULL, 0),
(1355, 'URGENT!! Incident Mitigation Implementation Deadli', 'Please be notified that Incident #13 is set to be reviewed on 2015-07-28. <br /><br />Incident ID: 13. <br />Incident Details: Hanging wires in server room. <br />Implementation Details: Internal I.T team is trying to handle', 'sent', 9, 0, 'GROUP', 1, '2016-08-28 21:05:17', NULL, NULL, NULL, 0),
(1356, 'URGENT!! Incident Mitigation Implementation Deadli', 'Please be notified that Incident #13 is set to be reviewed on 2015-07-28. <br /><br />Incident ID: 13. <br />Incident Details: Hanging wires in server room. <br />Implementation Details: Internal I.T team is trying to handle', 'sent', 10, 0, 'GROUP', 1, '2016-08-28 21:05:20', NULL, NULL, NULL, 0),
(1357, 'URGENT!! Incident Mitigation Implementation Deadli', 'Please be notified that Incident #13 is set to be reviewed on 2015-07-28. <br /><br />Incident ID: 13. <br />Incident Details: Hanging wires in server room. <br />Implementation Details: Internal I.T team is trying to handle', 'sent', 11, 0, 'GROUP', 1, '2016-08-28 21:05:24', NULL, NULL, NULL, 0),
(1358, 'URGENT!! Incident Mitigation Implementation Deadli', 'Please be notified that Incident #13 is set to be reviewed on 2015-07-28. <br /><br />Incident ID: 13. <br />Incident Details: Hanging wires in server room. <br />Implementation Details: Internal I.T team is trying to handle', 'sent', 12, 0, 'GROUP', 1, '2016-08-28 21:05:28', NULL, NULL, NULL, 0),
(1359, 'URGENT!! Incident Mitigation Implementation Deadli', 'Please be notified that Incident #13 is set to be reviewed on 2015-07-28. <br /><br />Incident ID: 13. <br />Incident Details: Hanging wires in server room. <br />Implementation Details: Internal I.T team is trying to handle', 'sent', 13, 0, 'GROUP', 1, '2016-08-28 21:05:32', NULL, NULL, NULL, 0),
(1360, 'URGENT!! Issue Review', 'Please be notified that Issue #37 is set to be reviewed on 2016-02-29. <br /><br />Issue ID: 37. <br />Details: Loose door', 'sent', 1, 0, 'GROUP', 1, '2016-08-29 21:00:44', NULL, NULL, NULL, 0),
(1361, 'URGENT!! Issue Review', 'Please be notified that Issue #37 is set to be reviewed on 2016-02-29. <br /><br />Issue ID: 37. <br />Details: Loose door', 'sent', 2, 0, 'GROUP', 1, '2016-08-29 21:00:48', NULL, NULL, NULL, 0),
(1362, 'URGENT!! Issue Review', 'Please be notified that Issue #37 is set to be reviewed on 2016-02-29. <br /><br />Issue ID: 37. <br />Details: Loose door', 'sent', 4, 0, 'GROUP', 1, '2016-08-29 21:00:51', NULL, NULL, NULL, 0),
(1363, 'URGENT!! Issue Review', 'Please be notified that Issue #37 is set to be reviewed on 2016-02-29. <br /><br />Issue ID: 37. <br />Details: Loose door', 'sent', 5, 0, 'GROUP', 1, '2016-08-29 21:00:55', NULL, NULL, NULL, 0),
(1364, 'URGENT!! Issue Review', 'Please be notified that Issue #37 is set to be reviewed on 2016-02-29. <br /><br />Issue ID: 37. <br />Details: Loose door', 'read', 6, 0, 'GROUP', 1, '2016-08-29 21:00:59', NULL, NULL, NULL, 0),
(1365, 'URGENT!! Issue Review', 'Please be notified that Issue #37 is set to be reviewed on 2016-02-29. <br /><br />Issue ID: 37. <br />Details: Loose door', 'sent', 7, 0, 'GROUP', 1, '2016-08-29 21:01:03', NULL, NULL, NULL, 0),
(1366, 'URGENT!! Issue Review', 'Please be notified that Issue #37 is set to be reviewed on 2016-02-29. <br /><br />Issue ID: 37. <br />Details: Loose door', 'sent', 9, 0, 'GROUP', 1, '2016-08-29 21:01:07', NULL, NULL, NULL, 0),
(1367, 'URGENT!! Issue Review', 'Please be notified that Issue #37 is set to be reviewed on 2016-02-29. <br /><br />Issue ID: 37. <br />Details: Loose door', 'sent', 10, 0, 'GROUP', 1, '2016-08-29 21:01:11', NULL, NULL, NULL, 0);
INSERT INTO `notifications` (`id`, `subject`, `description`, `status`, `user`, `user_from`, `type`, `urgent`, `date_created`, `target_group`, `current_user`, `current_user_id`, `acknowledge`) VALUES
(1368, 'URGENT!! Issue Review', 'Please be notified that Issue #37 is set to be reviewed on 2016-02-29. <br /><br />Issue ID: 37. <br />Details: Loose door', 'sent', 11, 0, 'GROUP', 1, '2016-08-29 21:01:15', NULL, NULL, NULL, 0),
(1369, 'URGENT!! Issue Review', 'Please be notified that Issue #37 is set to be reviewed on 2016-02-29. <br /><br />Issue ID: 37. <br />Details: Loose door', 'sent', 12, 0, 'GROUP', 1, '2016-08-29 21:01:19', NULL, NULL, NULL, 0),
(1370, 'URGENT!! Issue Review', 'Please be notified that Issue #37 is set to be reviewed on 2016-02-29. <br /><br />Issue ID: 37. <br />Details: Loose door', 'sent', 13, 0, 'GROUP', 1, '2016-08-29 21:01:23', NULL, NULL, NULL, 0),
(1371, 'URGENT!! Hazard Mitigation Implementation Deadline', 'Please be notified that Hazard #11 is set to be reviewed on 2016-02-23. <br /><br />Hazard ID: 11. <br />Hazard Details: A track broke down on the runway. <br />Implementation Details: Tile the floor', 'sent', 1, 0, 'GROUP', 1, '2016-08-29 21:02:10', NULL, NULL, NULL, 0),
(1372, 'URGENT!! Hazard Mitigation Implementation Deadline', 'Please be notified that Hazard #11 is set to be reviewed on 2016-02-23. <br /><br />Hazard ID: 11. <br />Hazard Details: A track broke down on the runway. <br />Implementation Details: Tile the floor', 'sent', 2, 0, 'GROUP', 1, '2016-08-29 21:02:14', NULL, NULL, NULL, 0),
(1373, 'URGENT!! Hazard Mitigation Implementation Deadline', 'Please be notified that Hazard #11 is set to be reviewed on 2016-02-23. <br /><br />Hazard ID: 11. <br />Hazard Details: A track broke down on the runway. <br />Implementation Details: Tile the floor', 'sent', 4, 0, 'GROUP', 1, '2016-08-29 21:02:19', NULL, NULL, NULL, 0),
(1374, 'URGENT!! Hazard Mitigation Implementation Deadline', 'Please be notified that Hazard #11 is set to be reviewed on 2016-02-23. <br /><br />Hazard ID: 11. <br />Hazard Details: A track broke down on the runway. <br />Implementation Details: Tile the floor', 'sent', 5, 0, 'GROUP', 1, '2016-08-29 21:02:23', NULL, NULL, NULL, 0),
(1375, 'URGENT!! Hazard Mitigation Implementation Deadline', 'Please be notified that Hazard #11 is set to be reviewed on 2016-02-23. <br /><br />Hazard ID: 11. <br />Hazard Details: A track broke down on the runway. <br />Implementation Details: Tile the floor', 'read', 6, 0, 'GROUP', 1, '2016-08-29 21:02:27', NULL, NULL, NULL, 0),
(1376, 'URGENT!! Hazard Mitigation Implementation Deadline', 'Please be notified that Hazard #11 is set to be reviewed on 2016-02-23. <br /><br />Hazard ID: 11. <br />Hazard Details: A track broke down on the runway. <br />Implementation Details: Tile the floor', 'sent', 7, 0, 'GROUP', 1, '2016-08-29 21:02:30', NULL, NULL, NULL, 0),
(1377, 'URGENT!! Hazard Mitigation Implementation Deadline', 'Please be notified that Hazard #11 is set to be reviewed on 2016-02-23. <br /><br />Hazard ID: 11. <br />Hazard Details: A track broke down on the runway. <br />Implementation Details: Tile the floor', 'sent', 9, 0, 'GROUP', 1, '2016-08-29 21:02:34', NULL, NULL, NULL, 0),
(1378, 'URGENT!! Hazard Mitigation Implementation Deadline', 'Please be notified that Hazard #11 is set to be reviewed on 2016-02-23. <br /><br />Hazard ID: 11. <br />Hazard Details: A track broke down on the runway. <br />Implementation Details: Tile the floor', 'sent', 10, 0, 'GROUP', 1, '2016-08-29 21:02:38', NULL, NULL, NULL, 0),
(1379, 'URGENT!! Hazard Mitigation Implementation Deadline', 'Please be notified that Hazard #11 is set to be reviewed on 2016-02-23. <br /><br />Hazard ID: 11. <br />Hazard Details: A track broke down on the runway. <br />Implementation Details: Tile the floor', 'sent', 11, 0, 'GROUP', 1, '2016-08-29 21:02:42', NULL, NULL, NULL, 0),
(1380, 'URGENT!! Hazard Mitigation Implementation Deadline', 'Please be notified that Hazard #11 is set to be reviewed on 2016-02-23. <br /><br />Hazard ID: 11. <br />Hazard Details: A track broke down on the runway. <br />Implementation Details: Tile the floor', 'sent', 12, 0, 'GROUP', 1, '2016-08-29 21:02:46', NULL, NULL, NULL, 0),
(1381, 'URGENT!! Hazard Mitigation Implementation Deadline', 'Please be notified that Hazard #11 is set to be reviewed on 2016-02-23. <br /><br />Hazard ID: 11. <br />Hazard Details: A track broke down on the runway. <br />Implementation Details: Tile the floor', 'sent', 13, 0, 'GROUP', 1, '2016-08-29 21:02:50', NULL, NULL, NULL, 0),
(1382, 'URGENT!! Incident Mitigation Implementation Deadli', 'Please be notified that Incident #13 is set to be reviewed on 2015-07-30. <br /><br />Incident ID: 13. <br />Incident Details: Hanging wires in server room. <br />Implementation Details: Call the service provider to do the maintenance works.', 'sent', 1, 0, 'GROUP', 1, '2016-08-29 21:03:36', NULL, NULL, NULL, 0),
(1383, 'URGENT!! Incident Mitigation Implementation Deadli', 'Please be notified that Incident #13 is set to be reviewed on 2015-07-30. <br /><br />Incident ID: 13. <br />Incident Details: Hanging wires in server room. <br />Implementation Details: Call the service provider to do the maintenance works.', 'sent', 2, 0, 'GROUP', 1, '2016-08-29 21:03:40', NULL, NULL, NULL, 0),
(1384, 'URGENT!! Incident Mitigation Implementation Deadli', 'Please be notified that Incident #13 is set to be reviewed on 2015-07-30. <br /><br />Incident ID: 13. <br />Incident Details: Hanging wires in server room. <br />Implementation Details: Call the service provider to do the maintenance works.', 'sent', 4, 0, 'GROUP', 1, '2016-08-29 21:03:44', NULL, NULL, NULL, 0),
(1385, 'URGENT!! Incident Mitigation Implementation Deadli', 'Please be notified that Incident #13 is set to be reviewed on 2015-07-30. <br /><br />Incident ID: 13. <br />Incident Details: Hanging wires in server room. <br />Implementation Details: Call the service provider to do the maintenance works.', 'sent', 5, 0, 'GROUP', 1, '2016-08-29 21:03:48', NULL, NULL, NULL, 0),
(1386, 'URGENT!! Incident Mitigation Implementation Deadli', 'Please be notified that Incident #13 is set to be reviewed on 2015-07-30. <br /><br />Incident ID: 13. <br />Incident Details: Hanging wires in server room. <br />Implementation Details: Call the service provider to do the maintenance works.', 'read', 6, 0, 'GROUP', 1, '2016-08-29 21:03:52', NULL, NULL, NULL, 0),
(1387, 'URGENT!! Incident Mitigation Implementation Deadli', 'Please be notified that Incident #13 is set to be reviewed on 2015-07-30. <br /><br />Incident ID: 13. <br />Incident Details: Hanging wires in server room. <br />Implementation Details: Call the service provider to do the maintenance works.', 'sent', 7, 0, 'GROUP', 1, '2016-08-29 21:03:56', NULL, NULL, NULL, 0),
(1388, 'URGENT!! Incident Mitigation Implementation Deadli', 'Please be notified that Incident #13 is set to be reviewed on 2015-07-30. <br /><br />Incident ID: 13. <br />Incident Details: Hanging wires in server room. <br />Implementation Details: Call the service provider to do the maintenance works.', 'sent', 9, 0, 'GROUP', 1, '2016-08-29 21:03:59', NULL, NULL, NULL, 0),
(1389, 'URGENT!! Incident Mitigation Implementation Deadli', 'Please be notified that Incident #13 is set to be reviewed on 2015-07-30. <br /><br />Incident ID: 13. <br />Incident Details: Hanging wires in server room. <br />Implementation Details: Call the service provider to do the maintenance works.', 'sent', 10, 0, 'GROUP', 1, '2016-08-29 21:04:03', NULL, NULL, NULL, 0),
(1390, 'URGENT!! Incident Mitigation Implementation Deadli', 'Please be notified that Incident #13 is set to be reviewed on 2015-07-30. <br /><br />Incident ID: 13. <br />Incident Details: Hanging wires in server room. <br />Implementation Details: Call the service provider to do the maintenance works.', 'sent', 11, 0, 'GROUP', 1, '2016-08-29 21:04:07', NULL, NULL, NULL, 0),
(1391, 'URGENT!! Incident Mitigation Implementation Deadli', 'Please be notified that Incident #13 is set to be reviewed on 2015-07-30. <br /><br />Incident ID: 13. <br />Incident Details: Hanging wires in server room. <br />Implementation Details: Call the service provider to do the maintenance works.', 'sent', 12, 0, 'GROUP', 1, '2016-08-29 21:04:11', NULL, NULL, NULL, 0),
(1392, 'URGENT!! Incident Mitigation Implementation Deadli', 'Please be notified that Incident #13 is set to be reviewed on 2015-07-30. <br /><br />Incident ID: 13. <br />Incident Details: Hanging wires in server room. <br />Implementation Details: Call the service provider to do the maintenance works.', 'sent', 13, 0, 'GROUP', 1, '2016-08-29 21:04:15', NULL, NULL, NULL, 0),
(1393, 'URGENT!! Issue Mitigation Implementation Deadline', 'Please be notified that Issue #39 is set to be reviewed on 2015-07-30. <br /><br />Issue ID: 39. <br />Issue Details: Fire in server room. <br />Implementation Details: Contact service provider', 'sent', 1, 0, 'GROUP', 1, '2016-08-29 21:05:03', NULL, NULL, NULL, 0),
(1394, 'URGENT!! Issue Mitigation Implementation Deadline', 'Please be notified that Issue #39 is set to be reviewed on 2015-07-30. <br /><br />Issue ID: 39. <br />Issue Details: Fire in server room. <br />Implementation Details: Contact service provider', 'sent', 2, 0, 'GROUP', 1, '2016-08-29 21:05:06', NULL, NULL, NULL, 0),
(1395, 'URGENT!! Issue Mitigation Implementation Deadline', 'Please be notified that Issue #39 is set to be reviewed on 2015-07-30. <br /><br />Issue ID: 39. <br />Issue Details: Fire in server room. <br />Implementation Details: Contact service provider', 'sent', 4, 0, 'GROUP', 1, '2016-08-29 21:05:10', NULL, NULL, NULL, 0),
(1396, 'URGENT!! Issue Mitigation Implementation Deadline', 'Please be notified that Issue #39 is set to be reviewed on 2015-07-30. <br /><br />Issue ID: 39. <br />Issue Details: Fire in server room. <br />Implementation Details: Contact service provider', 'sent', 5, 0, 'GROUP', 1, '2016-08-29 21:05:14', NULL, NULL, NULL, 0),
(1397, 'URGENT!! Issue Mitigation Implementation Deadline', 'Please be notified that Issue #39 is set to be reviewed on 2015-07-30. <br /><br />Issue ID: 39. <br />Issue Details: Fire in server room. <br />Implementation Details: Contact service provider', 'read', 6, 0, 'GROUP', 1, '2016-08-29 21:05:18', NULL, NULL, NULL, 0),
(1398, 'URGENT!! Issue Mitigation Implementation Deadline', 'Please be notified that Issue #39 is set to be reviewed on 2015-07-30. <br /><br />Issue ID: 39. <br />Issue Details: Fire in server room. <br />Implementation Details: Contact service provider', 'sent', 7, 0, 'GROUP', 1, '2016-08-29 21:05:22', NULL, NULL, NULL, 0),
(1399, 'URGENT!! Issue Mitigation Implementation Deadline', 'Please be notified that Issue #39 is set to be reviewed on 2015-07-30. <br /><br />Issue ID: 39. <br />Issue Details: Fire in server room. <br />Implementation Details: Contact service provider', 'sent', 9, 0, 'GROUP', 1, '2016-08-29 21:05:26', NULL, NULL, NULL, 0),
(1400, 'URGENT!! Issue Mitigation Implementation Deadline', 'Please be notified that Issue #39 is set to be reviewed on 2015-07-30. <br /><br />Issue ID: 39. <br />Issue Details: Fire in server room. <br />Implementation Details: Contact service provider', 'sent', 10, 0, 'GROUP', 1, '2016-08-29 21:05:30', NULL, NULL, NULL, 0),
(1401, 'URGENT!! Issue Mitigation Implementation Deadline', 'Please be notified that Issue #39 is set to be reviewed on 2015-07-30. <br /><br />Issue ID: 39. <br />Issue Details: Fire in server room. <br />Implementation Details: Contact service provider', 'sent', 11, 0, 'GROUP', 1, '2016-08-29 21:05:33', NULL, NULL, NULL, 0),
(1402, 'URGENT!! Issue Mitigation Implementation Deadline', 'Please be notified that Issue #39 is set to be reviewed on 2015-07-30. <br /><br />Issue ID: 39. <br />Issue Details: Fire in server room. <br />Implementation Details: Contact service provider', 'sent', 12, 0, 'GROUP', 1, '2016-08-29 21:05:37', NULL, NULL, NULL, 0),
(1403, 'URGENT!! Issue Mitigation Implementation Deadline', 'Please be notified that Issue #39 is set to be reviewed on 2015-07-30. <br /><br />Issue ID: 39. <br />Issue Details: Fire in server room. <br />Implementation Details: Contact service provider', 'sent', 13, 0, 'GROUP', 1, '2016-08-29 21:05:41', NULL, NULL, NULL, 0),
(1404, 'URGENT!! Hazard Mitigation Implementation Deadline', 'Please be notified that Hazard #83 is set to be reviewed on 2016-02-23. <br /><br />Hazard ID: 83. <br />Hazard Details: Trees blocking run way view. <br />Implementation Details: sleeping', 'sent', 1, 0, 'GROUP', 1, '2016-08-29 21:06:28', NULL, NULL, NULL, 0),
(1405, 'URGENT!! Hazard Mitigation Implementation Deadline', 'Please be notified that Hazard #83 is set to be reviewed on 2016-02-23. <br /><br />Hazard ID: 83. <br />Hazard Details: Trees blocking run way view. <br />Implementation Details: sleeping', 'sent', 2, 0, 'GROUP', 1, '2016-08-29 21:06:32', NULL, NULL, NULL, 0),
(1406, 'URGENT!! Hazard Mitigation Implementation Deadline', 'Please be notified that Hazard #83 is set to be reviewed on 2016-02-23. <br /><br />Hazard ID: 83. <br />Hazard Details: Trees blocking run way view. <br />Implementation Details: sleeping', 'sent', 4, 0, 'GROUP', 1, '2016-08-29 21:06:36', NULL, NULL, NULL, 0),
(1407, 'URGENT!! Hazard Mitigation Implementation Deadline', 'Please be notified that Hazard #83 is set to be reviewed on 2016-02-23. <br /><br />Hazard ID: 83. <br />Hazard Details: Trees blocking run way view. <br />Implementation Details: sleeping', 'sent', 5, 0, 'GROUP', 1, '2016-08-29 21:06:40', NULL, NULL, NULL, 0),
(1408, 'URGENT!! Hazard Mitigation Implementation Deadline', 'Please be notified that Hazard #83 is set to be reviewed on 2016-02-23. <br /><br />Hazard ID: 83. <br />Hazard Details: Trees blocking run way view. <br />Implementation Details: sleeping', 'read', 6, 0, 'GROUP', 1, '2016-08-29 21:06:44', NULL, NULL, NULL, 0),
(1409, 'URGENT!! Hazard Mitigation Implementation Deadline', 'Please be notified that Hazard #83 is set to be reviewed on 2016-02-23. <br /><br />Hazard ID: 83. <br />Hazard Details: Trees blocking run way view. <br />Implementation Details: sleeping', 'sent', 7, 0, 'GROUP', 1, '2016-08-29 21:06:48', NULL, NULL, NULL, 0),
(1410, 'URGENT!! Hazard Mitigation Implementation Deadline', 'Please be notified that Hazard #83 is set to be reviewed on 2016-02-23. <br /><br />Hazard ID: 83. <br />Hazard Details: Trees blocking run way view. <br />Implementation Details: sleeping', 'sent', 9, 0, 'GROUP', 1, '2016-08-29 21:06:52', NULL, NULL, NULL, 0),
(1411, 'URGENT!! Hazard Mitigation Implementation Deadline', 'Please be notified that Hazard #83 is set to be reviewed on 2016-02-23. <br /><br />Hazard ID: 83. <br />Hazard Details: Trees blocking run way view. <br />Implementation Details: sleeping', 'sent', 10, 0, 'GROUP', 1, '2016-08-29 21:06:55', NULL, NULL, NULL, 0),
(1412, 'URGENT!! Hazard Mitigation Implementation Deadline', 'Please be notified that Hazard #83 is set to be reviewed on 2016-02-23. <br /><br />Hazard ID: 83. <br />Hazard Details: Trees blocking run way view. <br />Implementation Details: sleeping', 'sent', 11, 0, 'GROUP', 1, '2016-08-29 21:07:00', NULL, NULL, NULL, 0),
(1413, 'URGENT!! Hazard Mitigation Implementation Deadline', 'Please be notified that Hazard #83 is set to be reviewed on 2016-02-23. <br /><br />Hazard ID: 83. <br />Hazard Details: Trees blocking run way view. <br />Implementation Details: sleeping', 'sent', 12, 0, 'GROUP', 1, '2016-08-29 21:07:04', NULL, NULL, NULL, 0),
(1414, 'URGENT!! Hazard Mitigation Implementation Deadline', 'Please be notified that Hazard #83 is set to be reviewed on 2016-02-23. <br /><br />Hazard ID: 83. <br />Hazard Details: Trees blocking run way view. <br />Implementation Details: sleeping', 'sent', 13, 0, 'GROUP', 1, '2016-08-29 21:07:08', NULL, NULL, NULL, 0),
(1415, 'URGENT!! Hazard Mitigation Implementation Deadline', 'Please be notified that Hazard #222 is set to be reviewed on 2016-08-23. <br /><br />Hazard ID: 222. <br />Hazard Details: Crossing 12/30. <br />Implementation Details: Planned for under Current Budget', 'sent', 1, 0, 'GROUP', 1, '2016-08-29 21:07:55', NULL, NULL, NULL, 0),
(1416, 'URGENT!! Hazard Mitigation Implementation Deadline', 'Please be notified that Hazard #222 is set to be reviewed on 2016-08-23. <br /><br />Hazard ID: 222. <br />Hazard Details: Crossing 12/30. <br />Implementation Details: Planned for under Current Budget', 'sent', 2, 0, 'GROUP', 1, '2016-08-29 21:08:00', NULL, NULL, NULL, 0),
(1417, 'URGENT!! Hazard Mitigation Implementation Deadline', 'Please be notified that Hazard #222 is set to be reviewed on 2016-08-23. <br /><br />Hazard ID: 222. <br />Hazard Details: Crossing 12/30. <br />Implementation Details: Planned for under Current Budget', 'sent', 4, 0, 'GROUP', 1, '2016-08-29 21:08:03', NULL, NULL, NULL, 0),
(1418, 'URGENT!! Hazard Mitigation Implementation Deadline', 'Please be notified that Hazard #222 is set to be reviewed on 2016-08-23. <br /><br />Hazard ID: 222. <br />Hazard Details: Crossing 12/30. <br />Implementation Details: Planned for under Current Budget', 'sent', 5, 0, 'GROUP', 1, '2016-08-29 21:08:07', NULL, NULL, NULL, 0),
(1419, 'URGENT!! Hazard Mitigation Implementation Deadline', 'Please be notified that Hazard #222 is set to be reviewed on 2016-08-23. <br /><br />Hazard ID: 222. <br />Hazard Details: Crossing 12/30. <br />Implementation Details: Planned for under Current Budget', 'read', 6, 0, 'GROUP', 1, '2016-08-29 21:08:11', NULL, NULL, NULL, 0),
(1420, 'URGENT!! Hazard Mitigation Implementation Deadline', 'Please be notified that Hazard #222 is set to be reviewed on 2016-08-23. <br /><br />Hazard ID: 222. <br />Hazard Details: Crossing 12/30. <br />Implementation Details: Planned for under Current Budget', 'sent', 7, 0, 'GROUP', 1, '2016-08-29 21:08:15', NULL, NULL, NULL, 0),
(1421, 'URGENT!! Hazard Mitigation Implementation Deadline', 'Please be notified that Hazard #222 is set to be reviewed on 2016-08-23. <br /><br />Hazard ID: 222. <br />Hazard Details: Crossing 12/30. <br />Implementation Details: Planned for under Current Budget', 'sent', 9, 0, 'GROUP', 1, '2016-08-29 21:08:19', NULL, NULL, NULL, 0),
(1422, 'URGENT!! Hazard Mitigation Implementation Deadline', 'Please be notified that Hazard #222 is set to be reviewed on 2016-08-23. <br /><br />Hazard ID: 222. <br />Hazard Details: Crossing 12/30. <br />Implementation Details: Planned for under Current Budget', 'sent', 10, 0, 'GROUP', 1, '2016-08-29 21:08:23', NULL, NULL, NULL, 0),
(1423, 'URGENT!! Hazard Mitigation Implementation Deadline', 'Please be notified that Hazard #222 is set to be reviewed on 2016-08-23. <br /><br />Hazard ID: 222. <br />Hazard Details: Crossing 12/30. <br />Implementation Details: Planned for under Current Budget', 'sent', 11, 0, 'GROUP', 1, '2016-08-29 21:08:27', NULL, NULL, NULL, 0),
(1424, 'URGENT!! Hazard Mitigation Implementation Deadline', 'Please be notified that Hazard #222 is set to be reviewed on 2016-08-23. <br /><br />Hazard ID: 222. <br />Hazard Details: Crossing 12/30. <br />Implementation Details: Planned for under Current Budget', 'sent', 12, 0, 'GROUP', 1, '2016-08-29 21:08:31', NULL, NULL, NULL, 0),
(1425, 'URGENT!! Hazard Mitigation Implementation Deadline', 'Please be notified that Hazard #222 is set to be reviewed on 2016-08-23. <br /><br />Hazard ID: 222. <br />Hazard Details: Crossing 12/30. <br />Implementation Details: Planned for under Current Budget', 'sent', 13, 0, 'GROUP', 1, '2016-08-29 21:08:34', NULL, NULL, NULL, 0),
(1426, 'NEW Hazard', 'A new Hazard has been submitted by rogers. Hazard ID: 231. Hazard details: Only one  Bird hazard van in Entebbe', 'sent', 1, 6, 'GROUP', 0, '2016-08-30 08:59:43', NULL, NULL, NULL, 0),
(1427, 'NEW Hazard', 'A new Hazard has been submitted by rogers. Hazard ID: 231. Hazard details: Only one  Bird hazard van in Entebbe', 'sent', 2, 6, 'GROUP', 0, '2016-08-30 08:59:47', NULL, NULL, NULL, 0),
(1428, 'NEW Hazard', 'A new Hazard has been submitted by rogers. Hazard ID: 231. Hazard details: Only one  Bird hazard van in Entebbe', 'sent', 4, 6, 'GROUP', 0, '2016-08-30 08:59:52', NULL, NULL, NULL, 0),
(1429, 'NEW Hazard', 'A new Hazard has been submitted by rogers. Hazard ID: 231. Hazard details: Only one  Bird hazard van in Entebbe', 'sent', 5, 6, 'GROUP', 0, '2016-08-30 08:59:56', NULL, NULL, NULL, 0),
(1430, 'NEW Hazard', 'A new Hazard has been submitted by rogers. Hazard ID: 231. Hazard details: Only one  Bird hazard van in Entebbe', 'read', 6, 6, 'GROUP', 0, '2016-08-30 09:00:00', NULL, NULL, NULL, 0),
(1431, 'NEW Hazard', 'A new Hazard has been submitted by rogers. Hazard ID: 231. Hazard details: Only one  Bird hazard van in Entebbe', 'sent', 7, 6, 'GROUP', 0, '2016-08-30 09:00:04', NULL, NULL, NULL, 0),
(1432, 'NEW Hazard', 'A new Hazard has been submitted by rogers. Hazard ID: 231. Hazard details: Only one  Bird hazard van in Entebbe', 'sent', 9, 6, 'GROUP', 0, '2016-08-30 09:00:08', NULL, NULL, NULL, 0),
(1433, 'NEW Hazard', 'A new Hazard has been submitted by rogers. Hazard ID: 231. Hazard details: Only one  Bird hazard van in Entebbe', 'sent', 10, 6, 'GROUP', 0, '2016-08-30 09:00:13', NULL, NULL, NULL, 0),
(1434, 'NEW Hazard', 'A new Hazard has been submitted by rogers. Hazard ID: 231. Hazard details: Only one  Bird hazard van in Entebbe', 'sent', 11, 6, 'GROUP', 0, '2016-08-30 09:00:17', NULL, NULL, NULL, 0),
(1435, 'NEW Hazard', 'A new Hazard has been submitted by rogers. Hazard ID: 231. Hazard details: Only one  Bird hazard van in Entebbe', 'sent', 12, 6, 'GROUP', 0, '2016-08-30 09:00:21', NULL, NULL, NULL, 0),
(1436, 'NEW Hazard', 'A new Hazard has been submitted by rogers. Hazard ID: 231. Hazard details: Only one  Bird hazard van in Entebbe', 'sent', 13, 6, 'GROUP', 0, '2016-08-30 09:00:25', NULL, NULL, NULL, 0),
(1437, 'NEW Hazard', 'A new Hazard has been submitted by rogers. Hazard ID: 231. Hazard details: Only one  Bird hazard van in Entebbe', 'read', 6, 6, 'GROUP', 0, '2016-08-30 09:00:35', NULL, NULL, NULL, 0),
(1438, 'Assigned New Icident', 'You have Been Assigned A new Incident #231', 'sent', 12, 6, 'PRIVATE', 0, '2016-08-30 09:20:37', NULL, NULL, NULL, 0),
(1439, 'URGENT!! Investigator Notification', 'You have been assigned as investigator for: Hazard ID: 231. Hazard details: Only one  Bird hazard van in Entebbe', 'sent', 12, 6, 'PRIVATE', 1, '2016-08-30 09:20:42', NULL, NULL, NULL, 0),
(1440, 'URGENT!! Incident Mitigation Implementation Deadli', 'Please be notified that Incident #13 is set to be reviewed on 2015-07-30. <br /><br />Incident ID: 13. <br />Incident Details: Hanging wires in server room. <br />Implementation Details: Call the service provider to do the maintenance works.', 'sent', 1, 0, 'GROUP', 1, '2016-08-30 21:01:58', NULL, NULL, NULL, 0),
(1441, 'URGENT!! Incident Mitigation Implementation Deadli', 'Please be notified that Incident #13 is set to be reviewed on 2015-07-30. <br /><br />Incident ID: 13. <br />Incident Details: Hanging wires in server room. <br />Implementation Details: Call the service provider to do the maintenance works.', 'sent', 2, 0, 'GROUP', 1, '2016-08-30 21:02:09', NULL, NULL, NULL, 0),
(1442, 'URGENT!! Incident Mitigation Implementation Deadli', 'Please be notified that Incident #13 is set to be reviewed on 2015-07-30. <br /><br />Incident ID: 13. <br />Incident Details: Hanging wires in server room. <br />Implementation Details: Call the service provider to do the maintenance works.', 'sent', 4, 0, 'GROUP', 1, '2016-08-30 21:02:19', NULL, NULL, NULL, 0),
(1443, 'URGENT!! Incident Mitigation Implementation Deadli', 'Please be notified that Incident #13 is set to be reviewed on 2015-07-30. <br /><br />Incident ID: 13. <br />Incident Details: Hanging wires in server room. <br />Implementation Details: Call the service provider to do the maintenance works.', 'sent', 5, 0, 'GROUP', 1, '2016-08-30 21:02:29', NULL, NULL, NULL, 0),
(1444, 'URGENT!! Incident Mitigation Implementation Deadli', 'Please be notified that Incident #13 is set to be reviewed on 2015-07-30. <br /><br />Incident ID: 13. <br />Incident Details: Hanging wires in server room. <br />Implementation Details: Call the service provider to do the maintenance works.', 'sent', 6, 0, 'GROUP', 1, '2016-08-30 21:02:39', NULL, NULL, NULL, 0),
(1445, 'URGENT!! Incident Mitigation Implementation Deadli', 'Please be notified that Incident #13 is set to be reviewed on 2015-07-30. <br /><br />Incident ID: 13. <br />Incident Details: Hanging wires in server room. <br />Implementation Details: Call the service provider to do the maintenance works.', 'sent', 7, 0, 'GROUP', 1, '2016-08-30 21:02:50', NULL, NULL, NULL, 0),
(1446, 'URGENT!! Incident Mitigation Implementation Deadli', 'Please be notified that Incident #13 is set to be reviewed on 2015-07-30. <br /><br />Incident ID: 13. <br />Incident Details: Hanging wires in server room. <br />Implementation Details: Call the service provider to do the maintenance works.', 'sent', 9, 0, 'GROUP', 1, '2016-08-30 21:03:00', NULL, NULL, NULL, 0),
(1447, 'URGENT!! Incident Mitigation Implementation Deadli', 'Please be notified that Incident #13 is set to be reviewed on 2015-07-30. <br /><br />Incident ID: 13. <br />Incident Details: Hanging wires in server room. <br />Implementation Details: Call the service provider to do the maintenance works.', 'sent', 10, 0, 'GROUP', 1, '2016-08-30 21:03:10', NULL, NULL, NULL, 0),
(1448, 'URGENT!! Incident Mitigation Implementation Deadli', 'Please be notified that Incident #13 is set to be reviewed on 2015-07-30. <br /><br />Incident ID: 13. <br />Incident Details: Hanging wires in server room. <br />Implementation Details: Call the service provider to do the maintenance works.', 'sent', 11, 0, 'GROUP', 1, '2016-08-30 21:03:21', NULL, NULL, NULL, 0),
(1449, 'URGENT!! Incident Mitigation Implementation Deadli', 'Please be notified that Incident #13 is set to be reviewed on 2015-07-30. <br /><br />Incident ID: 13. <br />Incident Details: Hanging wires in server room. <br />Implementation Details: Call the service provider to do the maintenance works.', 'sent', 12, 0, 'GROUP', 1, '2016-08-30 21:03:31', NULL, NULL, NULL, 0),
(1450, 'URGENT!! Incident Mitigation Implementation Deadli', 'Please be notified that Incident #13 is set to be reviewed on 2015-07-30. <br /><br />Incident ID: 13. <br />Incident Details: Hanging wires in server room. <br />Implementation Details: Call the service provider to do the maintenance works.', 'sent', 13, 0, 'GROUP', 1, '2016-08-30 21:03:42', NULL, NULL, NULL, 0),
(1451, 'URGENT!! Issue Mitigation Implementation Deadline', 'Please be notified that Issue #39 is set to be reviewed on 2015-07-30. <br /><br />Issue ID: 39. <br />Issue Details: Fire in server room. <br />Implementation Details: Contact service provider', 'sent', 1, 0, 'GROUP', 1, '2016-08-30 21:05:48', NULL, NULL, NULL, 0),
(1452, 'URGENT!! Issue Mitigation Implementation Deadline', 'Please be notified that Issue #39 is set to be reviewed on 2015-07-30. <br /><br />Issue ID: 39. <br />Issue Details: Fire in server room. <br />Implementation Details: Contact service provider', 'sent', 2, 0, 'GROUP', 1, '2016-08-30 21:05:58', NULL, NULL, NULL, 0),
(1453, 'URGENT!! Issue Mitigation Implementation Deadline', 'Please be notified that Issue #39 is set to be reviewed on 2015-07-30. <br /><br />Issue ID: 39. <br />Issue Details: Fire in server room. <br />Implementation Details: Contact service provider', 'sent', 4, 0, 'GROUP', 1, '2016-08-30 21:06:08', NULL, NULL, NULL, 0),
(1454, 'URGENT!! Issue Mitigation Implementation Deadline', 'Please be notified that Issue #39 is set to be reviewed on 2015-07-30. <br /><br />Issue ID: 39. <br />Issue Details: Fire in server room. <br />Implementation Details: Contact service provider', 'sent', 5, 0, 'GROUP', 1, '2016-08-30 21:06:20', NULL, NULL, NULL, 0),
(1455, 'URGENT!! Issue Mitigation Implementation Deadline', 'Please be notified that Issue #39 is set to be reviewed on 2015-07-30. <br /><br />Issue ID: 39. <br />Issue Details: Fire in server room. <br />Implementation Details: Contact service provider', 'read', 6, 0, 'GROUP', 1, '2016-08-30 21:06:30', NULL, NULL, NULL, 0),
(1456, 'URGENT!! Issue Mitigation Implementation Deadline', 'Please be notified that Issue #39 is set to be reviewed on 2015-07-30. <br /><br />Issue ID: 39. <br />Issue Details: Fire in server room. <br />Implementation Details: Contact service provider', 'sent', 7, 0, 'GROUP', 1, '2016-08-30 21:06:40', NULL, NULL, NULL, 0),
(1457, 'URGENT!! Issue Mitigation Implementation Deadline', 'Please be notified that Issue #39 is set to be reviewed on 2015-07-30. <br /><br />Issue ID: 39. <br />Issue Details: Fire in server room. <br />Implementation Details: Contact service provider', 'sent', 9, 0, 'GROUP', 1, '2016-08-30 21:06:51', NULL, NULL, NULL, 0),
(1458, 'URGENT!! Issue Mitigation Implementation Deadline', 'Please be notified that Issue #39 is set to be reviewed on 2015-07-30. <br /><br />Issue ID: 39. <br />Issue Details: Fire in server room. <br />Implementation Details: Contact service provider', 'sent', 10, 0, 'GROUP', 1, '2016-08-30 21:07:01', NULL, NULL, NULL, 0),
(1459, 'URGENT!! Issue Mitigation Implementation Deadline', 'Please be notified that Issue #39 is set to be reviewed on 2015-07-30. <br /><br />Issue ID: 39. <br />Issue Details: Fire in server room. <br />Implementation Details: Contact service provider', 'sent', 11, 0, 'GROUP', 1, '2016-08-30 21:07:11', NULL, NULL, NULL, 0),
(1460, 'URGENT!! Issue Mitigation Implementation Deadline', 'Please be notified that Issue #39 is set to be reviewed on 2015-07-30. <br /><br />Issue ID: 39. <br />Issue Details: Fire in server room. <br />Implementation Details: Contact service provider', 'sent', 12, 0, 'GROUP', 1, '2016-08-30 21:07:21', NULL, NULL, NULL, 0),
(1461, 'URGENT!! Issue Mitigation Implementation Deadline', 'Please be notified that Issue #39 is set to be reviewed on 2015-07-30. <br /><br />Issue ID: 39. <br />Issue Details: Fire in server room. <br />Implementation Details: Contact service provider', 'sent', 13, 0, 'GROUP', 1, '2016-08-30 21:07:31', NULL, NULL, NULL, 0),
(1462, 'URGENT!! Hazard Review', 'Please be notified that Hazard #185 is set to be reviewed on 2013-01-01. <br /><br />Hazard ID: 185. <br />Details: selective hearing', 'sent', 1, 0, 'GROUP', 1, '2016-08-31 21:00:49', NULL, NULL, NULL, 0),
(1463, 'URGENT!! Hazard Review', 'Please be notified that Hazard #185 is set to be reviewed on 2013-01-01. <br /><br />Hazard ID: 185. <br />Details: selective hearing', 'sent', 2, 0, 'GROUP', 1, '2016-08-31 21:00:53', NULL, NULL, NULL, 0),
(1464, 'URGENT!! Hazard Review', 'Please be notified that Hazard #185 is set to be reviewed on 2013-01-01. <br /><br />Hazard ID: 185. <br />Details: selective hearing', 'sent', 4, 0, 'GROUP', 1, '2016-08-31 21:00:57', NULL, NULL, NULL, 0),
(1465, 'URGENT!! Hazard Review', 'Please be notified that Hazard #185 is set to be reviewed on 2013-01-01. <br /><br />Hazard ID: 185. <br />Details: selective hearing', 'sent', 5, 0, 'GROUP', 1, '2016-08-31 21:01:01', NULL, NULL, NULL, 0),
(1466, 'URGENT!! Hazard Review', 'Please be notified that Hazard #185 is set to be reviewed on 2013-01-01. <br /><br />Hazard ID: 185. <br />Details: selective hearing', 'sent', 6, 0, 'GROUP', 1, '2016-08-31 21:01:06', NULL, NULL, NULL, 0),
(1467, 'URGENT!! Hazard Review', 'Please be notified that Hazard #185 is set to be reviewed on 2013-01-01. <br /><br />Hazard ID: 185. <br />Details: selective hearing', 'sent', 7, 0, 'GROUP', 1, '2016-08-31 21:01:11', NULL, NULL, NULL, 0),
(1468, 'URGENT!! Hazard Review', 'Please be notified that Hazard #185 is set to be reviewed on 2013-01-01. <br /><br />Hazard ID: 185. <br />Details: selective hearing', 'sent', 9, 0, 'GROUP', 1, '2016-08-31 21:01:15', NULL, NULL, NULL, 0),
(1469, 'URGENT!! Hazard Review', 'Please be notified that Hazard #185 is set to be reviewed on 2013-01-01. <br /><br />Hazard ID: 185. <br />Details: selective hearing', 'sent', 10, 0, 'GROUP', 1, '2016-08-31 21:01:20', NULL, NULL, NULL, 0),
(1470, 'URGENT!! Hazard Review', 'Please be notified that Hazard #185 is set to be reviewed on 2013-01-01. <br /><br />Hazard ID: 185. <br />Details: selective hearing', 'sent', 11, 0, 'GROUP', 1, '2016-08-31 21:01:24', NULL, NULL, NULL, 0),
(1471, 'URGENT!! Hazard Review', 'Please be notified that Hazard #185 is set to be reviewed on 2013-01-01. <br /><br />Hazard ID: 185. <br />Details: selective hearing', 'sent', 12, 0, 'GROUP', 1, '2016-08-31 21:01:27', NULL, NULL, NULL, 0),
(1472, 'URGENT!! Hazard Review', 'Please be notified that Hazard #185 is set to be reviewed on 2013-01-01. <br /><br />Hazard ID: 185. <br />Details: selective hearing', 'sent', 13, 0, 'GROUP', 1, '2016-08-31 21:01:32', NULL, NULL, NULL, 0),
(1473, 'URGENT!! Hazard Review', 'Please be notified that Hazard #185 is set to be reviewed on 2013-01-01. <br /><br />Hazard ID: 185. <br />Details: selective hearing', 'sent', 1, 0, 'GROUP', 1, '2016-08-31 21:02:22', NULL, NULL, NULL, 0),
(1474, 'URGENT!! Hazard Review', 'Please be notified that Hazard #185 is set to be reviewed on 2013-01-01. <br /><br />Hazard ID: 185. <br />Details: selective hearing', 'sent', 2, 0, 'GROUP', 1, '2016-08-31 21:02:26', NULL, NULL, NULL, 0),
(1475, 'URGENT!! Hazard Review', 'Please be notified that Hazard #185 is set to be reviewed on 2013-01-01. <br /><br />Hazard ID: 185. <br />Details: selective hearing', 'sent', 4, 0, 'GROUP', 1, '2016-08-31 21:02:29', NULL, NULL, NULL, 0),
(1476, 'URGENT!! Hazard Review', 'Please be notified that Hazard #185 is set to be reviewed on 2013-01-01. <br /><br />Hazard ID: 185. <br />Details: selective hearing', 'sent', 5, 0, 'GROUP', 1, '2016-08-31 21:02:34', NULL, NULL, NULL, 0),
(1477, 'URGENT!! Hazard Review', 'Please be notified that Hazard #185 is set to be reviewed on 2013-01-01. <br /><br />Hazard ID: 185. <br />Details: selective hearing', 'sent', 6, 0, 'GROUP', 1, '2016-08-31 21:02:38', NULL, NULL, NULL, 0),
(1478, 'URGENT!! Hazard Review', 'Please be notified that Hazard #185 is set to be reviewed on 2013-01-01. <br /><br />Hazard ID: 185. <br />Details: selective hearing', 'sent', 7, 0, 'GROUP', 1, '2016-08-31 21:02:42', NULL, NULL, NULL, 0),
(1479, 'URGENT!! Hazard Review', 'Please be notified that Hazard #185 is set to be reviewed on 2013-01-01. <br /><br />Hazard ID: 185. <br />Details: selective hearing', 'sent', 9, 0, 'GROUP', 1, '2016-08-31 21:02:46', NULL, NULL, NULL, 0),
(1480, 'URGENT!! Hazard Review', 'Please be notified that Hazard #185 is set to be reviewed on 2013-01-01. <br /><br />Hazard ID: 185. <br />Details: selective hearing', 'sent', 10, 0, 'GROUP', 1, '2016-08-31 21:02:50', NULL, NULL, NULL, 0),
(1481, 'URGENT!! Hazard Review', 'Please be notified that Hazard #185 is set to be reviewed on 2013-01-01. <br /><br />Hazard ID: 185. <br />Details: selective hearing', 'sent', 11, 0, 'GROUP', 1, '2016-08-31 21:02:54', NULL, NULL, NULL, 0),
(1482, 'URGENT!! Hazard Review', 'Please be notified that Hazard #185 is set to be reviewed on 2013-01-01. <br /><br />Hazard ID: 185. <br />Details: selective hearing', 'sent', 12, 0, 'GROUP', 1, '2016-08-31 21:02:58', NULL, NULL, NULL, 0),
(1483, 'URGENT!! Hazard Review', 'Please be notified that Hazard #185 is set to be reviewed on 2013-01-01. <br /><br />Hazard ID: 185. <br />Details: selective hearing', 'sent', 13, 0, 'GROUP', 1, '2016-08-31 21:03:02', NULL, NULL, NULL, 0),
(1484, 'URGENT!! Incident Review', 'Please be notified that Incident #227 is set to be reviewed on 2016-08-25. <br /><br />Incident ID: 227. <br />Details: Crossing 12/30', 'sent', 1, 0, 'GROUP', 1, '2016-08-31 21:03:50', NULL, NULL, NULL, 0),
(1485, 'URGENT!! Incident Review', 'Please be notified that Incident #227 is set to be reviewed on 2016-08-25. <br /><br />Incident ID: 227. <br />Details: Crossing 12/30', 'sent', 2, 0, 'GROUP', 1, '2016-08-31 21:03:54', NULL, NULL, NULL, 0),
(1486, 'URGENT!! Incident Review', 'Please be notified that Incident #227 is set to be reviewed on 2016-08-25. <br /><br />Incident ID: 227. <br />Details: Crossing 12/30', 'sent', 4, 0, 'GROUP', 1, '2016-08-31 21:03:57', NULL, NULL, NULL, 0),
(1487, 'URGENT!! Incident Review', 'Please be notified that Incident #227 is set to be reviewed on 2016-08-25. <br /><br />Incident ID: 227. <br />Details: Crossing 12/30', 'sent', 5, 0, 'GROUP', 1, '2016-08-31 21:04:02', NULL, NULL, NULL, 0),
(1488, 'URGENT!! Incident Review', 'Please be notified that Incident #227 is set to be reviewed on 2016-08-25. <br /><br />Incident ID: 227. <br />Details: Crossing 12/30', 'read', 6, 0, 'GROUP', 1, '2016-08-31 21:04:06', NULL, NULL, NULL, 0),
(1489, 'URGENT!! Incident Review', 'Please be notified that Incident #227 is set to be reviewed on 2016-08-25. <br /><br />Incident ID: 227. <br />Details: Crossing 12/30', 'sent', 7, 0, 'GROUP', 1, '2016-08-31 21:04:09', NULL, NULL, NULL, 0),
(1490, 'URGENT!! Incident Review', 'Please be notified that Incident #227 is set to be reviewed on 2016-08-25. <br /><br />Incident ID: 227. <br />Details: Crossing 12/30', 'sent', 9, 0, 'GROUP', 1, '2016-08-31 21:04:14', NULL, NULL, NULL, 0),
(1491, 'URGENT!! Incident Review', 'Please be notified that Incident #227 is set to be reviewed on 2016-08-25. <br /><br />Incident ID: 227. <br />Details: Crossing 12/30', 'sent', 10, 0, 'GROUP', 1, '2016-08-31 21:04:18', NULL, NULL, NULL, 0),
(1492, 'URGENT!! Incident Review', 'Please be notified that Incident #227 is set to be reviewed on 2016-08-25. <br /><br />Incident ID: 227. <br />Details: Crossing 12/30', 'sent', 11, 0, 'GROUP', 1, '2016-08-31 21:04:22', NULL, NULL, NULL, 0),
(1493, 'URGENT!! Incident Review', 'Please be notified that Incident #227 is set to be reviewed on 2016-08-25. <br /><br />Incident ID: 227. <br />Details: Crossing 12/30', 'sent', 12, 0, 'GROUP', 1, '2016-08-31 21:04:25', NULL, NULL, NULL, 0),
(1494, 'URGENT!! Incident Review', 'Please be notified that Incident #227 is set to be reviewed on 2016-08-25. <br /><br />Incident ID: 227. <br />Details: Crossing 12/30', 'sent', 13, 0, 'GROUP', 1, '2016-08-31 21:04:29', NULL, NULL, NULL, 0),
(1495, 'URGENT!! Hazard Mitigation Implementation Deadline', 'Please be notified that Hazard #46 is set to be reviewed on 2015-09-25. <br /><br />Hazard ID: 46. <br />Hazard Details: licking tank. <br />Implementation Details: Replace tank with new one', 'sent', 1, 0, 'GROUP', 1, '2016-08-31 21:05:17', NULL, NULL, NULL, 0),
(1496, 'URGENT!! Hazard Mitigation Implementation Deadline', 'Please be notified that Hazard #46 is set to be reviewed on 2015-09-25. <br /><br />Hazard ID: 46. <br />Hazard Details: licking tank. <br />Implementation Details: Replace tank with new one', 'sent', 2, 0, 'GROUP', 1, '2016-08-31 21:05:21', NULL, NULL, NULL, 0),
(1497, 'URGENT!! Hazard Mitigation Implementation Deadline', 'Please be notified that Hazard #46 is set to be reviewed on 2015-09-25. <br /><br />Hazard ID: 46. <br />Hazard Details: licking tank. <br />Implementation Details: Replace tank with new one', 'sent', 4, 0, 'GROUP', 1, '2016-08-31 21:05:25', NULL, NULL, NULL, 0),
(1498, 'URGENT!! Hazard Mitigation Implementation Deadline', 'Please be notified that Hazard #46 is set to be reviewed on 2015-09-25. <br /><br />Hazard ID: 46. <br />Hazard Details: licking tank. <br />Implementation Details: Replace tank with new one', 'sent', 5, 0, 'GROUP', 1, '2016-08-31 21:05:29', NULL, NULL, NULL, 0),
(1499, 'URGENT!! Hazard Mitigation Implementation Deadline', 'Please be notified that Hazard #46 is set to be reviewed on 2015-09-25. <br /><br />Hazard ID: 46. <br />Hazard Details: licking tank. <br />Implementation Details: Replace tank with new one', 'read', 6, 0, 'GROUP', 1, '2016-08-31 21:05:33', NULL, NULL, NULL, 0),
(1500, 'URGENT!! Hazard Mitigation Implementation Deadline', 'Please be notified that Hazard #46 is set to be reviewed on 2015-09-25. <br /><br />Hazard ID: 46. <br />Hazard Details: licking tank. <br />Implementation Details: Replace tank with new one', 'sent', 7, 0, 'GROUP', 1, '2016-08-31 21:05:38', NULL, NULL, NULL, 0),
(1501, 'URGENT!! Hazard Mitigation Implementation Deadline', 'Please be notified that Hazard #46 is set to be reviewed on 2015-09-25. <br /><br />Hazard ID: 46. <br />Hazard Details: licking tank. <br />Implementation Details: Replace tank with new one', 'sent', 9, 0, 'GROUP', 1, '2016-08-31 21:05:42', NULL, NULL, NULL, 0),
(1502, 'URGENT!! Hazard Mitigation Implementation Deadline', 'Please be notified that Hazard #46 is set to be reviewed on 2015-09-25. <br /><br />Hazard ID: 46. <br />Hazard Details: licking tank. <br />Implementation Details: Replace tank with new one', 'sent', 10, 0, 'GROUP', 1, '2016-08-31 21:05:45', NULL, NULL, NULL, 0),
(1503, 'URGENT!! Hazard Mitigation Implementation Deadline', 'Please be notified that Hazard #46 is set to be reviewed on 2015-09-25. <br /><br />Hazard ID: 46. <br />Hazard Details: licking tank. <br />Implementation Details: Replace tank with new one', 'sent', 11, 0, 'GROUP', 1, '2016-08-31 21:05:49', NULL, NULL, NULL, 0),
(1504, 'URGENT!! Hazard Mitigation Implementation Deadline', 'Please be notified that Hazard #46 is set to be reviewed on 2015-09-25. <br /><br />Hazard ID: 46. <br />Hazard Details: licking tank. <br />Implementation Details: Replace tank with new one', 'sent', 12, 0, 'GROUP', 1, '2016-08-31 21:05:53', NULL, NULL, NULL, 0),
(1505, 'URGENT!! Hazard Mitigation Implementation Deadline', 'Please be notified that Hazard #46 is set to be reviewed on 2015-09-25. <br /><br />Hazard ID: 46. <br />Hazard Details: licking tank. <br />Implementation Details: Replace tank with new one', 'sent', 13, 0, 'GROUP', 1, '2016-08-31 21:05:58', NULL, NULL, NULL, 0),
(1506, 'URGENT!! Hazard Review', 'Please be notified that Hazard #185 is set to be reviewed on 2013-01-01. <br /><br />Hazard ID: 185. <br />Details: selective hearing', 'sent', 1, 0, 'GROUP', 1, '2016-09-01 21:00:49', NULL, NULL, NULL, 0),
(1507, 'URGENT!! Hazard Review', 'Please be notified that Hazard #185 is set to be reviewed on 2013-01-01. <br /><br />Hazard ID: 185. <br />Details: selective hearing', 'sent', 2, 0, 'GROUP', 1, '2016-09-01 21:00:53', NULL, NULL, NULL, 0),
(1508, 'URGENT!! Hazard Review', 'Please be notified that Hazard #185 is set to be reviewed on 2013-01-01. <br /><br />Hazard ID: 185. <br />Details: selective hearing', 'sent', 4, 0, 'GROUP', 1, '2016-09-01 21:00:57', NULL, NULL, NULL, 0),
(1509, 'URGENT!! Hazard Review', 'Please be notified that Hazard #185 is set to be reviewed on 2013-01-01. <br /><br />Hazard ID: 185. <br />Details: selective hearing', 'sent', 5, 0, 'GROUP', 1, '2016-09-01 21:01:01', NULL, NULL, NULL, 0),
(1510, 'URGENT!! Hazard Review', 'Please be notified that Hazard #185 is set to be reviewed on 2013-01-01. <br /><br />Hazard ID: 185. <br />Details: selective hearing', 'sent', 6, 0, 'GROUP', 1, '2016-09-01 21:01:05', NULL, NULL, NULL, 0),
(1511, 'URGENT!! Hazard Review', 'Please be notified that Hazard #185 is set to be reviewed on 2013-01-01. <br /><br />Hazard ID: 185. <br />Details: selective hearing', 'sent', 7, 0, 'GROUP', 1, '2016-09-01 21:01:09', NULL, NULL, NULL, 0),
(1512, 'URGENT!! Hazard Review', 'Please be notified that Hazard #185 is set to be reviewed on 2013-01-01. <br /><br />Hazard ID: 185. <br />Details: selective hearing', 'sent', 9, 0, 'GROUP', 1, '2016-09-01 21:01:14', NULL, NULL, NULL, 0),
(1513, 'URGENT!! Hazard Review', 'Please be notified that Hazard #185 is set to be reviewed on 2013-01-01. <br /><br />Hazard ID: 185. <br />Details: selective hearing', 'sent', 10, 0, 'GROUP', 1, '2016-09-01 21:01:18', NULL, NULL, NULL, 0),
(1514, 'URGENT!! Hazard Review', 'Please be notified that Hazard #185 is set to be reviewed on 2013-01-01. <br /><br />Hazard ID: 185. <br />Details: selective hearing', 'sent', 11, 0, 'GROUP', 1, '2016-09-01 21:01:22', NULL, NULL, NULL, 0),
(1515, 'URGENT!! Hazard Review', 'Please be notified that Hazard #185 is set to be reviewed on 2013-01-01. <br /><br />Hazard ID: 185. <br />Details: selective hearing', 'sent', 12, 0, 'GROUP', 1, '2016-09-01 21:01:26', NULL, NULL, NULL, 0),
(1516, 'URGENT!! Hazard Review', 'Please be notified that Hazard #185 is set to be reviewed on 2013-01-01. <br /><br />Hazard ID: 185. <br />Details: selective hearing', 'sent', 13, 0, 'GROUP', 1, '2016-09-01 21:01:30', NULL, NULL, NULL, 0),
(1517, 'URGENT!! Hazard Review', 'Please be notified that Hazard #185 is set to be reviewed on 2013-01-01. <br /><br />Hazard ID: 185. <br />Details: selective hearing', 'sent', 1, 0, 'GROUP', 1, '2016-09-01 21:02:21', NULL, NULL, NULL, 0),
(1518, 'URGENT!! Hazard Review', 'Please be notified that Hazard #185 is set to be reviewed on 2013-01-01. <br /><br />Hazard ID: 185. <br />Details: selective hearing', 'sent', 2, 0, 'GROUP', 1, '2016-09-01 21:02:25', NULL, NULL, NULL, 0),
(1519, 'URGENT!! Hazard Review', 'Please be notified that Hazard #185 is set to be reviewed on 2013-01-01. <br /><br />Hazard ID: 185. <br />Details: selective hearing', 'sent', 4, 0, 'GROUP', 1, '2016-09-01 21:02:29', NULL, NULL, NULL, 0),
(1520, 'URGENT!! Hazard Review', 'Please be notified that Hazard #185 is set to be reviewed on 2013-01-01. <br /><br />Hazard ID: 185. <br />Details: selective hearing', 'sent', 5, 0, 'GROUP', 1, '2016-09-01 21:02:33', NULL, NULL, NULL, 0),
(1521, 'URGENT!! Hazard Review', 'Please be notified that Hazard #185 is set to be reviewed on 2013-01-01. <br /><br />Hazard ID: 185. <br />Details: selective hearing', 'sent', 6, 0, 'GROUP', 1, '2016-09-01 21:02:37', NULL, NULL, NULL, 0),
(1522, 'URGENT!! Hazard Review', 'Please be notified that Hazard #185 is set to be reviewed on 2013-01-01. <br /><br />Hazard ID: 185. <br />Details: selective hearing', 'sent', 7, 0, 'GROUP', 1, '2016-09-01 21:02:41', NULL, NULL, NULL, 0),
(1523, 'URGENT!! Hazard Review', 'Please be notified that Hazard #185 is set to be reviewed on 2013-01-01. <br /><br />Hazard ID: 185. <br />Details: selective hearing', 'sent', 9, 0, 'GROUP', 1, '2016-09-01 21:02:45', NULL, NULL, NULL, 0),
(1524, 'URGENT!! Hazard Review', 'Please be notified that Hazard #185 is set to be reviewed on 2013-01-01. <br /><br />Hazard ID: 185. <br />Details: selective hearing', 'sent', 10, 0, 'GROUP', 1, '2016-09-01 21:02:49', NULL, NULL, NULL, 0),
(1525, 'URGENT!! Hazard Review', 'Please be notified that Hazard #185 is set to be reviewed on 2013-01-01. <br /><br />Hazard ID: 185. <br />Details: selective hearing', 'sent', 11, 0, 'GROUP', 1, '2016-09-01 21:02:53', NULL, NULL, NULL, 0),
(1526, 'URGENT!! Hazard Review', 'Please be notified that Hazard #185 is set to be reviewed on 2013-01-01. <br /><br />Hazard ID: 185. <br />Details: selective hearing', 'sent', 12, 0, 'GROUP', 1, '2016-09-01 21:02:57', NULL, NULL, NULL, 0),
(1527, 'URGENT!! Hazard Review', 'Please be notified that Hazard #185 is set to be reviewed on 2013-01-01. <br /><br />Hazard ID: 185. <br />Details: selective hearing', 'sent', 13, 0, 'GROUP', 1, '2016-09-01 21:03:01', NULL, NULL, NULL, 0),
(1528, 'URGENT!! Hazard Mitigation Implementation Deadline', 'Please be notified that Hazard #46 is set to be reviewed on 2015-09-25. <br /><br />Hazard ID: 46. <br />Hazard Details: licking tank. <br />Implementation Details: Replace tank with new one', 'sent', 1, 0, 'GROUP', 1, '2016-09-01 21:03:57', NULL, NULL, NULL, 0),
(1529, 'URGENT!! Hazard Mitigation Implementation Deadline', 'Please be notified that Hazard #46 is set to be reviewed on 2015-09-25. <br /><br />Hazard ID: 46. <br />Hazard Details: licking tank. <br />Implementation Details: Replace tank with new one', 'sent', 2, 0, 'GROUP', 1, '2016-09-01 21:04:02', NULL, NULL, NULL, 0),
(1530, 'URGENT!! Hazard Mitigation Implementation Deadline', 'Please be notified that Hazard #46 is set to be reviewed on 2015-09-25. <br /><br />Hazard ID: 46. <br />Hazard Details: licking tank. <br />Implementation Details: Replace tank with new one', 'sent', 4, 0, 'GROUP', 1, '2016-09-01 21:04:06', NULL, NULL, NULL, 0),
(1531, 'URGENT!! Hazard Mitigation Implementation Deadline', 'Please be notified that Hazard #46 is set to be reviewed on 2015-09-25. <br /><br />Hazard ID: 46. <br />Hazard Details: licking tank. <br />Implementation Details: Replace tank with new one', 'sent', 5, 0, 'GROUP', 1, '2016-09-01 21:04:11', NULL, NULL, NULL, 0),
(1532, 'URGENT!! Hazard Mitigation Implementation Deadline', 'Please be notified that Hazard #46 is set to be reviewed on 2015-09-25. <br /><br />Hazard ID: 46. <br />Hazard Details: licking tank. <br />Implementation Details: Replace tank with new one', 'sent', 6, 0, 'GROUP', 1, '2016-09-01 21:04:16', NULL, NULL, NULL, 0),
(1533, 'URGENT!! Hazard Mitigation Implementation Deadline', 'Please be notified that Hazard #46 is set to be reviewed on 2015-09-25. <br /><br />Hazard ID: 46. <br />Hazard Details: licking tank. <br />Implementation Details: Replace tank with new one', 'sent', 7, 0, 'GROUP', 1, '2016-09-01 21:04:22', NULL, NULL, NULL, 0),
(1534, 'URGENT!! Hazard Mitigation Implementation Deadline', 'Please be notified that Hazard #46 is set to be reviewed on 2015-09-25. <br /><br />Hazard ID: 46. <br />Hazard Details: licking tank. <br />Implementation Details: Replace tank with new one', 'sent', 9, 0, 'GROUP', 1, '2016-09-01 21:04:27', NULL, NULL, NULL, 0),
(1535, 'URGENT!! Hazard Mitigation Implementation Deadline', 'Please be notified that Hazard #46 is set to be reviewed on 2015-09-25. <br /><br />Hazard ID: 46. <br />Hazard Details: licking tank. <br />Implementation Details: Replace tank with new one', 'sent', 10, 0, 'GROUP', 1, '2016-09-01 21:04:32', NULL, NULL, NULL, 0),
(1536, 'URGENT!! Hazard Mitigation Implementation Deadline', 'Please be notified that Hazard #46 is set to be reviewed on 2015-09-25. <br /><br />Hazard ID: 46. <br />Hazard Details: licking tank. <br />Implementation Details: Replace tank with new one', 'sent', 11, 0, 'GROUP', 1, '2016-09-01 21:04:37', NULL, NULL, NULL, 0);
INSERT INTO `notifications` (`id`, `subject`, `description`, `status`, `user`, `user_from`, `type`, `urgent`, `date_created`, `target_group`, `current_user`, `current_user_id`, `acknowledge`) VALUES
(1537, 'URGENT!! Hazard Mitigation Implementation Deadline', 'Please be notified that Hazard #46 is set to be reviewed on 2015-09-25. <br /><br />Hazard ID: 46. <br />Hazard Details: licking tank. <br />Implementation Details: Replace tank with new one', 'sent', 12, 0, 'GROUP', 1, '2016-09-01 21:04:41', NULL, NULL, NULL, 0),
(1538, 'URGENT!! Hazard Mitigation Implementation Deadline', 'Please be notified that Hazard #46 is set to be reviewed on 2015-09-25. <br /><br />Hazard ID: 46. <br />Hazard Details: licking tank. <br />Implementation Details: Replace tank with new one', 'sent', 13, 0, 'GROUP', 1, '2016-09-01 21:04:45', NULL, NULL, NULL, 0),
(1539, 'NEW Hazard', 'A new Hazard has been submitted by admin. Hazard ID: 232. Hazard details: HAZARD', 'sent', 1, 2, 'GROUP', 0, '2016-09-02 12:58:21', NULL, NULL, NULL, 0),
(1540, 'NEW Hazard', 'A new Hazard has been submitted by admin. Hazard ID: 232. Hazard details: HAZARD', 'sent', 2, 2, 'GROUP', 0, '2016-09-02 12:58:26', NULL, NULL, NULL, 0),
(1541, 'NEW Hazard', 'A new Hazard has been submitted by admin. Hazard ID: 232. Hazard details: HAZARD', 'sent', 4, 2, 'GROUP', 0, '2016-09-02 12:58:30', NULL, NULL, NULL, 0),
(1542, 'NEW Hazard', 'A new Hazard has been submitted by admin. Hazard ID: 232. Hazard details: HAZARD', 'sent', 5, 2, 'GROUP', 0, '2016-09-02 12:58:33', NULL, NULL, NULL, 0),
(1543, 'NEW Hazard', 'A new Hazard has been submitted by admin. Hazard ID: 232. Hazard details: HAZARD', 'sent', 6, 2, 'GROUP', 0, '2016-09-02 12:58:37', NULL, NULL, NULL, 0),
(1544, 'NEW Hazard', 'A new Hazard has been submitted by admin. Hazard ID: 232. Hazard details: HAZARD', 'sent', 7, 2, 'GROUP', 0, '2016-09-02 12:58:43', NULL, NULL, NULL, 0),
(1545, 'NEW Hazard', 'A new Hazard has been submitted by admin. Hazard ID: 232. Hazard details: HAZARD', 'sent', 9, 2, 'GROUP', 0, '2016-09-02 12:58:48', NULL, NULL, NULL, 0),
(1546, 'NEW Hazard', 'A new Hazard has been submitted by admin. Hazard ID: 232. Hazard details: HAZARD', 'sent', 10, 2, 'GROUP', 0, '2016-09-02 12:58:52', NULL, NULL, NULL, 0),
(1547, 'NEW Hazard', 'A new Hazard has been submitted by admin. Hazard ID: 232. Hazard details: HAZARD', 'sent', 11, 2, 'GROUP', 0, '2016-09-02 12:58:55', NULL, NULL, NULL, 0),
(1548, 'NEW Hazard', 'A new Hazard has been submitted by admin. Hazard ID: 232. Hazard details: HAZARD', 'sent', 12, 2, 'GROUP', 0, '2016-09-02 12:58:59', NULL, NULL, NULL, 0),
(1549, 'NEW Hazard', 'A new Hazard has been submitted by admin. Hazard ID: 232. Hazard details: HAZARD', 'sent', 13, 2, 'GROUP', 0, '2016-09-02 12:59:03', NULL, NULL, NULL, 0),
(1550, 'NEW Hazard', 'A new Hazard has been submitted by admin. Hazard ID: 232. Hazard details: HAZARD', 'sent', 2, 2, 'GROUP', 0, '2016-09-02 12:59:12', NULL, NULL, NULL, 0),
(1551, 'URGENT!! Hazard Review', 'Please be notified that Hazard #215 is set to be reviewed on 2016-08-03. <br /><br />Hazard ID: 215. <br />Details: building in final approach path runway 17', 'sent', 1, 0, 'GROUP', 1, '2016-09-02 21:00:47', NULL, NULL, NULL, 0),
(1552, 'URGENT!! Hazard Review', 'Please be notified that Hazard #215 is set to be reviewed on 2016-08-03. <br /><br />Hazard ID: 215. <br />Details: building in final approach path runway 17', 'sent', 2, 0, 'GROUP', 1, '2016-09-02 21:00:51', NULL, NULL, NULL, 0),
(1553, 'URGENT!! Hazard Review', 'Please be notified that Hazard #215 is set to be reviewed on 2016-08-03. <br /><br />Hazard ID: 215. <br />Details: building in final approach path runway 17', 'sent', 4, 0, 'GROUP', 1, '2016-09-02 21:00:55', NULL, NULL, NULL, 0),
(1554, 'URGENT!! Hazard Review', 'Please be notified that Hazard #215 is set to be reviewed on 2016-08-03. <br /><br />Hazard ID: 215. <br />Details: building in final approach path runway 17', 'sent', 5, 0, 'GROUP', 1, '2016-09-02 21:00:59', NULL, NULL, NULL, 0),
(1555, 'URGENT!! Hazard Review', 'Please be notified that Hazard #215 is set to be reviewed on 2016-08-03. <br /><br />Hazard ID: 215. <br />Details: building in final approach path runway 17', 'sent', 6, 0, 'GROUP', 1, '2016-09-02 21:01:03', NULL, NULL, NULL, 0),
(1556, 'URGENT!! Hazard Review', 'Please be notified that Hazard #215 is set to be reviewed on 2016-08-03. <br /><br />Hazard ID: 215. <br />Details: building in final approach path runway 17', 'sent', 7, 0, 'GROUP', 1, '2016-09-02 21:01:07', NULL, NULL, NULL, 0),
(1557, 'URGENT!! Hazard Review', 'Please be notified that Hazard #215 is set to be reviewed on 2016-08-03. <br /><br />Hazard ID: 215. <br />Details: building in final approach path runway 17', 'sent', 9, 0, 'GROUP', 1, '2016-09-02 21:01:11', NULL, NULL, NULL, 0),
(1558, 'URGENT!! Hazard Review', 'Please be notified that Hazard #215 is set to be reviewed on 2016-08-03. <br /><br />Hazard ID: 215. <br />Details: building in final approach path runway 17', 'sent', 10, 0, 'GROUP', 1, '2016-09-02 21:01:16', NULL, NULL, NULL, 0),
(1559, 'URGENT!! Hazard Review', 'Please be notified that Hazard #215 is set to be reviewed on 2016-08-03. <br /><br />Hazard ID: 215. <br />Details: building in final approach path runway 17', 'sent', 11, 0, 'GROUP', 1, '2016-09-02 21:01:20', NULL, NULL, NULL, 0),
(1560, 'URGENT!! Hazard Review', 'Please be notified that Hazard #215 is set to be reviewed on 2016-08-03. <br /><br />Hazard ID: 215. <br />Details: building in final approach path runway 17', 'sent', 12, 0, 'GROUP', 1, '2016-09-02 21:01:24', NULL, NULL, NULL, 0),
(1561, 'URGENT!! Hazard Review', 'Please be notified that Hazard #215 is set to be reviewed on 2016-08-03. <br /><br />Hazard ID: 215. <br />Details: building in final approach path runway 17', 'sent', 13, 0, 'GROUP', 1, '2016-09-02 21:01:28', NULL, NULL, NULL, 0),
(1562, 'URGENT!! Hazard Review', 'Please be notified that Hazard #215 is set to be reviewed on 2016-08-03. <br /><br />Hazard ID: 215. <br />Details: building in final approach path runway 17', 'sent', 1, 0, 'GROUP', 1, '2016-09-02 21:02:18', NULL, NULL, NULL, 0),
(1563, 'URGENT!! Hazard Review', 'Please be notified that Hazard #215 is set to be reviewed on 2016-08-03. <br /><br />Hazard ID: 215. <br />Details: building in final approach path runway 17', 'sent', 2, 0, 'GROUP', 1, '2016-09-02 21:02:22', NULL, NULL, NULL, 0),
(1564, 'URGENT!! Hazard Review', 'Please be notified that Hazard #215 is set to be reviewed on 2016-08-03. <br /><br />Hazard ID: 215. <br />Details: building in final approach path runway 17', 'sent', 4, 0, 'GROUP', 1, '2016-09-02 21:02:26', NULL, NULL, NULL, 0),
(1565, 'URGENT!! Hazard Review', 'Please be notified that Hazard #215 is set to be reviewed on 2016-08-03. <br /><br />Hazard ID: 215. <br />Details: building in final approach path runway 17', 'sent', 5, 0, 'GROUP', 1, '2016-09-02 21:02:30', NULL, NULL, NULL, 0),
(1566, 'URGENT!! Hazard Review', 'Please be notified that Hazard #215 is set to be reviewed on 2016-08-03. <br /><br />Hazard ID: 215. <br />Details: building in final approach path runway 17', 'read', 6, 0, 'GROUP', 1, '2016-09-02 21:02:34', NULL, NULL, NULL, 0),
(1567, 'URGENT!! Hazard Review', 'Please be notified that Hazard #215 is set to be reviewed on 2016-08-03. <br /><br />Hazard ID: 215. <br />Details: building in final approach path runway 17', 'sent', 7, 0, 'GROUP', 1, '2016-09-02 21:02:38', NULL, NULL, NULL, 0),
(1568, 'URGENT!! Hazard Review', 'Please be notified that Hazard #215 is set to be reviewed on 2016-08-03. <br /><br />Hazard ID: 215. <br />Details: building in final approach path runway 17', 'sent', 9, 0, 'GROUP', 1, '2016-09-02 21:02:42', NULL, NULL, NULL, 0),
(1569, 'URGENT!! Hazard Review', 'Please be notified that Hazard #215 is set to be reviewed on 2016-08-03. <br /><br />Hazard ID: 215. <br />Details: building in final approach path runway 17', 'sent', 10, 0, 'GROUP', 1, '2016-09-02 21:02:46', NULL, NULL, NULL, 0),
(1570, 'URGENT!! Hazard Review', 'Please be notified that Hazard #215 is set to be reviewed on 2016-08-03. <br /><br />Hazard ID: 215. <br />Details: building in final approach path runway 17', 'sent', 11, 0, 'GROUP', 1, '2016-09-02 21:02:50', NULL, NULL, NULL, 0),
(1571, 'URGENT!! Hazard Review', 'Please be notified that Hazard #215 is set to be reviewed on 2016-08-03. <br /><br />Hazard ID: 215. <br />Details: building in final approach path runway 17', 'sent', 12, 0, 'GROUP', 1, '2016-09-02 21:02:54', NULL, NULL, NULL, 0),
(1572, 'URGENT!! Hazard Review', 'Please be notified that Hazard #215 is set to be reviewed on 2016-08-03. <br /><br />Hazard ID: 215. <br />Details: building in final approach path runway 17', 'sent', 13, 0, 'GROUP', 1, '2016-09-02 21:02:58', NULL, NULL, NULL, 0),
(1573, 'URGENT!! Incident Mitigation Implementation Deadli', 'Please be notified that Incident #10 is set to be reviewed on 2015-07-27. <br /><br />Incident ID: 10. <br />Incident Details: A track broke down on the runway. <br />Implementation Details: Replace floor tiles.', 'sent', 1, 0, 'GROUP', 1, '2016-09-02 21:03:48', NULL, NULL, NULL, 0),
(1574, 'URGENT!! Incident Mitigation Implementation Deadli', 'Please be notified that Incident #10 is set to be reviewed on 2015-07-27. <br /><br />Incident ID: 10. <br />Incident Details: A track broke down on the runway. <br />Implementation Details: Replace floor tiles.', 'sent', 2, 0, 'GROUP', 1, '2016-09-02 21:03:52', NULL, NULL, NULL, 0),
(1575, 'URGENT!! Incident Mitigation Implementation Deadli', 'Please be notified that Incident #10 is set to be reviewed on 2015-07-27. <br /><br />Incident ID: 10. <br />Incident Details: A track broke down on the runway. <br />Implementation Details: Replace floor tiles.', 'sent', 4, 0, 'GROUP', 1, '2016-09-02 21:03:57', NULL, NULL, NULL, 0),
(1576, 'URGENT!! Incident Mitigation Implementation Deadli', 'Please be notified that Incident #10 is set to be reviewed on 2015-07-27. <br /><br />Incident ID: 10. <br />Incident Details: A track broke down on the runway. <br />Implementation Details: Replace floor tiles.', 'sent', 5, 0, 'GROUP', 1, '2016-09-02 21:04:01', NULL, NULL, NULL, 0),
(1577, 'URGENT!! Incident Mitigation Implementation Deadli', 'Please be notified that Incident #10 is set to be reviewed on 2015-07-27. <br /><br />Incident ID: 10. <br />Incident Details: A track broke down on the runway. <br />Implementation Details: Replace floor tiles.', 'sent', 6, 0, 'GROUP', 1, '2016-09-02 21:04:07', NULL, NULL, NULL, 0),
(1578, 'URGENT!! Incident Mitigation Implementation Deadli', 'Please be notified that Incident #10 is set to be reviewed on 2015-07-27. <br /><br />Incident ID: 10. <br />Incident Details: A track broke down on the runway. <br />Implementation Details: Replace floor tiles.', 'sent', 7, 0, 'GROUP', 1, '2016-09-02 21:04:11', NULL, NULL, NULL, 0),
(1579, 'URGENT!! Incident Mitigation Implementation Deadli', 'Please be notified that Incident #10 is set to be reviewed on 2015-07-27. <br /><br />Incident ID: 10. <br />Incident Details: A track broke down on the runway. <br />Implementation Details: Replace floor tiles.', 'sent', 9, 0, 'GROUP', 1, '2016-09-02 21:04:15', NULL, NULL, NULL, 0),
(1580, 'URGENT!! Incident Mitigation Implementation Deadli', 'Please be notified that Incident #10 is set to be reviewed on 2015-07-27. <br /><br />Incident ID: 10. <br />Incident Details: A track broke down on the runway. <br />Implementation Details: Replace floor tiles.', 'sent', 10, 0, 'GROUP', 1, '2016-09-02 21:04:19', NULL, NULL, NULL, 0),
(1581, 'URGENT!! Incident Mitigation Implementation Deadli', 'Please be notified that Incident #10 is set to be reviewed on 2015-07-27. <br /><br />Incident ID: 10. <br />Incident Details: A track broke down on the runway. <br />Implementation Details: Replace floor tiles.', 'sent', 11, 0, 'GROUP', 1, '2016-09-02 21:04:23', NULL, NULL, NULL, 0),
(1582, 'URGENT!! Incident Mitigation Implementation Deadli', 'Please be notified that Incident #10 is set to be reviewed on 2015-07-27. <br /><br />Incident ID: 10. <br />Incident Details: A track broke down on the runway. <br />Implementation Details: Replace floor tiles.', 'sent', 12, 0, 'GROUP', 1, '2016-09-02 21:04:28', NULL, NULL, NULL, 0),
(1583, 'URGENT!! Incident Mitigation Implementation Deadli', 'Please be notified that Incident #10 is set to be reviewed on 2015-07-27. <br /><br />Incident ID: 10. <br />Incident Details: A track broke down on the runway. <br />Implementation Details: Replace floor tiles.', 'sent', 13, 0, 'GROUP', 1, '2016-09-02 21:04:32', NULL, NULL, NULL, 0),
(1584, 'URGENT!! Hazard Mitigation Implementation Deadline', 'Please be notified that Hazard #1 is set to be reviewed on 2015-07-27. <br /><br />Hazard ID: 1. <br />Hazard Details: There is too much heat in tower due lack of airconditioning. This causes headache, low performance and sometimes we get dizzy and feel like faiting. This has gone on for a very long time and it gets worse day by day.. <br />Implementation Details: Replace the air conditioner', 'sent', 1, 0, 'GROUP', 1, '2016-09-02 21:05:20', NULL, NULL, NULL, 0),
(1585, 'URGENT!! Hazard Mitigation Implementation Deadline', 'Please be notified that Hazard #1 is set to be reviewed on 2015-07-27. <br /><br />Hazard ID: 1. <br />Hazard Details: There is too much heat in tower due lack of airconditioning. This causes headache, low performance and sometimes we get dizzy and feel like faiting. This has gone on for a very long time and it gets worse day by day.. <br />Implementation Details: Replace the air conditioner', 'sent', 2, 0, 'GROUP', 1, '2016-09-02 21:05:24', NULL, NULL, NULL, 0),
(1586, 'URGENT!! Hazard Mitigation Implementation Deadline', 'Please be notified that Hazard #1 is set to be reviewed on 2015-07-27. <br /><br />Hazard ID: 1. <br />Hazard Details: There is too much heat in tower due lack of airconditioning. This causes headache, low performance and sometimes we get dizzy and feel like faiting. This has gone on for a very long time and it gets worse day by day.. <br />Implementation Details: Replace the air conditioner', 'sent', 4, 0, 'GROUP', 1, '2016-09-02 21:05:28', NULL, NULL, NULL, 0),
(1587, 'URGENT!! Hazard Mitigation Implementation Deadline', 'Please be notified that Hazard #1 is set to be reviewed on 2015-07-27. <br /><br />Hazard ID: 1. <br />Hazard Details: There is too much heat in tower due lack of airconditioning. This causes headache, low performance and sometimes we get dizzy and feel like faiting. This has gone on for a very long time and it gets worse day by day.. <br />Implementation Details: Replace the air conditioner', 'sent', 5, 0, 'GROUP', 1, '2016-09-02 21:05:34', NULL, NULL, NULL, 0),
(1588, 'URGENT!! Hazard Mitigation Implementation Deadline', 'Please be notified that Hazard #1 is set to be reviewed on 2015-07-27. <br /><br />Hazard ID: 1. <br />Hazard Details: There is too much heat in tower due lack of airconditioning. This causes headache, low performance and sometimes we get dizzy and feel like faiting. This has gone on for a very long time and it gets worse day by day.. <br />Implementation Details: Replace the air conditioner', 'sent', 6, 0, 'GROUP', 1, '2016-09-02 21:05:40', NULL, NULL, NULL, 0),
(1589, 'URGENT!! Hazard Mitigation Implementation Deadline', 'Please be notified that Hazard #1 is set to be reviewed on 2015-07-27. <br /><br />Hazard ID: 1. <br />Hazard Details: There is too much heat in tower due lack of airconditioning. This causes headache, low performance and sometimes we get dizzy and feel like faiting. This has gone on for a very long time and it gets worse day by day.. <br />Implementation Details: Replace the air conditioner', 'sent', 7, 0, 'GROUP', 1, '2016-09-02 21:05:45', NULL, NULL, NULL, 0),
(1590, 'URGENT!! Hazard Mitigation Implementation Deadline', 'Please be notified that Hazard #1 is set to be reviewed on 2015-07-27. <br /><br />Hazard ID: 1. <br />Hazard Details: There is too much heat in tower due lack of airconditioning. This causes headache, low performance and sometimes we get dizzy and feel like faiting. This has gone on for a very long time and it gets worse day by day.. <br />Implementation Details: Replace the air conditioner', 'sent', 9, 0, 'GROUP', 1, '2016-09-02 21:05:50', NULL, NULL, NULL, 0),
(1591, 'URGENT!! Hazard Mitigation Implementation Deadline', 'Please be notified that Hazard #1 is set to be reviewed on 2015-07-27. <br /><br />Hazard ID: 1. <br />Hazard Details: There is too much heat in tower due lack of airconditioning. This causes headache, low performance and sometimes we get dizzy and feel like faiting. This has gone on for a very long time and it gets worse day by day.. <br />Implementation Details: Replace the air conditioner', 'sent', 10, 0, 'GROUP', 1, '2016-09-02 21:05:54', NULL, NULL, NULL, 0),
(1592, 'URGENT!! Hazard Mitigation Implementation Deadline', 'Please be notified that Hazard #1 is set to be reviewed on 2015-07-27. <br /><br />Hazard ID: 1. <br />Hazard Details: There is too much heat in tower due lack of airconditioning. This causes headache, low performance and sometimes we get dizzy and feel like faiting. This has gone on for a very long time and it gets worse day by day.. <br />Implementation Details: Replace the air conditioner', 'sent', 11, 0, 'GROUP', 1, '2016-09-02 21:05:59', NULL, NULL, NULL, 0),
(1593, 'URGENT!! Hazard Mitigation Implementation Deadline', 'Please be notified that Hazard #1 is set to be reviewed on 2015-07-27. <br /><br />Hazard ID: 1. <br />Hazard Details: There is too much heat in tower due lack of airconditioning. This causes headache, low performance and sometimes we get dizzy and feel like faiting. This has gone on for a very long time and it gets worse day by day.. <br />Implementation Details: Replace the air conditioner', 'sent', 12, 0, 'GROUP', 1, '2016-09-02 21:06:04', NULL, NULL, NULL, 0),
(1594, 'URGENT!! Hazard Mitigation Implementation Deadline', 'Please be notified that Hazard #1 is set to be reviewed on 2015-07-27. <br /><br />Hazard ID: 1. <br />Hazard Details: There is too much heat in tower due lack of airconditioning. This causes headache, low performance and sometimes we get dizzy and feel like faiting. This has gone on for a very long time and it gets worse day by day.. <br />Implementation Details: Replace the air conditioner', 'sent', 13, 0, 'GROUP', 1, '2016-09-02 21:06:08', NULL, NULL, NULL, 0),
(1595, 'URGENT!! Issue Mitigation Implementation Deadline', 'Please be notified that Issue #214 is set to be reviewed on 2016-07-27. <br /><br />Issue ID: 214. <br />Issue Details: Broken glass in waiting hall way. <br />Implementation Details: Replace tile floors with something more rough', 'sent', 1, 0, 'GROUP', 1, '2016-09-02 21:07:08', NULL, NULL, NULL, 0),
(1596, 'URGENT!! Issue Mitigation Implementation Deadline', 'Please be notified that Issue #214 is set to be reviewed on 2016-07-27. <br /><br />Issue ID: 214. <br />Issue Details: Broken glass in waiting hall way. <br />Implementation Details: Replace tile floors with something more rough', 'sent', 2, 0, 'GROUP', 1, '2016-09-02 21:07:14', NULL, NULL, NULL, 0),
(1597, 'URGENT!! Issue Mitigation Implementation Deadline', 'Please be notified that Issue #214 is set to be reviewed on 2016-07-27. <br /><br />Issue ID: 214. <br />Issue Details: Broken glass in waiting hall way. <br />Implementation Details: Replace tile floors with something more rough', 'sent', 4, 0, 'GROUP', 1, '2016-09-02 21:07:18', NULL, NULL, NULL, 0),
(1598, 'URGENT!! Issue Mitigation Implementation Deadline', 'Please be notified that Issue #214 is set to be reviewed on 2016-07-27. <br /><br />Issue ID: 214. <br />Issue Details: Broken glass in waiting hall way. <br />Implementation Details: Replace tile floors with something more rough', 'sent', 5, 0, 'GROUP', 1, '2016-09-02 21:07:25', NULL, NULL, NULL, 0),
(1599, 'URGENT!! Issue Mitigation Implementation Deadline', 'Please be notified that Issue #214 is set to be reviewed on 2016-07-27. <br /><br />Issue ID: 214. <br />Issue Details: Broken glass in waiting hall way. <br />Implementation Details: Replace tile floors with something more rough', 'sent', 6, 0, 'GROUP', 1, '2016-09-02 21:07:29', NULL, NULL, NULL, 0),
(1600, 'URGENT!! Issue Mitigation Implementation Deadline', 'Please be notified that Issue #214 is set to be reviewed on 2016-07-27. <br /><br />Issue ID: 214. <br />Issue Details: Broken glass in waiting hall way. <br />Implementation Details: Replace tile floors with something more rough', 'sent', 7, 0, 'GROUP', 1, '2016-09-02 21:07:34', NULL, NULL, NULL, 0),
(1601, 'URGENT!! Issue Mitigation Implementation Deadline', 'Please be notified that Issue #214 is set to be reviewed on 2016-07-27. <br /><br />Issue ID: 214. <br />Issue Details: Broken glass in waiting hall way. <br />Implementation Details: Replace tile floors with something more rough', 'sent', 9, 0, 'GROUP', 1, '2016-09-02 21:07:39', NULL, NULL, NULL, 0),
(1602, 'URGENT!! Issue Mitigation Implementation Deadline', 'Please be notified that Issue #214 is set to be reviewed on 2016-07-27. <br /><br />Issue ID: 214. <br />Issue Details: Broken glass in waiting hall way. <br />Implementation Details: Replace tile floors with something more rough', 'sent', 10, 0, 'GROUP', 1, '2016-09-02 21:07:43', NULL, NULL, NULL, 0),
(1603, 'URGENT!! Issue Mitigation Implementation Deadline', 'Please be notified that Issue #214 is set to be reviewed on 2016-07-27. <br /><br />Issue ID: 214. <br />Issue Details: Broken glass in waiting hall way. <br />Implementation Details: Replace tile floors with something more rough', 'sent', 11, 0, 'GROUP', 1, '2016-09-02 21:07:49', NULL, NULL, NULL, 0),
(1604, 'URGENT!! Issue Mitigation Implementation Deadline', 'Please be notified that Issue #214 is set to be reviewed on 2016-07-27. <br /><br />Issue ID: 214. <br />Issue Details: Broken glass in waiting hall way. <br />Implementation Details: Replace tile floors with something more rough', 'sent', 12, 0, 'GROUP', 1, '2016-09-02 21:07:53', NULL, NULL, NULL, 0),
(1605, 'URGENT!! Issue Mitigation Implementation Deadline', 'Please be notified that Issue #214 is set to be reviewed on 2016-07-27. <br /><br />Issue ID: 214. <br />Issue Details: Broken glass in waiting hall way. <br />Implementation Details: Replace tile floors with something more rough', 'sent', 13, 0, 'GROUP', 1, '2016-09-02 21:07:59', NULL, NULL, NULL, 0),
(1606, 'URGENT!! Hazard Review', 'Please be notified that Hazard #215 is set to be reviewed on 2016-08-03. <br /><br />Hazard ID: 215. <br />Details: building in final approach path runway 17', 'sent', 1, 0, 'GROUP', 1, '2016-09-03 21:00:49', NULL, NULL, NULL, 0),
(1607, 'URGENT!! Hazard Review', 'Please be notified that Hazard #215 is set to be reviewed on 2016-08-03. <br /><br />Hazard ID: 215. <br />Details: building in final approach path runway 17', 'sent', 2, 0, 'GROUP', 1, '2016-09-03 21:00:53', NULL, NULL, NULL, 0),
(1608, 'URGENT!! Hazard Review', 'Please be notified that Hazard #215 is set to be reviewed on 2016-08-03. <br /><br />Hazard ID: 215. <br />Details: building in final approach path runway 17', 'sent', 4, 0, 'GROUP', 1, '2016-09-03 21:00:57', NULL, NULL, NULL, 0),
(1609, 'URGENT!! Hazard Review', 'Please be notified that Hazard #215 is set to be reviewed on 2016-08-03. <br /><br />Hazard ID: 215. <br />Details: building in final approach path runway 17', 'sent', 5, 0, 'GROUP', 1, '2016-09-03 21:01:02', NULL, NULL, NULL, 0),
(1610, 'URGENT!! Hazard Review', 'Please be notified that Hazard #215 is set to be reviewed on 2016-08-03. <br /><br />Hazard ID: 215. <br />Details: building in final approach path runway 17', 'sent', 6, 0, 'GROUP', 1, '2016-09-03 21:01:07', NULL, NULL, NULL, 0),
(1611, 'URGENT!! Hazard Review', 'Please be notified that Hazard #215 is set to be reviewed on 2016-08-03. <br /><br />Hazard ID: 215. <br />Details: building in final approach path runway 17', 'sent', 7, 0, 'GROUP', 1, '2016-09-03 21:01:12', NULL, NULL, NULL, 0),
(1612, 'URGENT!! Hazard Review', 'Please be notified that Hazard #215 is set to be reviewed on 2016-08-03. <br /><br />Hazard ID: 215. <br />Details: building in final approach path runway 17', 'sent', 9, 0, 'GROUP', 1, '2016-09-03 21:01:16', NULL, NULL, NULL, 0),
(1613, 'URGENT!! Hazard Review', 'Please be notified that Hazard #215 is set to be reviewed on 2016-08-03. <br /><br />Hazard ID: 215. <br />Details: building in final approach path runway 17', 'sent', 10, 0, 'GROUP', 1, '2016-09-03 21:01:21', NULL, NULL, NULL, 0),
(1614, 'URGENT!! Hazard Review', 'Please be notified that Hazard #215 is set to be reviewed on 2016-08-03. <br /><br />Hazard ID: 215. <br />Details: building in final approach path runway 17', 'sent', 11, 0, 'GROUP', 1, '2016-09-03 21:01:27', NULL, NULL, NULL, 0),
(1615, 'URGENT!! Hazard Review', 'Please be notified that Hazard #215 is set to be reviewed on 2016-08-03. <br /><br />Hazard ID: 215. <br />Details: building in final approach path runway 17', 'sent', 12, 0, 'GROUP', 1, '2016-09-03 21:01:31', NULL, NULL, NULL, 0),
(1616, 'URGENT!! Hazard Review', 'Please be notified that Hazard #215 is set to be reviewed on 2016-08-03. <br /><br />Hazard ID: 215. <br />Details: building in final approach path runway 17', 'sent', 13, 0, 'GROUP', 1, '2016-09-03 21:01:36', NULL, NULL, NULL, 0),
(1617, 'URGENT!! Hazard Review', 'Please be notified that Hazard #215 is set to be reviewed on 2016-08-03. <br /><br />Hazard ID: 215. <br />Details: building in final approach path runway 17', 'sent', 1, 0, 'GROUP', 1, '2016-09-03 21:02:27', NULL, NULL, NULL, 0),
(1618, 'URGENT!! Hazard Review', 'Please be notified that Hazard #215 is set to be reviewed on 2016-08-03. <br /><br />Hazard ID: 215. <br />Details: building in final approach path runway 17', 'sent', 2, 0, 'GROUP', 1, '2016-09-03 21:02:31', NULL, NULL, NULL, 0),
(1619, 'URGENT!! Hazard Review', 'Please be notified that Hazard #215 is set to be reviewed on 2016-08-03. <br /><br />Hazard ID: 215. <br />Details: building in final approach path runway 17', 'sent', 4, 0, 'GROUP', 1, '2016-09-03 21:02:35', NULL, NULL, NULL, 0),
(1620, 'URGENT!! Hazard Review', 'Please be notified that Hazard #215 is set to be reviewed on 2016-08-03. <br /><br />Hazard ID: 215. <br />Details: building in final approach path runway 17', 'sent', 5, 0, 'GROUP', 1, '2016-09-03 21:02:40', NULL, NULL, NULL, 0),
(1621, 'URGENT!! Hazard Review', 'Please be notified that Hazard #215 is set to be reviewed on 2016-08-03. <br /><br />Hazard ID: 215. <br />Details: building in final approach path runway 17', 'sent', 6, 0, 'GROUP', 1, '2016-09-03 21:02:46', NULL, NULL, NULL, 0),
(1622, 'URGENT!! Hazard Review', 'Please be notified that Hazard #215 is set to be reviewed on 2016-08-03. <br /><br />Hazard ID: 215. <br />Details: building in final approach path runway 17', 'sent', 7, 0, 'GROUP', 1, '2016-09-03 21:02:50', NULL, NULL, NULL, 0),
(1623, 'URGENT!! Hazard Review', 'Please be notified that Hazard #215 is set to be reviewed on 2016-08-03. <br /><br />Hazard ID: 215. <br />Details: building in final approach path runway 17', 'sent', 9, 0, 'GROUP', 1, '2016-09-03 21:02:54', NULL, NULL, NULL, 0),
(1624, 'URGENT!! Hazard Review', 'Please be notified that Hazard #215 is set to be reviewed on 2016-08-03. <br /><br />Hazard ID: 215. <br />Details: building in final approach path runway 17', 'sent', 10, 0, 'GROUP', 1, '2016-09-03 21:02:58', NULL, NULL, NULL, 0),
(1625, 'URGENT!! Hazard Review', 'Please be notified that Hazard #215 is set to be reviewed on 2016-08-03. <br /><br />Hazard ID: 215. <br />Details: building in final approach path runway 17', 'sent', 11, 0, 'GROUP', 1, '2016-09-03 21:03:05', NULL, NULL, NULL, 0),
(1626, 'URGENT!! Hazard Review', 'Please be notified that Hazard #215 is set to be reviewed on 2016-08-03. <br /><br />Hazard ID: 215. <br />Details: building in final approach path runway 17', 'sent', 12, 0, 'GROUP', 1, '2016-09-03 21:03:09', NULL, NULL, NULL, 0),
(1627, 'URGENT!! Hazard Review', 'Please be notified that Hazard #215 is set to be reviewed on 2016-08-03. <br /><br />Hazard ID: 215. <br />Details: building in final approach path runway 17', 'sent', 13, 0, 'GROUP', 1, '2016-09-03 21:03:14', NULL, NULL, NULL, 0),
(1628, 'URGENT!! Incident Mitigation Implementation Deadli', 'Please be notified that Incident #13 is set to be reviewed on 2015-07-28. <br /><br />Incident ID: 13. <br />Incident Details: Hanging wires in server room. <br />Implementation Details: Internal I.T team is trying to handle', 'sent', 1, 0, 'GROUP', 1, '2016-09-03 21:04:12', NULL, NULL, NULL, 0),
(1629, 'URGENT!! Incident Mitigation Implementation Deadli', 'Please be notified that Incident #13 is set to be reviewed on 2015-07-28. <br /><br />Incident ID: 13. <br />Incident Details: Hanging wires in server room. <br />Implementation Details: Internal I.T team is trying to handle', 'sent', 2, 0, 'GROUP', 1, '2016-09-03 21:04:16', NULL, NULL, NULL, 0),
(1630, 'URGENT!! Incident Mitigation Implementation Deadli', 'Please be notified that Incident #13 is set to be reviewed on 2015-07-28. <br /><br />Incident ID: 13. <br />Incident Details: Hanging wires in server room. <br />Implementation Details: Internal I.T team is trying to handle', 'sent', 4, 0, 'GROUP', 1, '2016-09-03 21:04:21', NULL, NULL, NULL, 0),
(1631, 'URGENT!! Incident Mitigation Implementation Deadli', 'Please be notified that Incident #13 is set to be reviewed on 2015-07-28. <br /><br />Incident ID: 13. <br />Incident Details: Hanging wires in server room. <br />Implementation Details: Internal I.T team is trying to handle', 'sent', 5, 0, 'GROUP', 1, '2016-09-03 21:04:25', NULL, NULL, NULL, 0),
(1632, 'URGENT!! Incident Mitigation Implementation Deadli', 'Please be notified that Incident #13 is set to be reviewed on 2015-07-28. <br /><br />Incident ID: 13. <br />Incident Details: Hanging wires in server room. <br />Implementation Details: Internal I.T team is trying to handle', 'read', 6, 0, 'GROUP', 1, '2016-09-03 21:04:29', NULL, NULL, NULL, 0),
(1633, 'URGENT!! Incident Mitigation Implementation Deadli', 'Please be notified that Incident #13 is set to be reviewed on 2015-07-28. <br /><br />Incident ID: 13. <br />Incident Details: Hanging wires in server room. <br />Implementation Details: Internal I.T team is trying to handle', 'sent', 7, 0, 'GROUP', 1, '2016-09-03 21:04:33', NULL, NULL, NULL, 0),
(1634, 'URGENT!! Incident Mitigation Implementation Deadli', 'Please be notified that Incident #13 is set to be reviewed on 2015-07-28. <br /><br />Incident ID: 13. <br />Incident Details: Hanging wires in server room. <br />Implementation Details: Internal I.T team is trying to handle', 'sent', 9, 0, 'GROUP', 1, '2016-09-03 21:04:38', NULL, NULL, NULL, 0),
(1635, 'URGENT!! Incident Mitigation Implementation Deadli', 'Please be notified that Incident #13 is set to be reviewed on 2015-07-28. <br /><br />Incident ID: 13. <br />Incident Details: Hanging wires in server room. <br />Implementation Details: Internal I.T team is trying to handle', 'sent', 10, 0, 'GROUP', 1, '2016-09-03 21:04:42', NULL, NULL, NULL, 0),
(1636, 'URGENT!! Incident Mitigation Implementation Deadli', 'Please be notified that Incident #13 is set to be reviewed on 2015-07-28. <br /><br />Incident ID: 13. <br />Incident Details: Hanging wires in server room. <br />Implementation Details: Internal I.T team is trying to handle', 'sent', 11, 0, 'GROUP', 1, '2016-09-03 21:04:46', NULL, NULL, NULL, 0),
(1637, 'URGENT!! Incident Mitigation Implementation Deadli', 'Please be notified that Incident #13 is set to be reviewed on 2015-07-28. <br /><br />Incident ID: 13. <br />Incident Details: Hanging wires in server room. <br />Implementation Details: Internal I.T team is trying to handle', 'sent', 12, 0, 'GROUP', 1, '2016-09-03 21:04:51', NULL, NULL, NULL, 0),
(1638, 'URGENT!! Incident Mitigation Implementation Deadli', 'Please be notified that Incident #13 is set to be reviewed on 2015-07-28. <br /><br />Incident ID: 13. <br />Incident Details: Hanging wires in server room. <br />Implementation Details: Internal I.T team is trying to handle', 'sent', 13, 0, 'GROUP', 1, '2016-09-03 21:04:59', NULL, NULL, NULL, 0),
(1639, 'URGENT!! Hazard Review', 'Please be notified that Hazard #108 is set to be reviewed on 2016-02-27. <br /><br />Hazard ID: 108. <br />Details: Trees blocking run way view', 'sent', 1, 0, 'GROUP', 1, '2016-09-04 21:00:48', NULL, NULL, NULL, 0),
(1640, 'URGENT!! Hazard Review', 'Please be notified that Hazard #108 is set to be reviewed on 2016-02-27. <br /><br />Hazard ID: 108. <br />Details: Trees blocking run way view', 'sent', 2, 0, 'GROUP', 1, '2016-09-04 21:00:53', NULL, NULL, NULL, 0),
(1641, 'URGENT!! Hazard Review', 'Please be notified that Hazard #108 is set to be reviewed on 2016-02-27. <br /><br />Hazard ID: 108. <br />Details: Trees blocking run way view', 'sent', 4, 0, 'GROUP', 1, '2016-09-04 21:00:57', NULL, NULL, NULL, 0),
(1642, 'URGENT!! Hazard Review', 'Please be notified that Hazard #108 is set to be reviewed on 2016-02-27. <br /><br />Hazard ID: 108. <br />Details: Trees blocking run way view', 'sent', 5, 0, 'GROUP', 1, '2016-09-04 21:01:01', NULL, NULL, NULL, 0),
(1643, 'URGENT!! Hazard Review', 'Please be notified that Hazard #108 is set to be reviewed on 2016-02-27. <br /><br />Hazard ID: 108. <br />Details: Trees blocking run way view', 'read', 6, 0, 'GROUP', 1, '2016-09-04 21:01:05', NULL, NULL, NULL, 0),
(1644, 'URGENT!! Hazard Review', 'Please be notified that Hazard #108 is set to be reviewed on 2016-02-27. <br /><br />Hazard ID: 108. <br />Details: Trees blocking run way view', 'sent', 7, 0, 'GROUP', 1, '2016-09-04 21:01:08', NULL, NULL, NULL, 0),
(1645, 'URGENT!! Hazard Review', 'Please be notified that Hazard #108 is set to be reviewed on 2016-02-27. <br /><br />Hazard ID: 108. <br />Details: Trees blocking run way view', 'sent', 9, 0, 'GROUP', 1, '2016-09-04 21:01:13', NULL, NULL, NULL, 0),
(1646, 'URGENT!! Hazard Review', 'Please be notified that Hazard #108 is set to be reviewed on 2016-02-27. <br /><br />Hazard ID: 108. <br />Details: Trees blocking run way view', 'sent', 10, 0, 'GROUP', 1, '2016-09-04 21:01:16', NULL, NULL, NULL, 0),
(1647, 'URGENT!! Hazard Review', 'Please be notified that Hazard #108 is set to be reviewed on 2016-02-27. <br /><br />Hazard ID: 108. <br />Details: Trees blocking run way view', 'sent', 11, 0, 'GROUP', 1, '2016-09-04 21:01:21', NULL, NULL, NULL, 0),
(1648, 'URGENT!! Hazard Review', 'Please be notified that Hazard #108 is set to be reviewed on 2016-02-27. <br /><br />Hazard ID: 108. <br />Details: Trees blocking run way view', 'sent', 12, 0, 'GROUP', 1, '2016-09-04 21:01:25', NULL, NULL, NULL, 0),
(1649, 'URGENT!! Hazard Review', 'Please be notified that Hazard #108 is set to be reviewed on 2016-02-27. <br /><br />Hazard ID: 108. <br />Details: Trees blocking run way view', 'sent', 13, 0, 'GROUP', 1, '2016-09-04 21:01:29', NULL, NULL, NULL, 0),
(1650, 'URGENT!! Hazard Review', 'Please be notified that Hazard #126 is set to be reviewed on 2016-06-28. <br /><br />Hazard ID: 126. <br />Details: Explosion in server room', 'sent', 1, 0, 'GROUP', 1, '2016-09-04 21:02:16', NULL, NULL, NULL, 0),
(1651, 'URGENT!! Hazard Review', 'Please be notified that Hazard #126 is set to be reviewed on 2016-06-28. <br /><br />Hazard ID: 126. <br />Details: Explosion in server room', 'sent', 2, 0, 'GROUP', 1, '2016-09-04 21:02:20', NULL, NULL, NULL, 0),
(1652, 'URGENT!! Hazard Review', 'Please be notified that Hazard #126 is set to be reviewed on 2016-06-28. <br /><br />Hazard ID: 126. <br />Details: Explosion in server room', 'sent', 4, 0, 'GROUP', 1, '2016-09-04 21:02:24', NULL, NULL, NULL, 0),
(1653, 'URGENT!! Hazard Review', 'Please be notified that Hazard #126 is set to be reviewed on 2016-06-28. <br /><br />Hazard ID: 126. <br />Details: Explosion in server room', 'sent', 5, 0, 'GROUP', 1, '2016-09-04 21:02:28', NULL, NULL, NULL, 0),
(1654, 'URGENT!! Hazard Review', 'Please be notified that Hazard #126 is set to be reviewed on 2016-06-28. <br /><br />Hazard ID: 126. <br />Details: Explosion in server room', 'read', 6, 0, 'GROUP', 1, '2016-09-04 21:02:32', NULL, NULL, NULL, 0),
(1655, 'URGENT!! Hazard Review', 'Please be notified that Hazard #126 is set to be reviewed on 2016-06-28. <br /><br />Hazard ID: 126. <br />Details: Explosion in server room', 'sent', 7, 0, 'GROUP', 1, '2016-09-04 21:02:38', NULL, NULL, NULL, 0),
(1656, 'URGENT!! Hazard Review', 'Please be notified that Hazard #126 is set to be reviewed on 2016-06-28. <br /><br />Hazard ID: 126. <br />Details: Explosion in server room', 'sent', 9, 0, 'GROUP', 1, '2016-09-04 21:02:41', NULL, NULL, NULL, 0),
(1657, 'URGENT!! Hazard Review', 'Please be notified that Hazard #126 is set to be reviewed on 2016-06-28. <br /><br />Hazard ID: 126. <br />Details: Explosion in server room', 'sent', 10, 0, 'GROUP', 1, '2016-09-04 21:02:45', NULL, NULL, NULL, 0),
(1658, 'URGENT!! Hazard Review', 'Please be notified that Hazard #126 is set to be reviewed on 2016-06-28. <br /><br />Hazard ID: 126. <br />Details: Explosion in server room', 'sent', 11, 0, 'GROUP', 1, '2016-09-04 21:02:49', NULL, NULL, NULL, 0),
(1659, 'URGENT!! Hazard Review', 'Please be notified that Hazard #126 is set to be reviewed on 2016-06-28. <br /><br />Hazard ID: 126. <br />Details: Explosion in server room', 'sent', 12, 0, 'GROUP', 1, '2016-09-04 21:02:53', NULL, NULL, NULL, 0),
(1660, 'URGENT!! Hazard Review', 'Please be notified that Hazard #126 is set to be reviewed on 2016-06-28. <br /><br />Hazard ID: 126. <br />Details: Explosion in server room', 'sent', 13, 0, 'GROUP', 1, '2016-09-04 21:02:58', NULL, NULL, NULL, 0),
(1661, 'URGENT!! Incident Mitigation Implementation Deadli', 'Please be notified that Incident #13 is set to be reviewed on 2015-07-30. <br /><br />Incident ID: 13. <br />Incident Details: Hanging wires in server room. <br />Implementation Details: Call the service provider to do the maintenance works.', 'sent', 1, 0, 'GROUP', 1, '2016-09-05 21:00:48', NULL, NULL, NULL, 0),
(1662, 'URGENT!! Incident Mitigation Implementation Deadli', 'Please be notified that Incident #13 is set to be reviewed on 2015-07-30. <br /><br />Incident ID: 13. <br />Incident Details: Hanging wires in server room. <br />Implementation Details: Call the service provider to do the maintenance works.', 'sent', 2, 0, 'GROUP', 1, '2016-09-05 21:00:53', NULL, NULL, NULL, 0),
(1663, 'URGENT!! Incident Mitigation Implementation Deadli', 'Please be notified that Incident #13 is set to be reviewed on 2015-07-30. <br /><br />Incident ID: 13. <br />Incident Details: Hanging wires in server room. <br />Implementation Details: Call the service provider to do the maintenance works.', 'sent', 4, 0, 'GROUP', 1, '2016-09-05 21:00:58', NULL, NULL, NULL, 0),
(1664, 'URGENT!! Incident Mitigation Implementation Deadli', 'Please be notified that Incident #13 is set to be reviewed on 2015-07-30. <br /><br />Incident ID: 13. <br />Incident Details: Hanging wires in server room. <br />Implementation Details: Call the service provider to do the maintenance works.', 'sent', 5, 0, 'GROUP', 1, '2016-09-05 21:01:02', NULL, NULL, NULL, 0),
(1665, 'URGENT!! Incident Mitigation Implementation Deadli', 'Please be notified that Incident #13 is set to be reviewed on 2015-07-30. <br /><br />Incident ID: 13. <br />Incident Details: Hanging wires in server room. <br />Implementation Details: Call the service provider to do the maintenance works.', 'read', 6, 0, 'GROUP', 1, '2016-09-05 21:01:06', NULL, NULL, NULL, 0),
(1666, 'URGENT!! Incident Mitigation Implementation Deadli', 'Please be notified that Incident #13 is set to be reviewed on 2015-07-30. <br /><br />Incident ID: 13. <br />Incident Details: Hanging wires in server room. <br />Implementation Details: Call the service provider to do the maintenance works.', 'sent', 7, 0, 'GROUP', 1, '2016-09-05 21:01:10', NULL, NULL, NULL, 0),
(1667, 'URGENT!! Incident Mitigation Implementation Deadli', 'Please be notified that Incident #13 is set to be reviewed on 2015-07-30. <br /><br />Incident ID: 13. <br />Incident Details: Hanging wires in server room. <br />Implementation Details: Call the service provider to do the maintenance works.', 'sent', 9, 0, 'GROUP', 1, '2016-09-05 21:01:15', NULL, NULL, NULL, 0),
(1668, 'URGENT!! Incident Mitigation Implementation Deadli', 'Please be notified that Incident #13 is set to be reviewed on 2015-07-30. <br /><br />Incident ID: 13. <br />Incident Details: Hanging wires in server room. <br />Implementation Details: Call the service provider to do the maintenance works.', 'sent', 10, 0, 'GROUP', 1, '2016-09-05 21:01:19', NULL, NULL, NULL, 0),
(1669, 'URGENT!! Incident Mitigation Implementation Deadli', 'Please be notified that Incident #13 is set to be reviewed on 2015-07-30. <br /><br />Incident ID: 13. <br />Incident Details: Hanging wires in server room. <br />Implementation Details: Call the service provider to do the maintenance works.', 'sent', 11, 0, 'GROUP', 1, '2016-09-05 21:01:23', NULL, NULL, NULL, 0),
(1670, 'URGENT!! Incident Mitigation Implementation Deadli', 'Please be notified that Incident #13 is set to be reviewed on 2015-07-30. <br /><br />Incident ID: 13. <br />Incident Details: Hanging wires in server room. <br />Implementation Details: Call the service provider to do the maintenance works.', 'sent', 12, 0, 'GROUP', 1, '2016-09-05 21:01:28', NULL, NULL, NULL, 0),
(1671, 'URGENT!! Incident Mitigation Implementation Deadli', 'Please be notified that Incident #13 is set to be reviewed on 2015-07-30. <br /><br />Incident ID: 13. <br />Incident Details: Hanging wires in server room. <br />Implementation Details: Call the service provider to do the maintenance works.', 'sent', 13, 0, 'GROUP', 1, '2016-09-05 21:01:32', NULL, NULL, NULL, 0),
(1672, 'URGENT!! Issue Mitigation Implementation Deadline', 'Please be notified that Issue #39 is set to be reviewed on 2015-07-30. <br /><br />Issue ID: 39. <br />Issue Details: Fire in server room. <br />Implementation Details: Contact service provider', 'sent', 1, 0, 'GROUP', 1, '2016-09-05 21:02:24', NULL, NULL, NULL, 0),
(1673, 'URGENT!! Issue Mitigation Implementation Deadline', 'Please be notified that Issue #39 is set to be reviewed on 2015-07-30. <br /><br />Issue ID: 39. <br />Issue Details: Fire in server room. <br />Implementation Details: Contact service provider', 'sent', 2, 0, 'GROUP', 1, '2016-09-05 21:02:28', NULL, NULL, NULL, 0),
(1674, 'URGENT!! Issue Mitigation Implementation Deadline', 'Please be notified that Issue #39 is set to be reviewed on 2015-07-30. <br /><br />Issue ID: 39. <br />Issue Details: Fire in server room. <br />Implementation Details: Contact service provider', 'sent', 4, 0, 'GROUP', 1, '2016-09-05 21:02:32', NULL, NULL, NULL, 0),
(1675, 'URGENT!! Issue Mitigation Implementation Deadline', 'Please be notified that Issue #39 is set to be reviewed on 2015-07-30. <br /><br />Issue ID: 39. <br />Issue Details: Fire in server room. <br />Implementation Details: Contact service provider', 'sent', 5, 0, 'GROUP', 1, '2016-09-05 21:02:35', NULL, NULL, NULL, 0),
(1676, 'URGENT!! Issue Mitigation Implementation Deadline', 'Please be notified that Issue #39 is set to be reviewed on 2015-07-30. <br /><br />Issue ID: 39. <br />Issue Details: Fire in server room. <br />Implementation Details: Contact service provider', 'read', 6, 0, 'GROUP', 1, '2016-09-05 21:02:40', NULL, NULL, NULL, 0),
(1677, 'URGENT!! Issue Mitigation Implementation Deadline', 'Please be notified that Issue #39 is set to be reviewed on 2015-07-30. <br /><br />Issue ID: 39. <br />Issue Details: Fire in server room. <br />Implementation Details: Contact service provider', 'sent', 7, 0, 'GROUP', 1, '2016-09-05 21:02:44', NULL, NULL, NULL, 0),
(1678, 'URGENT!! Issue Mitigation Implementation Deadline', 'Please be notified that Issue #39 is set to be reviewed on 2015-07-30. <br /><br />Issue ID: 39. <br />Issue Details: Fire in server room. <br />Implementation Details: Contact service provider', 'sent', 9, 0, 'GROUP', 1, '2016-09-05 21:02:48', NULL, NULL, NULL, 0),
(1679, 'URGENT!! Issue Mitigation Implementation Deadline', 'Please be notified that Issue #39 is set to be reviewed on 2015-07-30. <br /><br />Issue ID: 39. <br />Issue Details: Fire in server room. <br />Implementation Details: Contact service provider', 'sent', 10, 0, 'GROUP', 1, '2016-09-05 21:02:52', NULL, NULL, NULL, 0),
(1680, 'URGENT!! Issue Mitigation Implementation Deadline', 'Please be notified that Issue #39 is set to be reviewed on 2015-07-30. <br /><br />Issue ID: 39. <br />Issue Details: Fire in server room. <br />Implementation Details: Contact service provider', 'sent', 11, 0, 'GROUP', 1, '2016-09-05 21:02:56', NULL, NULL, NULL, 0),
(1681, 'URGENT!! Issue Mitigation Implementation Deadline', 'Please be notified that Issue #39 is set to be reviewed on 2015-07-30. <br /><br />Issue ID: 39. <br />Issue Details: Fire in server room. <br />Implementation Details: Contact service provider', 'sent', 12, 0, 'GROUP', 1, '2016-09-05 21:03:00', NULL, NULL, NULL, 0),
(1682, 'URGENT!! Issue Mitigation Implementation Deadline', 'Please be notified that Issue #39 is set to be reviewed on 2015-07-30. <br /><br />Issue ID: 39. <br />Issue Details: Fire in server room. <br />Implementation Details: Contact service provider', 'sent', 13, 0, 'GROUP', 1, '2016-09-05 21:03:04', NULL, NULL, NULL, 0),
(1683, 'admin has assigned you HZD/AV-232/16', 'Please handle this hazard asap.', 'sent', 3, 2, 'PRIVATE', 1, '2016-09-06 07:25:57', NULL, NULL, NULL, 0),
(1684, 'NEW Hazard', 'A new Hazard has been submitted by admin. Hazard ID: 233. Hazard details: approach non radar OJT at the ACC position', 'sent', 1, 2, 'GROUP', 0, '2016-09-14 07:50:04', NULL, NULL, NULL, 0),
(1685, 'NEW Hazard', 'A new Hazard has been submitted by admin. Hazard ID: 233. Hazard details: approach non radar OJT at the ACC position', 'sent', 2, 2, 'GROUP', 0, '2016-09-14 07:50:09', NULL, NULL, NULL, 0),
(1686, 'NEW Hazard', 'A new Hazard has been submitted by admin. Hazard ID: 233. Hazard details: approach non radar OJT at the ACC position', 'sent', 3, 2, 'GROUP', 0, '2016-09-14 07:50:15', NULL, NULL, NULL, 0),
(1687, 'NEW Hazard', 'A new Hazard has been submitted by admin. Hazard ID: 233. Hazard details: approach non radar OJT at the ACC position', 'sent', 4, 2, 'GROUP', 0, '2016-09-14 07:50:19', NULL, NULL, NULL, 0),
(1688, 'NEW Hazard', 'A new Hazard has been submitted by admin. Hazard ID: 233. Hazard details: approach non radar OJT at the ACC position', 'sent', 5, 2, 'GROUP', 0, '2016-09-14 07:50:23', NULL, NULL, NULL, 0),
(1689, 'NEW Hazard', 'A new Hazard has been submitted by admin. Hazard ID: 233. Hazard details: approach non radar OJT at the ACC position', 'read', 6, 2, 'GROUP', 0, '2016-09-14 07:50:28', NULL, NULL, NULL, 0),
(1690, 'NEW Hazard', 'A new Hazard has been submitted by admin. Hazard ID: 233. Hazard details: approach non radar OJT at the ACC position', 'sent', 7, 2, 'GROUP', 0, '2016-09-14 07:50:32', NULL, NULL, NULL, 0),
(1691, 'NEW Hazard', 'A new Hazard has been submitted by admin. Hazard ID: 233. Hazard details: approach non radar OJT at the ACC position', 'sent', 9, 2, 'GROUP', 0, '2016-09-14 07:50:36', NULL, NULL, NULL, 0),
(1692, 'NEW Hazard', 'A new Hazard has been submitted by admin. Hazard ID: 233. Hazard details: approach non radar OJT at the ACC position', 'sent', 10, 2, 'GROUP', 0, '2016-09-14 07:50:41', NULL, NULL, NULL, 0),
(1693, 'NEW Hazard', 'A new Hazard has been submitted by admin. Hazard ID: 233. Hazard details: approach non radar OJT at the ACC position', 'sent', 11, 2, 'GROUP', 0, '2016-09-14 07:50:45', NULL, NULL, NULL, 0),
(1694, 'NEW Hazard', 'A new Hazard has been submitted by admin. Hazard ID: 233. Hazard details: approach non radar OJT at the ACC position', 'sent', 12, 2, 'GROUP', 0, '2016-09-14 07:50:49', NULL, NULL, NULL, 0),
(1695, 'NEW Hazard', 'A new Hazard has been submitted by admin. Hazard ID: 233. Hazard details: approach non radar OJT at the ACC position', 'sent', 13, 2, 'GROUP', 0, '2016-09-14 07:50:53', NULL, NULL, NULL, 0),
(1696, 'NEW Hazard', 'A new Hazard has been submitted by admin. Hazard ID: 233. Hazard details: approach non radar OJT at the ACC position', 'sent', 2, 2, 'GROUP', 0, '2016-09-14 07:51:03', NULL, NULL, NULL, 0),
(1697, 'NEW Issue', 'A new Issue has been submitted by rogers. Issue ID: 234. Issue details: Foul smell at tower complex', 'sent', 1, 6, 'GROUP', 0, '2016-09-14 09:22:38', NULL, NULL, NULL, 0),
(1698, 'NEW Issue', 'A new Issue has been submitted by rogers. Issue ID: 234. Issue details: Foul smell at tower complex', 'sent', 2, 6, 'GROUP', 0, '2016-09-14 09:22:42', NULL, NULL, NULL, 0),
(1699, 'NEW Issue', 'A new Issue has been submitted by rogers. Issue ID: 234. Issue details: Foul smell at tower complex', 'sent', 3, 6, 'GROUP', 0, '2016-09-14 09:22:50', NULL, NULL, NULL, 0),
(1700, 'NEW Issue', 'A new Issue has been submitted by rogers. Issue ID: 234. Issue details: Foul smell at tower complex', 'sent', 4, 6, 'GROUP', 0, '2016-09-14 09:22:56', NULL, NULL, NULL, 0),
(1701, 'NEW Issue', 'A new Issue has been submitted by admin. Issue ID: 235. Issue details: No argonmic chairs', 'sent', 1, 2, 'GROUP', 0, '2016-09-14 09:22:58', NULL, NULL, NULL, 0),
(1702, 'NEW Issue', 'A new Issue has been submitted by rogers. Issue ID: 234. Issue details: Foul smell at tower complex', 'sent', 5, 6, 'GROUP', 0, '2016-09-14 09:23:00', NULL, NULL, NULL, 0),
(1703, 'NEW Issue', 'A new Issue has been submitted by rogers. Issue ID: 234. Issue details: Foul smell at tower complex', 'sent', 6, 6, 'GROUP', 0, '2016-09-14 09:23:05', NULL, NULL, NULL, 0),
(1704, 'NEW Issue', 'A new Issue has been submitted by admin. Issue ID: 235. Issue details: No argonmic chairs', 'sent', 2, 2, 'GROUP', 0, '2016-09-14 09:23:07', NULL, NULL, NULL, 0),
(1705, 'NEW Issue', 'A new Issue has been submitted by rogers. Issue ID: 234. Issue details: Foul smell at tower complex', 'sent', 7, 6, 'GROUP', 0, '2016-09-14 09:23:09', NULL, NULL, NULL, 0);
INSERT INTO `notifications` (`id`, `subject`, `description`, `status`, `user`, `user_from`, `type`, `urgent`, `date_created`, `target_group`, `current_user`, `current_user_id`, `acknowledge`) VALUES
(1706, 'NEW Issue', 'A new Issue has been submitted by admin. Issue ID: 235. Issue details: No argonmic chairs', 'sent', 3, 2, 'GROUP', 0, '2016-09-14 09:23:11', NULL, NULL, NULL, 0),
(1707, 'NEW Issue', 'A new Issue has been submitted by rogers. Issue ID: 234. Issue details: Foul smell at tower complex', 'sent', 9, 6, 'GROUP', 0, '2016-09-14 09:23:13', NULL, NULL, NULL, 0),
(1708, 'NEW Issue', 'A new Issue has been submitted by admin. Issue ID: 235. Issue details: No argonmic chairs', 'sent', 4, 2, 'GROUP', 0, '2016-09-14 09:23:17', NULL, NULL, NULL, 0),
(1709, 'NEW Issue', 'A new Issue has been submitted by rogers. Issue ID: 234. Issue details: Foul smell at tower complex', 'sent', 10, 6, 'GROUP', 0, '2016-09-14 09:23:20', NULL, NULL, NULL, 0),
(1710, 'NEW Issue', 'A new Issue has been submitted by admin. Issue ID: 235. Issue details: No argonmic chairs', 'sent', 5, 2, 'GROUP', 0, '2016-09-14 09:23:24', NULL, NULL, NULL, 0),
(1711, 'NEW Issue', 'A new Issue has been submitted by rogers. Issue ID: 234. Issue details: Foul smell at tower complex', 'sent', 11, 6, 'GROUP', 0, '2016-09-14 09:23:26', NULL, NULL, NULL, 0),
(1712, 'NEW Issue', 'A new Issue has been submitted by admin. Issue ID: 235. Issue details: No argonmic chairs', 'read', 6, 2, 'GROUP', 0, '2016-09-14 09:23:29', NULL, NULL, NULL, 0),
(1713, 'NEW Issue', 'A new Issue has been submitted by rogers. Issue ID: 234. Issue details: Foul smell at tower complex', 'sent', 12, 6, 'GROUP', 0, '2016-09-14 09:23:32', NULL, NULL, NULL, 0),
(1714, 'NEW Issue', 'A new Issue has been submitted by admin. Issue ID: 235. Issue details: No argonmic chairs', 'sent', 7, 2, 'GROUP', 0, '2016-09-14 09:23:34', NULL, NULL, NULL, 0),
(1715, 'NEW Issue', 'A new Issue has been submitted by admin. Issue ID: 235. Issue details: No argonmic chairs', 'sent', 9, 2, 'GROUP', 0, '2016-09-14 09:23:38', NULL, NULL, NULL, 0),
(1716, 'NEW Issue', 'A new Issue has been submitted by rogers. Issue ID: 234. Issue details: Foul smell at tower complex', 'sent', 13, 6, 'GROUP', 0, '2016-09-14 09:23:39', NULL, NULL, NULL, 0),
(1717, 'NEW Issue', 'A new Issue has been submitted by admin. Issue ID: 235. Issue details: No argonmic chairs', 'sent', 10, 2, 'GROUP', 0, '2016-09-14 09:23:43', NULL, NULL, NULL, 0),
(1718, 'NEW Issue', 'A new Issue has been submitted by rogers. Issue ID: 234. Issue details: Foul smell at tower complex', 'read', 6, 6, 'GROUP', 0, '2016-09-14 09:23:48', NULL, NULL, NULL, 0),
(1719, 'NEW Issue', 'A new Issue has been submitted by admin. Issue ID: 235. Issue details: No argonmic chairs', 'sent', 11, 2, 'GROUP', 0, '2016-09-14 09:23:48', NULL, NULL, NULL, 0),
(1720, 'NEW Issue', 'A new Issue has been submitted by admin. Issue ID: 235. Issue details: No argonmic chairs', 'sent', 12, 2, 'GROUP', 0, '2016-09-14 09:24:03', NULL, NULL, NULL, 0),
(1721, 'NEW Issue', 'A new Issue has been submitted by admin. Issue ID: 235. Issue details: No argonmic chairs', 'sent', 13, 2, 'GROUP', 0, '2016-09-14 09:24:11', NULL, NULL, NULL, 0),
(1722, 'NEW Issue', 'A new Issue has been submitted by admin. Issue ID: 235. Issue details: No argonmic chairs', 'sent', 2, 2, 'GROUP', 0, '2016-09-14 09:24:24', NULL, NULL, NULL, 0),
(1723, 'admin has assigned you ISSUE-234/16', 'FYA', 'sent', 3, 2, 'PRIVATE', 1, '2016-09-14 09:26:17', NULL, NULL, NULL, 0),
(1724, 'ACTION TAKEN ON ISSUE-235/16', 'The following action has been taken on occurrence #:235, ISSUE-235/16, No argonmic chairs - Some action was taken', 'sent', 2, 2, 'PRIVATE', 0, '2016-10-04 09:36:18', NULL, NULL, NULL, 0),
(1725, 'ACTION TAKEN ON ISSUE-235/16', 'The following action has been taken on occurrence #:235, ISSUE-235/16, No argonmic chairs - Some action was taken', 'sent', 2, 2, 'PRIVATE', 0, '2016-10-04 09:39:54', NULL, NULL, NULL, 0),
(1726, 'admin has assigned you ISSUE-226/16', 'admin has assigned you ISSUE-226/16', 'sent', 3, 2, 'PRIVATE', 1, '2016-10-05 08:44:21', NULL, NULL, NULL, 0),
(1727, 'URGENT!! Audit Form Representative', 'You have been assigned as a representative on Audit Form #5', 'sent', 4, 2, 'PRIVATE', 1, '2016-10-08 07:27:53', NULL, NULL, NULL, 0),
(1728, 'URGENT!! Audit Form Representative', 'You have been assigned as a representative on Audit Form #6', 'sent', 3, 2, 'PRIVATE', 1, '2016-10-08 07:41:04', NULL, NULL, NULL, 0),
(1729, 'URGENT!! Audit Form Representative', 'You have been assigned as a representative on Audit Form #7', 'sent', 2, 2, 'PRIVATE', 1, '2016-10-08 07:46:56', NULL, NULL, NULL, 0),
(1730, 'URGENT!! Audit Form Representative', 'You have been assigned as a representative on Audit Form #8', 'sent', 5, 2, 'PRIVATE', 1, '2016-10-08 07:51:34', NULL, NULL, NULL, 0),
(1731, 'URGENT!! Audit Form Representative', 'You have been assigned as a representative on Audit Form #9', 'sent', 1, 2, 'PRIVATE', 1, '2016-10-08 07:54:20', NULL, NULL, NULL, 0),
(1732, 'URGENT!! Audit Form Representative', 'You have been assigned as a representative on Audit Form #10', 'sent', 2, 2, 'PRIVATE', 1, '2016-10-08 08:15:05', NULL, NULL, NULL, 0),
(1733, 'admin has assigned you HZD/AV-216/16', 'admin has assigned you HZD/AV-216/16', 'sent', 3, 2, 'PRIVATE', 1, '2016-10-08 08:37:29', NULL, NULL, NULL, 0),
(1734, 'admin has assigned you HZD/AV-216/16', 'admin has assigned you HZD/AV-216/16', 'sent', 3, 2, 'PRIVATE', 1, '2016-10-08 08:39:12', NULL, NULL, NULL, 0),
(1735, 'admin has assigned you HZD/AV-216/16', 'admin has assigned you HZD/AV-216/16', 'sent', 3, 2, 'PRIVATE', 1, '2016-10-08 08:41:07', NULL, NULL, NULL, 0),
(1736, 'admin has assigned you HZD/AV-216/16', 'admin has assigned you HZD/AV-216/16', 'sent', 3, 2, 'PRIVATE', 1, '2016-10-08 08:43:13', NULL, NULL, NULL, 0),
(1737, 'ACTION TAKEN ON HZD/AV-224/15', 'The following action has been taken on occurrence #:224, HZD/AV-224/15, Crossing 12/30 - Some action was taken', 'sent', 2, 2, 'PRIVATE', 0, '2016-10-10 09:04:04', NULL, NULL, NULL, 0),
(1738, 'admin has assigned you HZD/AV-224/15', 'admin has assigned you HZD/AV-224/15', 'sent', 3, 2, 'PRIVATE', 1, '2016-10-10 09:05:22', NULL, NULL, NULL, 0),
(1739, 'admin has assigned you aircraft incident investigation #4', 'admin has assigned you aircraft incident investigation #4', 'sent', 3, 2, 'PRIVATE', 1, '2016-10-11 07:23:56', NULL, NULL, NULL, 0),
(1740, 'admin has assigned you aircraft incident investigation #4', 'admin has assigned you aircraft incident investigation #4', 'sent', 3, 2, 'PRIVATE', 1, '2016-10-11 07:27:05', NULL, NULL, NULL, 0),
(1741, 'Investigator (guest) has forwarded Aircraft Incident Investigation #4', 'Investigator guest is done with the work assigned to him and has forwarded back to you Aircraft Incident Investigation #4 for N/A.', 'sent', 2, 3, 'PRIVATE', 1, '2016-10-11 08:40:28', NULL, NULL, NULL, 0),
(1742, 'admin has assigned you aircraft incident investigation #5', 'admin has assigned you aircraft incident investigation #5', 'sent', 3, 2, 'PRIVATE', 1, '2016-10-11 09:23:31', NULL, NULL, NULL, 0),
(1743, 'URGENT!! Audit Form Representative', 'You have been assigned as a representative on Audit Form #11', 'read', 3, 2, 'PRIVATE', 1, '2016-10-13 18:26:01', NULL, NULL, NULL, 0),
(1744, 'Assigned New Icident', 'You have Been Assigned A new Incident #227', 'sent', 3, 2, 'PRIVATE', 0, '2016-10-16 12:40:05', NULL, NULL, NULL, 0),
(1745, 'URGENT!! Investigator Notification', 'You have been assigned as investigator for: Incident ID: 227. Incident details: Crossing 12/30', 'sent', 3, 2, 'PRIVATE', 1, '2016-10-16 12:40:07', NULL, NULL, NULL, 0),
(1746, 'URGENT!! INCIDENT INVESTIGATION INS/S/106/16', 'You have been assigned as investigator for INCIDENT #INS/S/106/16', 'sent', 3, 2, 'PRIVATE', 0, '2016-10-16 12:47:11', NULL, NULL, NULL, 0),
(1747, 'Assigned New Icident', 'You have Been Assigned A new Incident #106', 'sent', 3, 2, 'PRIVATE', 0, '2016-10-16 12:47:11', NULL, NULL, NULL, 0),
(1748, 'URGENT!! Investigator Notification', 'You have been assigned as investigator for: Incident ID: 106. Incident details: Trees blocking run way view', 'sent', 3, 2, 'PRIVATE', 1, '2016-10-16 12:47:12', NULL, NULL, NULL, 0),
(1749, 'URGENT!! INCIDENT INVESTIGATION INS/S/106/16', 'You have been assigned as investigator for INCIDENT #INS/S/106/16', 'read', 3, 2, 'PRIVATE', 0, '2016-10-16 13:05:06', NULL, NULL, NULL, 0),
(1750, 'Assigned New Icident', 'You have Been Assigned A new Incident #106', 'sent', 3, 2, 'PRIVATE', 0, '2016-10-16 13:05:06', NULL, NULL, NULL, 0),
(1751, 'URGENT!! Investigator Notification', 'You have been assigned as investigator for: Incident ID: 106. Incident details: Trees blocking run way view', 'read', 3, 2, 'PRIVATE', 1, '2016-10-16 13:05:07', NULL, NULL, NULL, 0),
(1752, 'guest has assigned you as implementor for investigation on incident #INS/S/106/16', 'guest has assigned you as implementor for investigation on incident #INS/S/106/16', 'sent', 10, 3, 'PRIVATE', 1, '2016-10-16 20:54:56', NULL, NULL, NULL, 0),
(1753, 'guest has assigned you as implementor for investigation on incident #INS/S/106/16', 'guest has assigned you as implementor for investigation on incident #INS/S/106/16', 'sent', 10, 3, 'PRIVATE', 1, '2016-10-16 21:01:37', NULL, NULL, NULL, 0),
(1754, 'guest has assigned you as implementor for investigation on incident #INC/-227/16', 'guest has assigned you as implementor for investigation on incident #INC/-227/16', 'sent', 10, 3, 'PRIVATE', 1, '2016-10-16 21:04:31', NULL, NULL, NULL, 0),
(1755, 'URGENT!! INCIDENT INVESTIGATION INS/S/105/16', 'You have been assigned as investigator for INCIDENT #INS/S/105/16', 'sent', 2, 2, 'PRIVATE', 0, '2016-10-16 21:18:13', NULL, NULL, NULL, 0),
(1756, 'Assigned New Icident', 'You have Been Assigned A new Incident #105', 'sent', 2, 2, 'PRIVATE', 0, '2016-10-16 21:18:14', NULL, NULL, NULL, 0),
(1757, 'URGENT!! Investigator Notification', 'You have been assigned as investigator for: Incident ID: 105. Incident details: Trees blocking run way view', 'sent', 2, 2, 'PRIVATE', 1, '2016-10-16 21:18:15', NULL, NULL, NULL, 0),
(1758, 'URGENT!! admin has assigned you as implementor for investigation on incident #INS/S/105/16', 'URGENT!! admin has assigned you as implementor for investigation on incident #INS/S/105/16', 'sent', 10, 2, 'PRIVATE', 1, '2016-10-16 21:19:28', NULL, NULL, NULL, 0),
(1759, 'URGENT!! admin has assigned you as implementor for investigation on incident #INS/S/102/16', 'URGENT!! admin has assigned you as implementor for investigation on incident #INS/S/102/16', 'sent', 10, 2, 'PRIVATE', 1, '2016-10-16 21:26:57', NULL, NULL, NULL, 0),
(1760, 'admin has assigned as implementor of safety requirement/mitigation on hazard #HZD/AV-233/16', 'admin has assigned as implementor of safety requirement/mitigation on hazard #HZD/AV-233/16', 'sent', 10, 2, 'PRIVATE', 1, '2016-10-16 21:34:03', NULL, NULL, NULL, 0),
(1761, 'admin has assigned as implementor of safety requirement/mitigation on hazard #HZD/AV-233/16', 'admin has assigned as implementor of safety requirement/mitigation on hazard #HZD/AV-233/16', 'sent', 10, 2, 'PRIVATE', 1, '2016-10-16 21:39:43', NULL, NULL, NULL, 0),
(1762, 'URGENT!! Audit Form Representative', 'You have been assigned as a representative on Audit Form #12', 'sent', 10, 2, 'PRIVATE', 1, '2016-10-17 05:27:28', NULL, NULL, NULL, 0),
(1763, 'URGENT!! Monthly Workshop Safety Recommendation', 'You have been assigned to take action on Monthly Workshop safety recommendation #60', 'sent', 10, 2, 'PRIVATE', 1, '2016-10-19 06:00:35', NULL, NULL, NULL, 0),
(1764, 'URGENT!! INCIDENT INVESTIGATION INC/-227/16', 'You have been assigned as investigator for INCIDENT #INC/-227/16', 'sent', 4, 2, 'PRIVATE', 0, '2016-10-25 09:37:10', NULL, NULL, NULL, 0),
(1765, 'Assigned New Icident', 'You have Been Assigned A new Incident #227', 'sent', 4, 2, 'PRIVATE', 0, '2016-10-25 09:37:15', NULL, NULL, NULL, 0),
(1766, 'URGENT!! Investigator Notification', 'You have been assigned as investigator for: Incident ID: 227. Incident details: Crossing 12/30', 'sent', 4, 2, 'PRIVATE', 1, '2016-10-25 09:37:21', NULL, NULL, NULL, 0),
(1767, 'URGENT!! admin has assigned you as implementor for investigation on incident #INC/-227/16', 'URGENT!! admin has assigned you as implementor for investigation on incident #INC/-227/16', 'sent', 2, 2, 'PRIVATE', 1, '2016-10-25 13:35:47', NULL, NULL, NULL, 0),
(1768, 'admin has assigned as implementor of safety requirement/mitigation on hazard #ISSUE-235/16', 'admin has assigned as implementor of safety requirement/mitigation on hazard #ISSUE-235/16', 'sent', 2, 2, 'PRIVATE', 1, '2016-10-27 10:43:14', NULL, NULL, NULL, 0),
(1769, 'admin has assigned as implementor of safety requirement/mitigation on hazard #ISSUE-234/16', 'admin has assigned as implementor of safety requirement/mitigation on hazard #ISSUE-234/16', 'sent', 2, 2, 'PRIVATE', 1, '2016-10-27 14:35:07', NULL, NULL, NULL, 0),
(1770, 'admin has assigned as implementor of safety requirement/mitigation on hazard #ISSUE-234/16', 'admin has assigned as implementor of safety requirement/mitigation on hazard #ISSUE-234/16', 'sent', 2, 2, 'PRIVATE', 1, '2016-10-27 14:39:46', NULL, NULL, NULL, 0),
(1771, 'admin has assigned as implementor of safety requirement/mitigation on hazard #ISSUE-234/16', 'admin has assigned as implementor of safety requirement/mitigation on hazard #ISSUE-234/16', 'sent', 2, 2, 'PRIVATE', 1, '2016-10-27 14:41:26', NULL, NULL, NULL, 0),
(1772, 'admin has assigned as implementor of safety requirement/mitigation on occurrence #ISSUE-234/16', 'admin has assigned as implementor of safety requirement/mitigation on occurrence #ISSUE-234/16', 'sent', 2, 2, 'PRIVATE', 1, '2016-10-28 02:11:53', NULL, NULL, NULL, 0),
(1773, 'URGENT!! Audit Form Representative', 'You have been assigned as a representative on Audit Form #13', 'sent', 2, 2, 'PRIVATE', 1, '2016-11-02 11:13:19', NULL, NULL, NULL, 0),
(1774, 'URGENT!! Audit Form Representative', 'You have been assigned as a representative on Audit Form #14', 'sent', 2, 2, 'PRIVATE', 1, '2016-11-02 11:18:29', NULL, NULL, NULL, 0),
(1775, 'admin has assigned as implementor of safety requirement/mitigation on occurrence #HZD/A/30/15', 'admin has assigned as implementor of safety requirement/mitigation on occurrence #HZD/A/30/15', 'sent', 2, 2, 'PRIVATE', 1, '2016-11-03 10:57:51', NULL, NULL, NULL, 0),
(1776, 'URGENT!! Audit Form Representative', 'You have been assigned as a representative on Audit Form #15', 'sent', 2, 2, 'PRIVATE', 1, '2016-11-03 11:37:05', NULL, NULL, NULL, 0),
(1777, 'URGENT!! Audit Schedule Auditor', 'Please be notified that you have been added as an auditor on Audit Schedule #10.', 'sent', 1, 2, 'PRIVATE', 1, '2016-11-03 12:50:50', NULL, NULL, NULL, 0),
(1778, 'URGENT!! Audit Form Representative', 'You have been assigned as a representative on Audit Form #16', 'sent', 2, 2, 'PRIVATE', 1, '2016-11-03 14:38:50', NULL, NULL, NULL, 0),
(1779, 'admin has assigned as implementor of safety requirement/mitigation on occurrence #HZD/A/69/15', 'admin has assigned as implementor of safety requirement/mitigation on occurrence #HZD/A/69/15', 'sent', 2, 2, 'PRIVATE', 1, '2016-11-03 14:52:51', NULL, NULL, NULL, 0),
(1780, 'URGENT!! admin has assigned you as implementor for investigation on incident #INS/S/106/16', 'URGENT!! admin has assigned you as implementor for investigation on incident #INS/S/106/16', 'sent', 2, 2, 'PRIVATE', 1, '2016-11-03 16:07:59', NULL, NULL, NULL, 0),
(1781, 'URGENT!! System Analysis Safety Recommendation', 'You have been assigned to take action on System Analysis safety recommendation #78', 'sent', 2, 2, 'PRIVATE', 1, '2016-11-03 16:10:56', NULL, NULL, NULL, 0),
(1782, 'URGENT!! ICVM Safety Recommendation', 'You have been assigned to take action on ICVM safety recommendation #79', 'sent', 2, 2, 'PRIVATE', 1, '2016-11-03 16:13:41', NULL, NULL, NULL, 0),
(1783, 'URGENT!! Annual Workshop Safety Recommendation', 'You have been assigned to take action on Annual Workshop safety recommendation #80', 'read', 2, 2, 'PRIVATE', 1, '2016-11-03 16:35:56', NULL, NULL, NULL, 1),
(1784, 'Annual Workshop Implementation', 'An implementation #2 has been submitted on Annual Workshop safety recommendation #80', 'read', 2, 2, 'PRIVATE', 1, '2016-11-03 16:46:08', NULL, NULL, NULL, 0),
(1785, 'URGENT!! TESTING', 'TESTING', 'sent', 1, 2, 'GROUP', 1, '2016-11-09 23:40:39', NULL, NULL, NULL, 0),
(1786, 'URGENT!! TESTING', 'TESTING', 'read', 2, 2, 'GROUP', 1, '2016-11-09 23:40:49', NULL, NULL, NULL, 1),
(1787, 'URGENT!! TESTING', 'TESTING', 'read', 4, 2, 'GROUP', 1, '2016-11-09 23:40:54', NULL, NULL, NULL, 0),
(1788, 'URGENT!! TESTING', 'TESTING', 'read', 4, 2, 'GROUP', 1, '2016-11-09 23:41:00', NULL, NULL, NULL, 0),
(1789, 'URGENT!! Audit Schedule Auditee', 'Please be notified that you have been added as an auditee on Audit Schedule #10.', 'sent', 4, 2, 'PRIVATE', 1, '2016-11-29 03:32:32', NULL, NULL, NULL, 0),
(1790, 'URGENT!! Audit Schedule Auditor', 'Please be notified that you have been added as an auditor on Audit Schedule #10.', 'sent', 9, 2, 'PRIVATE', 1, '2016-11-29 03:37:15', NULL, NULL, NULL, 0),
(1791, 'URGENT!! System Analysis Safety Recommendation', 'You have been assigned to take action on System Analysis safety recommendation #81', 'sent', 2, 2, 'PRIVATE', 1, '2016-12-01 16:27:22', NULL, NULL, NULL, 0),
(1792, 'URGENT!! ICVM Safety Recommendation', 'You have been assigned to take action on ICVM safety recommendation #82', 'sent', 2, 2, 'PRIVATE', 1, '2016-12-01 16:31:17', NULL, NULL, NULL, 0),
(1793, 'URGENT!! Audit Form Representative', 'You have been assigned as a representative on Audit Form #17', 'sent', 1, 2, 'PRIVATE', 1, '2016-12-02 00:41:47', NULL, NULL, NULL, 0),
(1794, 'URGENT!! Audit Form Representative', 'You have been assigned as a representative on Audit Form #18', 'sent', 2, 2, 'PRIVATE', 1, '2016-12-02 01:03:46', NULL, NULL, NULL, 0),
(1795, 'URGENT!! Audit Form Representative', 'You have been assigned as a representative on Audit Form #19', 'sent', 2, 2, 'PRIVATE', 1, '2016-12-05 09:55:19', NULL, NULL, NULL, 0),
(1796, 'URGENT!! Audit Form Representative', 'You have been assigned as a representative on Audit Form #20', 'sent', 2, 2, 'PRIVATE', 1, '2016-12-05 10:01:11', NULL, NULL, NULL, 0),
(1797, 'URGENT!! admin has assigned you as implementor for investigation on incident #', 'URGENT!! admin has assigned you as implementor for investigation on incident #', 'sent', 2, 2, 'PRIVATE', 1, '2016-12-05 10:14:03', NULL, NULL, NULL, 0),
(1798, 'admin has assigned as implementor of safety requirement/mitigation on occurrence #', 'admin has assigned as implementor of safety requirement/mitigation on occurrence #', 'sent', 2, 2, 'PRIVATE', 1, '2016-12-05 10:23:46', NULL, NULL, NULL, 0),
(1799, 'admin has assigned as implementor of safety requirement/mitigation on occurrence #', 'admin has assigned as implementor of safety requirement/mitigation on occurrence #', 'sent', 2, 2, 'PRIVATE', 1, '2016-12-05 10:26:38', NULL, NULL, NULL, 0),
(1800, 'URGENT!! admin has assigned you as implementor for investigation on incident #', 'URGENT!! admin has assigned you as implementor for investigation on incident #', 'read', 14, 2, 'PRIVATE', 1, '2016-12-06 10:01:06', NULL, NULL, NULL, 0),
(1801, 'URGENT!! Audit Form Representative', 'You have been assigned as a representative on Audit Form #21', 'sent', 2, 2, 'PRIVATE', 1, '2016-12-29 18:55:58', NULL, NULL, NULL, 0),
(1802, 'URGENT!! Audit Form Representative', 'You have been assigned as a representative on Audit Form #22', 'sent', 2, 2, 'PRIVATE', 1, '2016-12-30 02:37:47', NULL, NULL, NULL, 0),
(1803, 'URGENT!! admin has assigned you as implementor for investigation on incident #', 'URGENT!! admin has assigned you as implementor for investigation on incident #', 'sent', 1, 2, 'PRIVATE', 1, '2017-01-09 04:59:13', NULL, NULL, NULL, 0);

-- --------------------------------------------------------

--
-- Table structure for table `operation_types`
--

CREATE TABLE IF NOT EXISTS `operation_types` (
  `id` int(11) NOT NULL AUTO_INCREMENT,
  `name` varchar(128) NOT NULL,
  `status` tinyint(4) NOT NULL DEFAULT '1',
  `current_user` int(11) DEFAULT NULL,
  `current_user_id` int(11) DEFAULT NULL,
  PRIMARY KEY (`id`)
) ENGINE=InnoDB  DEFAULT CHARSET=latin1 AUTO_INCREMENT=12 ;

--
-- Dumping data for table `operation_types`
--

INSERT INTO `operation_types` (`id`, `name`, `status`, `current_user`, `current_user_id`) VALUES
(1, 'ATC', 1, NULL, NULL),
(2, 'CNS', 1, NULL, NULL),
(3, 'AIM', 1, NULL, NULL),
(4, 'atc', 1, NULL, NULL),
(5, 'atc', 1, NULL, NULL),
(6, 'atc', 1, NULL, NULL),
(7, 'atc', 1, NULL, NULL),
(8, 'atc', 1, NULL, NULL),
(9, 'atc', 1, NULL, NULL),
(10, 'atc', 1, NULL, NULL),
(11, 'atc', 1, NULL, NULL);

-- --------------------------------------------------------

--
-- Table structure for table `operators`
--

CREATE TABLE IF NOT EXISTS `operators` (
  `id` int(11) NOT NULL AUTO_INCREMENT,
  `name` varchar(256) NOT NULL,
  `status` tinyint(4) NOT NULL DEFAULT '1',
  `current_user` int(11) DEFAULT NULL,
  `current_user_id` int(11) DEFAULT NULL,
  PRIMARY KEY (`id`)
) ENGINE=InnoDB  DEFAULT CHARSET=latin1 AUTO_INCREMENT=3 ;

--
-- Dumping data for table `operators`
--

INSERT INTO `operators` (`id`, `name`, `status`, `current_user`, `current_user_id`) VALUES
(1, 'OPERATOR A', 1, NULL, NULL),
(2, 'OPERATOR B', 1, NULL, NULL);

-- --------------------------------------------------------

--
-- Table structure for table `owners`
--

CREATE TABLE IF NOT EXISTS `owners` (
  `id` int(11) NOT NULL AUTO_INCREMENT,
  `name` varchar(256) NOT NULL,
  `status` tinyint(4) NOT NULL DEFAULT '1',
  `current_user` int(11) DEFAULT NULL,
  `current_user_id` int(11) DEFAULT NULL,
  PRIMARY KEY (`id`)
) ENGINE=InnoDB  DEFAULT CHARSET=latin1 AUTO_INCREMENT=3 ;

--
-- Dumping data for table `owners`
--

INSERT INTO `owners` (`id`, `name`, `status`, `current_user`, `current_user_id`) VALUES
(1, 'OWNER A', 1, NULL, NULL),
(2, 'OWNER B', 1, NULL, NULL);

-- --------------------------------------------------------

--
-- Table structure for table `performance_monitoring`
--

CREATE TABLE IF NOT EXISTS `performance_monitoring` (
  `id` int(11) NOT NULL AUTO_INCREMENT,
  `safety_recommendation_id` int(11) DEFAULT NULL,
  `consequence` varchar(256) NOT NULL,
  `status_of_reoccurrence` varchar(8) NOT NULL,
  `remark` varchar(256) NOT NULL,
  `reported_by` int(11) DEFAULT NULL,
  `modified` timestamp NOT NULL,
  `status` tinyint(4) NOT NULL DEFAULT '1',
  `current_user` int(11) DEFAULT NULL,
  `current_user_id` int(11) DEFAULT NULL,
  PRIMARY KEY (`id`)
) ENGINE=InnoDB DEFAULT CHARSET=latin1 AUTO_INCREMENT=1 ;

-- --------------------------------------------------------

--
-- Table structure for table `performance_targets`
--

CREATE TABLE IF NOT EXISTS `performance_targets` (
  `id` int(11) NOT NULL AUTO_INCREMENT,
  `details` varchar(256) NOT NULL,
  `modified` timestamp NOT NULL DEFAULT CURRENT_TIMESTAMP ON UPDATE CURRENT_TIMESTAMP,
  `status` tinyint(4) NOT NULL DEFAULT '1',
  `incident_id` int(11) DEFAULT NULL,
  `reported_by` varchar(32) NOT NULL,
  `current_user` int(11) DEFAULT NULL,
  `current_user_id` int(11) DEFAULT NULL,
  PRIMARY KEY (`id`),
  KEY `incident_id` (`incident_id`)
) ENGINE=InnoDB  DEFAULT CHARSET=latin1 AUTO_INCREMENT=13 ;

--
-- Dumping data for table `performance_targets`
--

INSERT INTO `performance_targets` (`id`, `details`, `modified`, `status`, `incident_id`, `reported_by`, `current_user`, `current_user_id`) VALUES
(1, 'At least 98% availability od Direct speech communication withy Kinshasa', '2015-08-04 13:03:08', 1, 14, '', NULL, NULL),
(2, 'At least 98% availability od Direct speech communication withy Kinshasa', '2015-08-10 15:02:49', 1, 39, 'admin', NULL, NULL),
(3, 'Full scale performance in one months time', '2015-08-11 06:41:06', 1, 37, 'admin', NULL, NULL),
(4, 'aaaaaaaa1', '2015-11-03 07:04:39', 1, 77, 'admin', NULL, NULL),
(5, 'Clear view of movement areas from tower ', '2016-01-20 08:43:37', 1, 98, 'admin', NULL, NULL),
(6, 'n/a', '2016-02-09 07:41:53', 1, 86, 'admin', NULL, NULL),
(7, 'na/a', '2016-02-09 08:16:43', 1, 83, 'admin', NULL, NULL),
(8, 'Clear view of movement areas from tower', '2016-06-18 23:21:43', 1, 89, 'admin', NULL, NULL),
(9, 'to have no obstruction in the approach path of runway 17', '2016-08-03 08:34:53', 1, 215, 'admin', NULL, NULL),
(10, 'to have ear phones at each station', '2016-08-23 10:54:15', 1, 185, 'admin', NULL, NULL),
(11, 'No vehicles crossing RWY 12/30', '2016-08-23 11:13:49', 1, 222, 'admin', NULL, NULL),
(12, 'performance s', '2016-10-10 09:36:28', 1, 224, 'admin', NULL, NULL);

-- --------------------------------------------------------

--
-- Table structure for table `places`
--

CREATE TABLE IF NOT EXISTS `places` (
  `id` int(11) NOT NULL AUTO_INCREMENT,
  `name` varchar(256) NOT NULL,
  `status` tinyint(4) NOT NULL DEFAULT '1',
  `current_user` int(11) DEFAULT NULL,
  `current_user_id` int(11) DEFAULT NULL,
  PRIMARY KEY (`id`)
) ENGINE=InnoDB  DEFAULT CHARSET=latin1 AUTO_INCREMENT=4 ;

--
-- Dumping data for table `places`
--

INSERT INTO `places` (`id`, `name`, `status`, `current_user`, `current_user_id`) VALUES
(1, 'Approach', 1, NULL, NULL),
(2, 'Area Control Center', 1, NULL, NULL),
(3, 'Tower', 1, NULL, NULL);

-- --------------------------------------------------------

--
-- Table structure for table `post`
--

CREATE TABLE IF NOT EXISTS `post` (
  `post_ID` int(11) NOT NULL AUTO_INCREMENT,
  `post_title` varchar(255) DEFAULT NULL,
  `post_content` text,
  `category_id` int(11) DEFAULT NULL,
  `date` datetime DEFAULT NULL,
  PRIMARY KEY (`post_ID`),
  KEY `FK_post_cat` (`category_id`)
) ENGINE=InnoDB  DEFAULT CHARSET=latin1 AUTO_INCREMENT=3 ;

--
-- Dumping data for table `post`
--

INSERT INTO `post` (`post_ID`, `post_title`, `post_content`, `category_id`, `date`) VALUES
(1, 'How to create a blog in Yii', 'If you put these things together a drop down list will be drawn. And if you want to group items in it by specified column, it is very easy. Lets say you have a table of countries and table of continents. Each country belongs to 1 continent = you have relation 1:N from continent to countries and back. In your drop down list you want to see all the countries. But not mixed together. You want them to be grouped by continents like on the picture above.', 1, '2014-07-29 14:26:53'),
(2, 'Post title', 'Some content goes here.', 1, '2014-12-05 12:06:30');

-- --------------------------------------------------------

--
-- Table structure for table `questionnaire`
--

CREATE TABLE IF NOT EXISTS `questionnaire` (
  `questionnaire_id` int(11) NOT NULL AUTO_INCREMENT,
  `submitted_by` varchar(200) NOT NULL,
  `date_created` timestamp NOT NULL DEFAULT CURRENT_TIMESTAMP,
  `status` tinyint(4) NOT NULL DEFAULT '1',
  `title` varchar(256) NOT NULL,
  `form_status` varchar(32) NOT NULL DEFAULT 'NEW',
  `current_user` int(11) DEFAULT NULL,
  `current_user_id` int(11) DEFAULT NULL,
  PRIMARY KEY (`questionnaire_id`)
) ENGINE=InnoDB  DEFAULT CHARSET=latin1 AUTO_INCREMENT=37 ;

--
-- Dumping data for table `questionnaire`
--

INSERT INTO `questionnaire` (`questionnaire_id`, `submitted_by`, `date_created`, `status`, `title`, `form_status`, `current_user`, `current_user_id`) VALUES
(1, '2', '2015-11-01 07:27:52', 1, '', 'NEW', NULL, NULL),
(2, '2', '2015-11-01 07:29:30', 1, '', 'NEW', NULL, NULL),
(3, '2', '2015-11-01 07:30:14', 1, '', 'NEW', NULL, NULL),
(4, '2', '2015-11-01 07:31:18', 1, '', 'NEW', NULL, NULL),
(5, '2', '2015-11-01 07:32:37', 1, '', 'NEW', NULL, NULL),
(6, '2', '2015-11-01 11:16:41', 1, '', 'NEW', NULL, NULL),
(7, 'Rogers', '2015-11-03 13:24:21', 1, '', 'NEW', NULL, NULL),
(8, 'Yh', '2015-11-08 13:32:04', 1, '', 'NEW', NULL, NULL),
(9, 'Kraiba', '2016-01-19 06:41:38', 1, '', 'NEW', NULL, NULL),
(10, '2', '2016-12-01 21:00:00', 1, 'some gap analysis', 'NEW', NULL, NULL),
(11, '2', '2016-01-29 15:08:19', 1, '', 'NEW', NULL, NULL),
(12, 'Kraiba', '2016-01-29 15:15:37', 1, '', 'NEW', NULL, NULL),
(13, '2', '2016-01-29 15:15:52', 1, '', 'NEW', NULL, NULL),
(14, '2', '2016-02-09 12:33:07', 1, '', 'NEW', NULL, NULL),
(15, 'admin', '2016-05-19 09:33:06', 1, '', 'NEW', NULL, NULL),
(16, '2', '2016-05-19 09:33:19', 1, '', 'NEW', NULL, NULL),
(17, 'Wanzunula Rogers', '2016-05-26 11:48:03', 1, '', 'NEW', NULL, NULL),
(18, 'Wanzunula Rogers', '2016-05-26 11:49:18', 1, '', 'NEW', NULL, NULL),
(19, 'ANDREW MWESIGE', '2016-05-26 11:49:44', 1, '', 'NEW', NULL, NULL),
(20, 'MWESIGE', '2016-05-26 11:52:15', 1, '', 'NEW', NULL, NULL),
(21, '2', '2016-05-26 11:52:55', 1, '', 'NEW', NULL, NULL),
(22, '2', '2016-05-26 11:54:00', 1, '', 'NEW', NULL, NULL),
(23, '2', '2016-05-26 11:55:51', 1, '', 'NEW', NULL, NULL),
(24, 'Wanzunula Rogers', '2016-05-26 11:59:57', 1, '', 'NEW', NULL, NULL),
(25, 'Matovu David', '2016-05-26 12:05:03', 1, '', 'NEW', NULL, NULL),
(26, '2', '2016-05-26 12:05:32', 1, '', 'NEW', NULL, NULL),
(27, 'wanzu', '2016-06-25 12:26:48', 1, '', 'NEW', NULL, NULL),
(28, '2', '2016-06-25 12:29:38', 1, '', 'NEW', NULL, NULL),
(29, 'e', '2016-06-25 12:32:54', 1, '', 'NEW', NULL, NULL),
(30, '2', '2016-07-18 21:00:00', 1, 'Safety Policy and Objectives gap analysis', 'NEW', NULL, NULL),
(31, '2', '2016-07-25 21:00:00', 1, 'Gap analysis for harum quidem rerum facilis', 'NEW', NULL, NULL),
(32, '2', '2016-08-02 21:00:00', 1, 'SMS Documentation', 'NEW', NULL, NULL),
(33, '2', '2016-10-16 21:00:00', 1, 'GAP ANALYSIS', 'NEW', NULL, NULL),
(34, '2', '2016-11-16 21:00:00', 1, 'GAP ANALYSIS', 'NEW', NULL, NULL),
(35, '2', '2016-12-01 21:00:00', 1, 'GAP ANALYSIS', 'NEW', NULL, NULL),
(36, '2', '2016-12-29 21:00:00', 1, 'TITLE OF GAP ANALYSIS', 'NEW', NULL, NULL);

-- --------------------------------------------------------

--
-- Table structure for table `questionnaire_edit_trail`
--

CREATE TABLE IF NOT EXISTS `questionnaire_edit_trail` (
  `id` int(11) NOT NULL AUTO_INCREMENT,
  `questionnaire_id` int(11) DEFAULT NULL,
  `date` timestamp NOT NULL DEFAULT CURRENT_TIMESTAMP,
  `action` varchar(256) NOT NULL,
  `user` int(11) DEFAULT NULL,
  `current_user` int(11) DEFAULT NULL,
  `current_user_id` int(11) DEFAULT NULL,
  PRIMARY KEY (`id`)
) ENGINE=InnoDB  DEFAULT CHARSET=latin1 AUTO_INCREMENT=9 ;

--
-- Dumping data for table `questionnaire_edit_trail`
--

INSERT INTO `questionnaire_edit_trail` (`id`, `questionnaire_id`, `date`, `action`, `user`, `current_user`, `current_user_id`) VALUES
(1, 10, '2016-07-11 10:13:05', 'UPDATED', 2, NULL, NULL),
(2, 30, '2016-07-26 09:27:04', 'CREATED', 2, NULL, NULL),
(3, 30, '2016-07-26 09:27:35', 'UPDATED', 2, NULL, NULL),
(4, 31, '2016-07-26 15:36:40', 'CREATED', 2, NULL, NULL),
(5, 32, '2016-08-03 07:01:59', 'CREATED', 2, NULL, NULL),
(6, 35, '2016-12-02 00:23:28', 'CREATED', 2, NULL, NULL),
(7, 10, '2016-12-02 01:02:50', 'UPDATED', 2, NULL, NULL),
(8, 36, '2016-12-30 02:29:14', 'CREATED', 2, NULL, NULL);

-- --------------------------------------------------------

--
-- Table structure for table `questionnaire_questions`
--

CREATE TABLE IF NOT EXISTS `questionnaire_questions` (
  `question_id` int(11) NOT NULL AUTO_INCREMENT,
  `question` text NOT NULL,
  `section` varchar(200) NOT NULL,
  `level1` text COMMENT 'Level 1 (most desirable)',
  `level2` text COMMENT 'Level 2 (average)',
  `level3` text COMMENT 'Level 3 (least desirable)',
  `question_no` varchar(200) NOT NULL,
  `current_user` int(11) DEFAULT NULL,
  `current_user_id` int(11) DEFAULT NULL,
  PRIMARY KEY (`question_id`)
) ENGINE=InnoDB  DEFAULT CHARSET=latin1 AUTO_INCREMENT=72 ;

--
-- Dumping data for table `questionnaire_questions`
--

INSERT INTO `questionnaire_questions` (`question_id`, `question`, `section`, `level1`, `level2`, `level3`, `question_no`, `current_user`, `current_user_id`) VALUES
(1, 'Is there a safety policy in place?\r\n[ 5.3.7 to 5.3.15; 5.5.3]', '1', 'Final accountability for safety and\r\nquality matters clearly addressed in\r\nthe accountable managers TOR.', 'Accountable managers TOR have\r\nnegligible or indistinct mention of\r\nsafety/quality functions', 'Safety/quality functions non-existent\r\nin accountable managers TOR', '1.1-1', NULL, NULL),
(2, 'Does the safety policy reflect senior managements commitment\r\nregarding safety management?\r\n[5.3.7 to 5.3.15]', '2.1', 'TBD', 'TBD', 'TBD', '1.1-2', NULL, NULL),
(3, 'Is the safety policy appropriate to the size, nature and complexity\r\nof the organization?\r\n[5.3.7 to 5.3.15]', '2.1', 'Less than 8 years', '8 to less than 12 years', 'More than 12 years', '1.1-3', NULL, NULL),
(4, 'Is the safety policy relevant to aviation safety?\r\n[5.3.7 to 5.3.15]', '2.1', '', 'HIRA programme in place. Completion\r\nor review of 1 to 3 risk assessment\r\nprojects (per 100 operational\r\nemployees) within the last 12 months', 'No active HIRA programme in place', '1.1-4', NULL, NULL),
(5, 'Is the safety policy signed by the accountable executive?\r\n[5.3.7 to 5.3.15; 5.5.3]', '2.1', 'TBD', 'TBD', 'TBD', '1.1-5', NULL, NULL),
(6, 'Is the safety policy communicated, with visible endorsement,\r\nthroughout the [Organization]?\r\n[5.5.3]', '2.1', '1: less than 15', '1:15 to 20', '1: more than 20', '1.1-6', NULL, NULL),
(7, 'Has [Organization] identified an accountable executive who,\r\nirrespective of other functions, shall have ultimate responsibility\r\nand accountability, on behalf of the [Organization], for the\r\nimplementation and maintenance of the SMS?\r\n[5.3.16 to 5.3.26; 5.5.2]', '2.1', 'TBD', 'TBD', 'TBD', '1.2-1', NULL, NULL),
(8, 'Does the accountable executive have full control of the financial\r\nand human resources required for the operations authorized to\r\nbe conducted under the operations certificate?\r\n[5.3.16 to 5.3.26]', '1', 'TBD', 'TBD', 'TBD', '1.2-2', NULL, NULL),
(9, 'Does the Accountable Executive have final authority over all\r\naviation activities of his organization?\r\n[5.3.16 to 5.3.26]', '1', 'TBD', 'TBD', 'TBD', '1.2-3', NULL, NULL),
(10, 'Has [Organization] identified and documented the safety\r\naccountabilities of management as well as operational personnel,\r\nwith respect to the SMS?\r\n[5.3.16 to 5.3.26]', '1', 'More than 10 years', '5 to 10 years', 'Less than 5 years', '1.2-4', NULL, NULL),
(11, 'Is there a safety committee or review board for the purpose of\r\nreviewing SMS and safety performance?\r\n[5.3.27 to 5.3.33; Appendix 4]', '2.2', '1 OR NILL', '2', '3 or more', '1.2-5', NULL, NULL),
(12, 'Is the safety committee chaired by the accountable executive or\r\nby an appropriately assigned deputy, duly substantiated in the\r\nSMS manual?\r\n[5.3.27 to 5.3.33; Appendix 4]', '1', 'Has more than 3 years of aviation\r\nexperience and aviation technical\r\nqualifications', 'Has more than 3 years of aviation\r\nexperience or technical qualifications', 'Has less than 3 years of aviation\r\nexperience and no technical\r\nqualification', '1.2-6', NULL, NULL),
(13, 'Does the safety committee include relevant operational or\r\ndepartmental heads as applicable?\r\n[5.3.27 to 5.3.33; Appendix 4]', '2.2', 'Has more than 15 years of civil\r\naviation safety/quality experience and\r\naviation technical qualifications', 'Has more than 5 years of civil aviation\r\nsafety/quality experience and aviation\r\ntechnical qualifications', 'Has less than 5 years of civil aviation\r\nsafety/quality experience or no\r\naviation technical qualification', '1.2-7', NULL, NULL),
(14, 'Are there safety action groups that work in conjunction with the\r\nsafety committee (especially for large/complex organizations)?\r\n[5.3.27 to 5.3.33; Appendix 4]', '1', NULL, NULL, NULL, '1.2-8', NULL, NULL),
(15, 'Has [Organization] appointed a qualified person to manage and\r\noversee the day-to-day operation of the SMS?\r\n[5.3.27 to 5.3.33; 5.5.2; Appendix 2]', '', NULL, NULL, NULL, '1.3-1', NULL, NULL),
(16, 'Does the qualified person have direct access or reporting to the\r\naccountable executive concerning the implementation and\r\noperation of the SMS?\r\n[5.3.27 to 5.3.33; 5.5.2; Appendix 2, 6.1]', '', NULL, NULL, NULL, '1.3-2', NULL, NULL),
(17, 'Does the manager responsible for administering the SMS hold\r\nother responsibilities that may conflict or impair his role as SMS\r\nmanager?\r\n[Appendix 2, 6.4]', '', NULL, NULL, NULL, '1.3-3', NULL, NULL),
(18, 'Is the SMS managers position a senior management position not\r\nlower than or subservient to other operational or production\r\npositions?\r\n[Appendix 2, 6.4]', '', NULL, NULL, NULL, '1.3-4', NULL, NULL),
(19, 'Does [Organization] have an emergency response/contingency\r\nplan appropriate to the size, nature and complexity of the\r\norganization?\r\n[Appendix 3]', '', NULL, NULL, NULL, '1.4-1', NULL, NULL),
(20, 'Does the emergency/contingency plan address all possible or\r\nlikely emergency/crisis scenarios relating to the organizations\r\naviation product or service deliveries?\r\n[Appendix 3, 4 f)]', '', NULL, NULL, NULL, '1.4-2', NULL, NULL),
(21, 'Does the ERP include procedures for the continuing safe\r\nproduction, delivery or support of its aviation products or services\r\nduring such emergencies or contingencies?\r\n[Appendix 3, 4 e)]', '', NULL, NULL, NULL, '1.4-3', NULL, NULL),
(22, 'Is there a plan and record for drills or exercises with respect to\r\nthe ERP?\r\n[Appendix 3, 5 c)]', '', NULL, NULL, NULL, '1.4-4', NULL, NULL),
(23, 'Does the ERP address the necessary coordination of its\r\nemergency response/contingency procedures with the\r\nemergency/response contingency procedures of other\r\norganizations where applicable?\r\n[Appendix 3, 4 d)]', '', NULL, NULL, NULL, '1.4-5', NULL, NULL),
(24, 'Does [Organization] have a process to distribute and\r\ncommunicate the ERP to all relevant personnel, including\r\nrelevant external organizations?\r\n[Appendix 3, 5 d)]', '', NULL, NULL, NULL, '1.4-7', NULL, NULL),
(25, 'Is there a procedure for periodic review of the ERP to ensure its\r\ncontinuing relevance and effectiveness?\r\n[Appendix 3, 5 f)]', '', NULL, NULL, NULL, '1.4-7', NULL, NULL),
(26, 'Is there a top-level SMS summary or exposition document which\r\nis approved by the accountable manager and accepted by the\r\nCAA?\r\n[5.3.36 to 5.3.38]', '', NULL, NULL, NULL, '1.5-1', NULL, NULL),
(27, 'Does the SMS documentation address the organizations SMS\r\nand its associated components and elements?\r\n[5.3.36 to 5.3.38; 5.4.1; Appendix 4]', '', NULL, NULL, NULL, '1.5-2', NULL, NULL),
(28, 'Is [Organization] SMS framework in alignment with the regulatory\r\nSMS framework?\r\n[5.3.36 to 5.3.38; 5.4.1; Appendix 4]', '', NULL, NULL, NULL, '1.5-3', NULL, NULL),
(29, 'Does [Organization] maintain a record of relevant supporting\r\ndocumentation pertinent to the implementation and operation of\r\nthe SMS?\r\n[5.3.36 to 5.3.38; 5.5.5]', '', NULL, NULL, NULL, '1.5-4', NULL, NULL),
(30, 'Does [Organization] have an SMS implementation plan to\r\nestablish its SMS implementation process, including specific\r\ntasks and their relevant implementation milestones?\r\n[5.4.4]', '', NULL, NULL, NULL, '1.5-5', NULL, NULL),
(31, 'Does the SMS implementation plan address the coordination\r\nbetween the service providers SMS and the SMS of external\r\norganizations where applicable?\r\n[5.4.4]', '', NULL, NULL, NULL, '1.5-6', NULL, NULL),
(32, 'Is the SMS implementation plan endorsed by the accountable\r\nexecutive?\r\n[5.4.4; 5.5.2]', '', NULL, NULL, NULL, '1.5-7', NULL, NULL),
(33, 'Is there a process for voluntary hazards/threats reporting by all\r\nemployees?\r\n[5.3.42 to 5.3.52; 5.5.4]', '', NULL, NULL, NULL, '2.1-1', NULL, NULL),
(34, 'Is the voluntary hazard/threats reporting simple, available to all\r\npersonnel involved in safety-related duties and commensurate\r\nwith the size of the service provider?\r\n[5.3.42 to 5.3.52]', '', NULL, NULL, NULL, '2.1-2', NULL, NULL),
(35, 'Does [Organization] SDCPS include procedures for\r\nincident/accident reporting by operational or production\r\npersonnel?\r\n[5.3.42 to 5.3.52; 5.5.4; Chapter 4, Appendix 3]', '', NULL, NULL, NULL, '2.1-3', NULL, NULL),
(36, 'Is incident/accident reporting simple, accessible to all personnel\r\ninvolved in safety-related duties and commensurate with the size\r\nof the service provider?\r\n[5.3.42 to 5.3.52; 5.5.4]', '', NULL, NULL, NULL, '2.1-4', NULL, NULL),
(37, 'Does [Organization] have procedures for investigation of all\r\nreported incident/accidents?\r\n[5.3.42 to 5.3.52; 5.5.4]', '', NULL, NULL, NULL, '2.1-5', NULL, NULL),
(38, 'Are there procedures to ensure that hazards/threats identified or\r\nuncovered during incident/accident investigation processes are\r\nappropriately accounted for and integrated into the organizations\r\nhazard collection and risk mitigation procedure?\r\n[2.13.9; 5.3.50 f); 5.5.5]', '', NULL, NULL, NULL, '2.1-6', NULL, NULL),
(39, 'Are there procedures to review hazards/threats from relevant\r\nindustry reports for follow-up actions or risk evaluation where\r\napplicable?\r\n[5.3.5.1]', '', NULL, NULL, NULL, '2.1-7', NULL, NULL),
(40, 'Is there a documented hazard identification and risk mitigation\r\n(HIRM) procedure involving the use of objective risk analysis\r\ntools?\r\n[2.13; 2.14; 5.3.53 to 5.3.61', '', NULL, NULL, NULL, '2.2-1', NULL, NULL),
(41, 'Is the risk assessment reports approved by departmental\r\nmanagers or at a higher level where appropriate?\r\n[2.15.5; 5.3.53 to 5.3.61]', '', NULL, NULL, NULL, '2.2-2', NULL, NULL),
(42, 'Is there a procedure for periodic review of existing risk mitigation\r\nrecords?\r\n[5.5.4]', '', NULL, NULL, NULL, '2.2-3', NULL, NULL),
(43, 'Is there a procedure to account for mitigation actions whenever\r\nunacceptable risk levels are identified?\r\n[5.5.4]', '', NULL, NULL, NULL, '2.2-4', NULL, NULL),
(44, 'Is there a procedure to prioritize identified hazards for risk\r\nmitigation actions?\r\n[5.5.4]', '', NULL, NULL, NULL, '2.2-5', NULL, NULL),
(45, 'Is there a programme for systematic and progressive review of all\r\naviation safety-related operations, processes, facilities and\r\nequipment subject to the HIRM process as identified by the\r\norganization?\r\n[5.5.4]', '', NULL, NULL, NULL, '2.2-6', NULL, NULL),
(46, 'Are there identified safety performance indicators for measuring\r\nand monitoring the safety performance of the organizations\r\naviation activities?\r\n[5.3.66 to 5.3.73 5.4.5 5.5.4 5.5.5 Appendix 6]', '', NULL, NULL, NULL, '3.1-1', NULL, NULL),
(47, 'Are the safety performance indicators relevant to the\r\norganizations safety policy as well as managements high-level\r\nsafety objectives or goals?\r\n[5.3.66 to 5.3.73 5.4.5 Appendix 6]', '', NULL, NULL, NULL, '3.1-2', NULL, NULL),
(48, 'Do the safety performance indicators include alert or target settings\r\nto define unacceptable performance regions and planned\r\nimprovement goals?\r\n[5.3.66 to 5.3.73 5.4.5 5.5.4 5.5.5 Appendix 6]', '', NULL, NULL, NULL, '3.1-3', NULL, NULL),
(49, 'Is the setting of alert levels or out-of-control criteria based on\r\nobjective safety metrics principles?\r\n[5.3.66 to 5.3.73 5.4.5 Appendix 6]', '', NULL, NULL, NULL, '3.1-4', NULL, NULL),
(50, 'Do the safety performance indicators include quantitative\r\nmonitoring of high-consequence safety outcomes (e.g. accident\r\nand serious incident rates) as well as lower-consequence events\r\ne.g. rate of non-compliance, deviations?\r\n[5.3.66 to 5.3.73 5.4.5 5.5.4 5.5.5 Appendix 6]', '', NULL, NULL, NULL, '3.1-5', NULL, NULL),
(51, 'Are safety performance indicators and their associated\r\nperformance settings developed in consultation with, and subject\r\nto, the civil aviation authoritys agreement?\r\n[5.3.66 to 5.3.73 5.4.5.2 5.5.4 5.5.5]', '', NULL, NULL, NULL, '3.1-6', NULL, NULL),
(52, 'Is there a procedure for corrective or follow-up action to be taken\r\nwhen targets are not achieved and alert levels are exceeded or \r\nbreached?\r\n[5.4.5 Appendix 6, Table 5-A6-5 b)]', '', NULL, NULL, NULL, '3.1-7', NULL, NULL),
(53, 'Are the safety performance indicators periodically reviewed?\r\n[5.4.5 Appendix 6]', '', NULL, NULL, NULL, '3.1-8', NULL, NULL),
(54, 'Is there a procedure for review of relevant existing aviation\r\nsafety-related facilities and equipment (including HIRM records)\r\nwhenever there are pertinent changes to those facilities or\r\nequipment?\r\n[5.3.74 to 5.3.77 5.5.4]', '', NULL, NULL, NULL, '3.2-1', NULL, NULL),
(55, 'Is there a procedure for review of relevant existing aviation\r\nsafety-related operations and processes (including any HIRM\r\nrecords) whenever there are pertinent changes to those\r\noperations or processes?\r\n[5.3.74 to 5.3.77 5.5.4]', '', NULL, NULL, NULL, '3.2-2', NULL, NULL),
(56, 'Is there a procedure for review of new aviation safety-related\r\noperations and processes for hazards or risks before they are\r\ncommissioned?\r\n[5.5.4]', '', NULL, NULL, NULL, '3.2-3', NULL, NULL),
(57, 'Is there a procedure for review of relevant existing facilities,\r\nequipment, operations or processes (including HIRM records)\r\nwhenever there are pertinent changes external to the organization\r\nsuch as regulatory or industry standards, best practices or\r\ntechnology?\r\n[5.5.4]', '', NULL, NULL, NULL, '3.2-4', NULL, NULL),
(58, 'Is there a procedure for periodic internal audit or assessment of the\r\nSMS?\r\n[5.3.78 to 5.3.82 5.5.4 5.5.5]', '', NULL, NULL, NULL, '3.3-1', NULL, NULL),
(59, 'Is there a current internal SMS auditor assessment plan?\r\n[5.3.78 to 5.3.82 5.5.4 5.5.5]', '', NULL, NULL, NULL, '3.3-2', NULL, NULL),
(60, 'Does the SMS audit plan include the sampling of\r\ncompleted or existing safety risk assessments?\r\n[5.5.5]', '', NULL, NULL, NULL, '3.3-3', NULL, NULL),
(61, 'Does the SMS audit plan cover the SMS interface with\r\nsubcontractors or customers where applicable?\r\n[5.4.1 5.5.5]', '', NULL, NULL, NULL, '3.3-5', NULL, NULL),
(62, 'Is there a process for SMS auditor assessment reports to be\r\nsubmitted or highlighted for the accountable managers attention\r\nwhere appropriate?\r\n[5.3.80 5.5.5]', '', NULL, NULL, NULL, '3.3-6', NULL, NULL),
(63, 'Does the SMS audit plan cover the SMS interface with\r\nsubcontractors or customers where applicable?\r\n[5.4.1 5.5.5]', '', NULL, NULL, NULL, '3.3-5', NULL, NULL),
(64, 'Is there a process for SMS auditor assessment reports to be\r\nsubmitted or highlighted for the accountable managers attention\r\nwhere appropriate?\r\n[5.3.80 5.5.5]', '', NULL, NULL, NULL, '3.3-6', NULL, NULL),
(65, 'Is there a programme to provide SMS training or familiarization to\r\npersonnel involved in the implementation or operation of the\r\nSMS?\r\n[5.3.86 to 5.3.91 5.5.5]', '', NULL, NULL, NULL, '4.1-1', NULL, NULL),
(66, 'Has the accountable executive undergone appropriate SMS\r\nfamiliarization, briefing or training?\r\n[5.3.86 to 5.3.91 5.5.5]', '', NULL, NULL, NULL, '4.1-2', NULL, NULL),
(67, 'Are personnel involved in conducting risk mitigation provided with\r\nappropriate risk management training or familiarization?\r\n[5.3.86 to 5.3.91 5.5.5]', '', NULL, NULL, NULL, '4.1-3', NULL, NULL),
(68, 'Is there evidence of organizationwide SMS education or\r\nawareness efforts?\r\n[5.3.86 to 5.3.91 5.5.5]', '', NULL, NULL, NULL, '4.1-4', NULL, NULL),
(69, 'Does [Organization] participate in sharing safety information with\r\nrelevant external industry product and service providers or\r\norganizations, including the relevant aviation regulatory\r\norganizations?\r\n[5.3.92 5.3.93 5.5.5]', '', NULL, NULL, NULL, '4.2-1', NULL, NULL),
(70, 'Is there evidence of a safety SMS publication, circular or\r\nchannel for communicating safety SMS matters to employees?\r\n[5.3.92 5.3.93 5.5.5]', '', NULL, NULL, NULL, '4.2-2', NULL, NULL),
(71, 'Are [Organization] SMS manual and related guidance material\r\naccessible or disseminated to all relevant personnel?\r\n[5.3.92 5.3.93 5.5.5]', '', NULL, NULL, NULL, '4.2-3', NULL, NULL);

-- --------------------------------------------------------

--
-- Table structure for table `questionnaire_question_answers`
--

CREATE TABLE IF NOT EXISTS `questionnaire_question_answers` (
  `questionnaire_id` int(11) NOT NULL,
  `question_id` int(11) NOT NULL,
  `status_of_implementation` text,
  `action_required` text,
  `id` int(11) NOT NULL AUTO_INCREMENT,
  `answer` varchar(200) NOT NULL,
  `current_user` int(11) DEFAULT NULL,
  `current_user_id` int(11) DEFAULT NULL,
  PRIMARY KEY (`id`),
  KEY `fk_questionnaire_question_answers_1` (`questionnaire_id`),
  KEY `fk_questionnaire_question_answers_2` (`question_id`)
) ENGINE=InnoDB  DEFAULT CHARSET=latin1 AUTO_INCREMENT=515 ;

--
-- Dumping data for table `questionnaire_question_answers`
--

INSERT INTO `questionnaire_question_answers` (`questionnaire_id`, `question_id`, `status_of_implementation`, `action_required`, `id`, `answer`, `current_user`, `current_user_id`) VALUES
(1, 3, 'no', 'djdj', 1, 'No', NULL, NULL),
(3, 13, '', '', 2, 'Yes', NULL, NULL),
(4, 13, '', '', 3, 'Yes', NULL, NULL),
(5, 1, '', '', 4, 'Yes', NULL, NULL),
(5, 2, '', '', 5, 'Yes', NULL, NULL),
(5, 3, '', '', 6, 'No', NULL, NULL),
(5, 4, '', '', 7, 'Yes', NULL, NULL),
(5, 5, '', '', 8, 'Yes', NULL, NULL),
(5, 6, '', '', 9, 'No', NULL, NULL),
(5, 7, '', '', 10, 'Yes', NULL, NULL),
(5, 8, '', '', 11, 'Yes', NULL, NULL),
(5, 9, '', '', 12, 'No', NULL, NULL),
(5, 10, '', '', 13, 'Yes', NULL, NULL),
(5, 11, '', '', 14, 'Yes', NULL, NULL),
(5, 12, '', '', 15, 'Yes', NULL, NULL),
(5, 13, '', '', 16, 'Yes', NULL, NULL),
(6, 1, '', '', 17, 'Yes', NULL, NULL),
(6, 2, '', '', 18, 'Yes', NULL, NULL),
(6, 3, '', '', 19, 'Yes', NULL, NULL),
(6, 4, '', '', 20, 'Yes', NULL, NULL),
(6, 5, '', '', 21, 'Yes', NULL, NULL),
(6, 6, '', '', 22, 'Yes', NULL, NULL),
(6, 7, '', '', 23, 'Yes', NULL, NULL),
(6, 8, '', '', 24, 'Yes', NULL, NULL),
(6, 9, '', '', 25, 'Yes', NULL, NULL),
(6, 10, '', '', 26, 'Yes', NULL, NULL),
(6, 11, '', '', 27, 'Yes', NULL, NULL),
(6, 12, '', '', 28, 'Yes', NULL, NULL),
(6, 13, '', '', 29, 'Yes', NULL, NULL),
(10, 1, 'nre', '', 30, 'Partial', NULL, NULL),
(10, 2, '', '', 31, 'Yes', NULL, NULL),
(10, 3, '', '', 32, 'Yes', NULL, NULL),
(10, 4, '', '', 33, 'Yes', NULL, NULL),
(10, 5, '', '', 34, 'Yes', NULL, NULL),
(10, 6, '', '', 35, 'Yes', NULL, NULL),
(10, 7, '', '', 36, 'Yes', NULL, NULL),
(10, 8, '', '', 37, 'Yes', NULL, NULL),
(10, 9, '', '', 38, 'Yes', NULL, NULL),
(10, 10, '', '', 39, 'Yes', NULL, NULL),
(10, 11, '', '', 40, 'Yes', NULL, NULL),
(10, 12, '', '', 41, 'Yes', NULL, NULL),
(10, 13, '', '', 42, 'Yes', NULL, NULL),
(11, 1, '', '', 43, 'Level 1', NULL, NULL),
(11, 2, '', '', 44, 'Level 1', NULL, NULL),
(11, 3, '', '', 45, 'Level 1', NULL, NULL),
(11, 4, '', '', 46, 'Level 1', NULL, NULL),
(11, 5, '', '', 47, 'Level 1', NULL, NULL),
(11, 6, '', '', 48, 'Level 1', NULL, NULL),
(11, 7, '', '', 49, 'Level 1', NULL, NULL),
(11, 8, '', '', 50, 'Level 1', NULL, NULL),
(11, 9, '', '', 51, 'Level 1', NULL, NULL),
(11, 10, '', '', 52, 'Level 1', NULL, NULL),
(11, 11, '', '', 53, 'Level 1', NULL, NULL),
(11, 12, '', '', 54, 'Level 1', NULL, NULL),
(11, 13, '', '', 55, 'Level 1', NULL, NULL),
(13, 1, '', '', 56, '1', NULL, NULL),
(13, 2, '', '', 57, '1', NULL, NULL),
(13, 3, '', '', 58, '1', NULL, NULL),
(13, 4, '', '', 59, '1', NULL, NULL),
(13, 5, '', '', 60, '1', NULL, NULL),
(13, 6, '', '', 61, '1', NULL, NULL),
(13, 7, '', '', 62, '1', NULL, NULL),
(13, 8, '', '', 63, '1', NULL, NULL),
(13, 9, '', '', 64, '1', NULL, NULL),
(13, 10, '', '', 65, '1', NULL, NULL),
(13, 11, '', '', 66, '1', NULL, NULL),
(13, 12, '', '', 67, '1', NULL, NULL),
(13, 13, '', '', 68, '1', NULL, NULL),
(14, 1, '', '', 69, '3', NULL, NULL),
(14, 2, '', '', 70, '3', NULL, NULL),
(14, 3, '', '', 71, '1', NULL, NULL),
(14, 4, '', '', 72, '1', NULL, NULL),
(14, 5, '', '', 73, '1', NULL, NULL),
(14, 6, '', '', 74, '1', NULL, NULL),
(14, 7, '', '', 75, '1', NULL, NULL),
(14, 8, '', '', 76, '1', NULL, NULL),
(14, 9, '', '', 77, '1', NULL, NULL),
(14, 10, '', '', 78, '1', NULL, NULL),
(14, 11, '', '', 79, '1', NULL, NULL),
(14, 12, '', '', 80, '2', NULL, NULL),
(14, 13, '', '', 81, '1', NULL, NULL),
(16, 1, '', '', 82, 'Yes', NULL, NULL),
(16, 2, '', '', 83, 'Yes', NULL, NULL),
(16, 3, '', '', 84, 'Yes', NULL, NULL),
(16, 4, '', '', 85, 'Yes', NULL, NULL),
(16, 5, '', '', 86, 'Yes', NULL, NULL),
(16, 6, '', '', 87, 'Yes', NULL, NULL),
(16, 7, '', '', 88, 'Yes', NULL, NULL),
(16, 8, '', '', 89, 'Yes', NULL, NULL),
(16, 9, '', '', 90, 'Yes', NULL, NULL),
(16, 10, '', '', 91, 'Yes', NULL, NULL),
(16, 11, '', '', 92, 'Yes', NULL, NULL),
(16, 12, '', '', 93, 'Yes', NULL, NULL),
(16, 13, '', '', 94, 'Yes', NULL, NULL),
(21, 1, '', '', 95, 'Yes', NULL, NULL),
(21, 2, '', '', 96, 'Yes', NULL, NULL),
(21, 3, '', '', 97, 'Yes', NULL, NULL),
(21, 4, '', '', 98, 'Yes', NULL, NULL),
(21, 5, '', '', 99, 'Yes', NULL, NULL),
(21, 6, '', '', 100, 'Yes', NULL, NULL),
(21, 7, '', '', 101, 'Yes', NULL, NULL),
(21, 8, '', '', 102, 'Yes', NULL, NULL),
(21, 9, '', '', 103, 'Yes', NULL, NULL),
(21, 10, '', '', 104, 'Yes', NULL, NULL),
(21, 11, '', '', 105, 'Yes', NULL, NULL),
(21, 12, '', '', 106, 'Yes', NULL, NULL),
(21, 13, '', '', 107, 'Yes', NULL, NULL),
(22, 1, '', '', 108, 'Yes', NULL, NULL),
(22, 2, '', '', 109, 'Yes', NULL, NULL),
(22, 3, '', '', 110, 'Yes', NULL, NULL),
(22, 4, '', '', 111, 'Yes', NULL, NULL),
(22, 5, '', '', 112, 'Yes', NULL, NULL),
(22, 6, '', '', 113, 'Yes', NULL, NULL),
(22, 7, '', '', 114, 'Yes', NULL, NULL),
(22, 8, '', '', 115, 'Yes', NULL, NULL),
(22, 9, '', '', 116, 'Yes', NULL, NULL),
(22, 10, '', '', 117, 'Yes', NULL, NULL),
(22, 11, '', '', 118, 'Yes', NULL, NULL),
(22, 12, '', '', 119, 'Yes', NULL, NULL),
(22, 13, '', '', 120, 'Yes', NULL, NULL),
(23, 1, '', '', 121, 'Partial', NULL, NULL),
(23, 2, '', '', 122, 'Yes', NULL, NULL),
(23, 3, '', '', 123, 'Partial', NULL, NULL),
(23, 4, '', '', 124, 'Yes', NULL, NULL),
(23, 5, '', '', 125, 'No', NULL, NULL),
(23, 6, '', '', 126, 'Yes', NULL, NULL),
(23, 7, '', '', 127, 'Yes', NULL, NULL),
(23, 8, '', '', 128, 'Yes', NULL, NULL),
(23, 9, '', '', 129, 'Yes', NULL, NULL),
(23, 10, '', '', 130, 'Yes', NULL, NULL),
(23, 11, '', '', 131, 'Yes', NULL, NULL),
(23, 12, '', '', 132, 'Yes', NULL, NULL),
(23, 13, '', '', 133, 'No', NULL, NULL),
(26, 1, '', '', 134, 'Partial', NULL, NULL),
(26, 2, '', '', 135, 'Yes', NULL, NULL),
(26, 3, '', '', 136, 'Yes', NULL, NULL),
(26, 4, '', '', 137, 'Yes', NULL, NULL),
(26, 5, '', '', 138, 'Yes', NULL, NULL),
(26, 6, '', '', 139, 'Yes', NULL, NULL),
(26, 7, '', '', 140, 'Yes', NULL, NULL),
(26, 8, '', '', 141, 'Yes', NULL, NULL),
(26, 9, '', '', 142, 'Yes', NULL, NULL),
(26, 10, '', '', 143, 'Yes', NULL, NULL),
(26, 11, '', '', 144, 'Yes', NULL, NULL),
(26, 12, '', '', 145, 'Yes', NULL, NULL),
(26, 13, '', '', 146, 'Yes', NULL, NULL),
(28, 1, '', '', 147, 'Yes', NULL, NULL),
(28, 2, '', '', 148, 'Yes', NULL, NULL),
(28, 3, '', '', 149, 'No', NULL, NULL),
(28, 4, '', '', 150, 'Yes', NULL, NULL),
(28, 5, '', '', 151, 'Yes', NULL, NULL),
(28, 6, '', '', 152, 'Partial', NULL, NULL),
(28, 7, '', '', 153, 'Yes', NULL, NULL),
(28, 8, '', '', 154, 'Yes', NULL, NULL),
(28, 9, '', '', 155, 'Yes', NULL, NULL),
(28, 10, '', '', 156, 'Yes', NULL, NULL),
(28, 11, '', '', 157, 'Yes', NULL, NULL),
(28, 12, '', '', 158, 'Yes', NULL, NULL),
(28, 13, '', '', 159, 'Yes', NULL, NULL),
(30, 1, 'Some info goes here', NULL, 160, 'Partial', NULL, NULL),
(30, 2, '', NULL, 161, 'Yes', NULL, NULL),
(30, 3, '', NULL, 162, 'Yes', NULL, NULL),
(30, 4, '', NULL, 163, 'Yes', NULL, NULL),
(30, 5, 'more info', NULL, 164, 'Partial', NULL, NULL),
(30, 6, '', NULL, 165, 'Yes', NULL, NULL),
(30, 7, '', NULL, 166, 'Yes', NULL, NULL),
(30, 8, '', NULL, 167, 'Yes', NULL, NULL),
(30, 9, '', NULL, 168, 'Yes', NULL, NULL),
(30, 10, '', NULL, 169, 'Yes', NULL, NULL),
(30, 11, '', NULL, 170, 'Yes', NULL, NULL),
(30, 12, '', NULL, 171, 'Yes', NULL, NULL),
(30, 13, '', NULL, 172, 'Yes', NULL, NULL),
(30, 14, '', NULL, 173, 'Yes', NULL, NULL),
(30, 15, '', NULL, 174, 'Yes', NULL, NULL),
(30, 16, '', NULL, 175, 'Yes', NULL, NULL),
(30, 17, '', NULL, 176, 'Yes', NULL, NULL),
(30, 18, '', NULL, 177, 'Yes', NULL, NULL),
(30, 19, '', NULL, 178, 'Yes', NULL, NULL),
(30, 20, '', NULL, 179, 'Yes', NULL, NULL),
(30, 21, '', NULL, 180, 'Yes', NULL, NULL),
(30, 22, '', NULL, 181, 'Yes', NULL, NULL),
(30, 23, '', NULL, 182, 'Yes', NULL, NULL),
(30, 24, '', NULL, 183, 'Yes', NULL, NULL),
(30, 25, '', NULL, 184, 'Yes', NULL, NULL),
(30, 26, '', NULL, 185, 'Yes', NULL, NULL),
(30, 27, '', NULL, 186, 'Yes', NULL, NULL),
(30, 28, '', NULL, 187, 'Yes', NULL, NULL),
(30, 29, '', NULL, 188, 'Yes', NULL, NULL),
(30, 30, '', NULL, 189, 'Yes', NULL, NULL),
(30, 31, '', NULL, 190, 'Yes', NULL, NULL),
(30, 32, '', NULL, 191, 'Yes', NULL, NULL),
(30, 33, '', NULL, 192, 'Yes', NULL, NULL),
(30, 34, '', NULL, 193, 'Yes', NULL, NULL),
(30, 35, '', NULL, 194, 'Yes', NULL, NULL),
(30, 36, '', NULL, 195, 'Yes', NULL, NULL),
(30, 37, '', NULL, 196, 'Yes', NULL, NULL),
(30, 38, '', NULL, 197, 'Yes', NULL, NULL),
(30, 39, '', NULL, 198, 'Yes', NULL, NULL),
(30, 40, '', NULL, 199, 'Yes', NULL, NULL),
(30, 41, '', NULL, 200, 'Yes', NULL, NULL),
(30, 42, '', NULL, 201, 'Yes', NULL, NULL),
(30, 43, '', NULL, 202, 'Yes', NULL, NULL),
(30, 44, '', NULL, 203, 'Yes', NULL, NULL),
(30, 45, '', NULL, 204, 'Yes', NULL, NULL),
(30, 46, '', NULL, 205, 'Yes', NULL, NULL),
(30, 47, '', NULL, 206, 'Yes', NULL, NULL),
(30, 48, '', NULL, 207, 'Yes', NULL, NULL),
(30, 49, '', NULL, 208, 'Yes', NULL, NULL),
(30, 50, '', NULL, 209, 'Yes', NULL, NULL),
(30, 51, '', NULL, 210, 'Yes', NULL, NULL),
(30, 52, '', NULL, 211, 'Yes', NULL, NULL),
(30, 53, '', NULL, 212, 'Yes', NULL, NULL),
(30, 54, '', NULL, 213, 'Yes', NULL, NULL),
(30, 55, '', NULL, 214, 'Yes', NULL, NULL),
(30, 56, '', NULL, 215, 'Yes', NULL, NULL),
(30, 57, '', NULL, 216, 'Yes', NULL, NULL),
(30, 58, '', NULL, 217, 'Yes', NULL, NULL),
(30, 59, '', NULL, 218, 'Yes', NULL, NULL),
(30, 60, '', NULL, 219, 'Yes', NULL, NULL),
(30, 61, '', NULL, 220, 'Yes', NULL, NULL),
(30, 62, '', NULL, 221, 'Yes', NULL, NULL),
(30, 63, '', NULL, 222, 'Yes', NULL, NULL),
(30, 64, '', NULL, 223, 'Yes', NULL, NULL),
(30, 65, '', NULL, 224, 'Yes', NULL, NULL),
(30, 66, '', NULL, 225, 'Yes', NULL, NULL),
(30, 67, '', NULL, 226, 'Yes', NULL, NULL),
(30, 68, '', NULL, 227, 'No', NULL, NULL),
(30, 69, '', NULL, 228, 'Yes', NULL, NULL),
(30, 70, '', NULL, 229, 'Yes', NULL, NULL),
(30, 71, 'I don''t know why.', NULL, 230, 'No', NULL, NULL),
(31, 1, 'some info here', NULL, 231, 'Yes', NULL, NULL),
(31, 2, '', NULL, 232, 'Yes', NULL, NULL),
(31, 3, '', NULL, 233, 'Yes', NULL, NULL),
(31, 4, '', NULL, 234, 'Yes', NULL, NULL),
(31, 5, '', NULL, 235, 'Yes', NULL, NULL),
(31, 6, '', NULL, 236, 'Yes', NULL, NULL),
(31, 7, '', NULL, 237, 'Yes', NULL, NULL),
(31, 8, '', NULL, 238, 'Yes', NULL, NULL),
(31, 9, '', NULL, 239, 'Yes', NULL, NULL),
(31, 10, '', NULL, 240, 'Yes', NULL, NULL),
(31, 11, '', NULL, 241, 'Yes', NULL, NULL),
(31, 12, '', NULL, 242, 'Yes', NULL, NULL),
(31, 13, '', NULL, 243, 'Yes', NULL, NULL),
(31, 14, '', NULL, 244, 'Yes', NULL, NULL),
(31, 15, '', NULL, 245, 'Yes', NULL, NULL),
(31, 16, '', NULL, 246, 'Yes', NULL, NULL),
(31, 17, '', NULL, 247, 'Yes', NULL, NULL),
(31, 18, '', NULL, 248, 'Yes', NULL, NULL),
(31, 19, '', NULL, 249, 'Yes', NULL, NULL),
(31, 20, '', NULL, 250, 'Yes', NULL, NULL),
(31, 21, '', NULL, 251, 'Yes', NULL, NULL),
(31, 22, '', NULL, 252, 'Yes', NULL, NULL),
(31, 23, '', NULL, 253, 'Yes', NULL, NULL),
(31, 24, '', NULL, 254, 'Yes', NULL, NULL),
(31, 25, '', NULL, 255, 'Yes', NULL, NULL),
(31, 26, '', NULL, 256, 'Yes', NULL, NULL),
(31, 27, '', NULL, 257, 'Yes', NULL, NULL),
(31, 28, '', NULL, 258, 'Yes', NULL, NULL),
(31, 29, '', NULL, 259, 'Yes', NULL, NULL),
(31, 30, '', NULL, 260, 'Yes', NULL, NULL),
(31, 31, '', NULL, 261, 'Yes', NULL, NULL),
(31, 32, '', NULL, 262, 'Yes', NULL, NULL),
(31, 33, '', NULL, 263, 'Yes', NULL, NULL),
(31, 34, '', NULL, 264, 'Yes', NULL, NULL),
(31, 35, '', NULL, 265, 'Yes', NULL, NULL),
(31, 36, '', NULL, 266, 'Yes', NULL, NULL),
(31, 37, '', NULL, 267, 'Yes', NULL, NULL),
(31, 38, '', NULL, 268, 'Yes', NULL, NULL),
(31, 39, '', NULL, 269, 'Yes', NULL, NULL),
(31, 40, '', NULL, 270, 'Yes', NULL, NULL),
(31, 41, '', NULL, 271, 'Yes', NULL, NULL),
(31, 42, '', NULL, 272, 'Yes', NULL, NULL),
(31, 43, '', NULL, 273, 'Yes', NULL, NULL),
(31, 44, '', NULL, 274, 'Yes', NULL, NULL),
(31, 45, '', NULL, 275, 'Yes', NULL, NULL),
(31, 46, '', NULL, 276, 'Yes', NULL, NULL),
(31, 47, '', NULL, 277, 'Yes', NULL, NULL),
(31, 48, 'more info here', NULL, 278, 'Partial', NULL, NULL),
(31, 49, '', NULL, 279, 'Yes', NULL, NULL),
(31, 50, '', NULL, 280, 'Yes', NULL, NULL),
(31, 51, '', NULL, 281, 'Yes', NULL, NULL),
(31, 52, '', NULL, 282, 'Yes', NULL, NULL),
(31, 53, '', NULL, 283, 'Yes', NULL, NULL),
(31, 54, '', NULL, 284, 'Yes', NULL, NULL),
(31, 55, '', NULL, 285, 'Yes', NULL, NULL),
(31, 56, '', NULL, 286, 'Yes', NULL, NULL),
(31, 57, '', NULL, 287, 'Yes', NULL, NULL),
(31, 58, '', NULL, 288, 'Yes', NULL, NULL),
(31, 59, '', NULL, 289, 'Yes', NULL, NULL),
(31, 60, '', NULL, 290, 'Yes', NULL, NULL),
(31, 61, '', NULL, 291, 'Yes', NULL, NULL),
(31, 62, '', NULL, 292, 'Yes', NULL, NULL),
(31, 63, '', NULL, 293, 'Yes', NULL, NULL),
(31, 64, '', NULL, 294, 'Yes', NULL, NULL),
(31, 65, '', NULL, 295, 'Yes', NULL, NULL),
(31, 66, '', NULL, 296, 'Yes', NULL, NULL),
(31, 67, '', NULL, 297, 'Yes', NULL, NULL),
(31, 68, '', NULL, 298, 'Yes', NULL, NULL),
(31, 69, '', NULL, 299, 'Yes', NULL, NULL),
(31, 70, '', NULL, 300, 'Yes', NULL, NULL),
(31, 71, '', NULL, 301, 'Yes', NULL, NULL),
(32, 1, '', NULL, 302, 'Yes', NULL, NULL),
(32, 2, '', NULL, 303, 'Yes', NULL, NULL),
(32, 3, '', NULL, 304, 'Yes', NULL, NULL),
(32, 4, '', NULL, 305, 'Yes', NULL, NULL),
(32, 5, '', NULL, 306, 'Yes', NULL, NULL),
(32, 6, '', NULL, 307, 'Yes', NULL, NULL),
(32, 7, '', NULL, 308, 'Yes', NULL, NULL),
(32, 8, '', NULL, 309, 'Yes', NULL, NULL),
(32, 9, '', NULL, 310, 'Yes', NULL, NULL),
(32, 10, '', NULL, 311, 'Yes', NULL, NULL),
(32, 11, '', NULL, 312, 'Yes', NULL, NULL),
(32, 12, '', NULL, 313, 'Yes', NULL, NULL),
(32, 13, '', NULL, 314, 'Yes', NULL, NULL),
(32, 14, '', NULL, 315, 'Yes', NULL, NULL),
(32, 15, '', NULL, 316, 'Yes', NULL, NULL),
(32, 16, '', NULL, 317, 'Yes', NULL, NULL),
(32, 17, '', NULL, 318, 'Yes', NULL, NULL),
(32, 18, '', NULL, 319, 'Yes', NULL, NULL),
(32, 19, '', NULL, 320, 'Yes', NULL, NULL),
(32, 20, '', NULL, 321, 'Yes', NULL, NULL),
(32, 21, '', NULL, 322, 'Yes', NULL, NULL),
(32, 22, '', NULL, 323, 'Yes', NULL, NULL),
(32, 23, '', NULL, 324, 'Yes', NULL, NULL),
(32, 24, '', NULL, 325, 'Yes', NULL, NULL),
(32, 25, '', NULL, 326, 'Yes', NULL, NULL),
(32, 26, 'We have got an SMS Manual and policy', NULL, 327, 'Yes', NULL, NULL),
(32, 27, 'All  the relevant documentation on components are  embedded in the SMS manual ', NULL, 328, 'Yes', NULL, NULL),
(32, 28, 'There are no  state regulations yet for SMS ', NULL, 329, 'No', NULL, NULL),
(32, 29, 'All records on all activities are maintained', NULL, 330, 'Yes', NULL, NULL),
(32, 30, 'The SMS Implementation plan is available', NULL, 331, 'Yes', NULL, NULL),
(32, 31, 'The SMS implementation plan addresses the coordination  between all service providers', NULL, 332, 'Yes', NULL, NULL),
(32, 32, 'The SMS implementation plan endorsed', NULL, 333, 'Yes', NULL, NULL),
(32, 33, '', NULL, 334, 'Yes', NULL, NULL),
(32, 34, '', NULL, 335, 'Yes', NULL, NULL),
(32, 35, '', NULL, 336, 'Yes', NULL, NULL),
(32, 36, '', NULL, 337, 'Yes', NULL, NULL),
(32, 37, '', NULL, 338, 'Yes', NULL, NULL),
(32, 38, '', NULL, 339, 'Yes', NULL, NULL),
(32, 39, '', NULL, 340, 'Yes', NULL, NULL),
(32, 40, '', NULL, 341, 'Yes', NULL, NULL),
(32, 41, '', NULL, 342, 'Yes', NULL, NULL),
(32, 42, '', NULL, 343, 'Yes', NULL, NULL),
(32, 43, '', NULL, 344, 'Yes', NULL, NULL),
(32, 44, '', NULL, 345, 'Yes', NULL, NULL),
(32, 45, '', NULL, 346, 'Yes', NULL, NULL),
(32, 46, '', NULL, 347, 'Yes', NULL, NULL),
(32, 47, '', NULL, 348, 'Yes', NULL, NULL),
(32, 48, '', NULL, 349, 'Yes', NULL, NULL),
(32, 49, '', NULL, 350, 'Yes', NULL, NULL),
(32, 50, '', NULL, 351, 'Yes', NULL, NULL),
(32, 51, '', NULL, 352, 'Yes', NULL, NULL),
(32, 52, '', NULL, 353, 'Yes', NULL, NULL),
(32, 53, '', NULL, 354, 'Yes', NULL, NULL),
(32, 54, '', NULL, 355, 'Yes', NULL, NULL),
(32, 55, '', NULL, 356, 'Yes', NULL, NULL),
(32, 56, '', NULL, 357, 'Yes', NULL, NULL),
(32, 57, '', NULL, 358, 'Yes', NULL, NULL),
(32, 58, '', NULL, 359, 'Yes', NULL, NULL),
(32, 59, '', NULL, 360, 'Yes', NULL, NULL),
(32, 60, '', NULL, 361, 'Yes', NULL, NULL),
(32, 61, '', NULL, 362, 'Yes', NULL, NULL),
(32, 62, '', NULL, 363, 'Yes', NULL, NULL),
(32, 63, '', NULL, 364, 'Yes', NULL, NULL),
(32, 64, '', NULL, 365, 'Yes', NULL, NULL),
(32, 65, '', NULL, 366, 'Yes', NULL, NULL),
(32, 66, '', NULL, 367, 'Yes', NULL, NULL),
(32, 67, '', NULL, 368, 'Yes', NULL, NULL),
(32, 68, '', NULL, 369, 'Yes', NULL, NULL),
(32, 69, '', NULL, 370, 'Yes', NULL, NULL),
(32, 70, '', NULL, 371, 'Yes', NULL, NULL),
(32, 71, '', NULL, 372, 'Yes', NULL, NULL),
(35, 1, 'wes', NULL, 373, 'Yes', NULL, NULL),
(35, 2, '', NULL, 374, 'Yes', NULL, NULL),
(35, 3, '', NULL, 375, 'Yes', NULL, NULL),
(35, 4, '', NULL, 376, 'Yes', NULL, NULL),
(35, 5, '', NULL, 377, 'Yes', NULL, NULL),
(35, 6, '', NULL, 378, 'Yes', NULL, NULL),
(35, 7, '', NULL, 379, 'Yes', NULL, NULL),
(35, 8, '', NULL, 380, 'Yes', NULL, NULL),
(35, 9, '', NULL, 381, 'Yes', NULL, NULL),
(35, 10, '', NULL, 382, 'Yes', NULL, NULL),
(35, 11, '', NULL, 383, 'Yes', NULL, NULL),
(35, 12, '', NULL, 384, 'Yes', NULL, NULL),
(35, 13, '', NULL, 385, 'Yes', NULL, NULL),
(35, 14, '', NULL, 386, 'Yes', NULL, NULL),
(35, 15, '', NULL, 387, 'Yes', NULL, NULL),
(35, 16, '', NULL, 388, 'Yes', NULL, NULL),
(35, 17, '', NULL, 389, 'Yes', NULL, NULL),
(35, 18, '', NULL, 390, 'Yes', NULL, NULL),
(35, 19, '', NULL, 391, 'Yes', NULL, NULL),
(35, 20, '', NULL, 392, 'Yes', NULL, NULL),
(35, 21, '', NULL, 393, 'Yes', NULL, NULL),
(35, 22, '', NULL, 394, 'Yes', NULL, NULL),
(35, 23, '', NULL, 395, 'Yes', NULL, NULL),
(35, 24, '', NULL, 396, 'Yes', NULL, NULL),
(35, 25, '', NULL, 397, 'Yes', NULL, NULL),
(35, 26, '', NULL, 398, 'Yes', NULL, NULL),
(35, 27, '', NULL, 399, 'Yes', NULL, NULL),
(35, 28, '', NULL, 400, 'Yes', NULL, NULL),
(35, 29, '', NULL, 401, 'Yes', NULL, NULL),
(35, 30, '', NULL, 402, 'Yes', NULL, NULL),
(35, 31, '', NULL, 403, 'Yes', NULL, NULL),
(35, 32, '', NULL, 404, 'Yes', NULL, NULL),
(35, 33, '', NULL, 405, 'Yes', NULL, NULL),
(35, 34, '', NULL, 406, 'Yes', NULL, NULL),
(35, 35, '', NULL, 407, 'Yes', NULL, NULL),
(35, 36, '', NULL, 408, 'Yes', NULL, NULL),
(35, 37, '', NULL, 409, 'Yes', NULL, NULL),
(35, 38, '', NULL, 410, 'Yes', NULL, NULL),
(35, 39, '', NULL, 411, 'Yes', NULL, NULL),
(35, 40, '', NULL, 412, 'Yes', NULL, NULL),
(35, 41, '', NULL, 413, 'Yes', NULL, NULL),
(35, 42, '', NULL, 414, 'Yes', NULL, NULL),
(35, 43, '', NULL, 415, 'Yes', NULL, NULL),
(35, 44, '', NULL, 416, 'Yes', NULL, NULL),
(35, 45, '', NULL, 417, 'Yes', NULL, NULL),
(35, 46, '', NULL, 418, 'Yes', NULL, NULL),
(35, 47, '', NULL, 419, 'Yes', NULL, NULL),
(35, 48, '', NULL, 420, 'Yes', NULL, NULL),
(35, 49, '', NULL, 421, 'Yes', NULL, NULL),
(35, 50, '', NULL, 422, 'Yes', NULL, NULL),
(35, 51, '', NULL, 423, 'Yes', NULL, NULL),
(35, 52, '', NULL, 424, 'Yes', NULL, NULL),
(35, 53, '', NULL, 425, 'Yes', NULL, NULL),
(35, 54, '', NULL, 426, 'Yes', NULL, NULL),
(35, 55, '', NULL, 427, 'Yes', NULL, NULL),
(35, 56, '', NULL, 428, 'Yes', NULL, NULL),
(35, 57, '', NULL, 429, 'Yes', NULL, NULL),
(35, 58, '', NULL, 430, 'Yes', NULL, NULL),
(35, 59, '', NULL, 431, 'Yes', NULL, NULL),
(35, 60, '', NULL, 432, 'Yes', NULL, NULL),
(35, 61, '', NULL, 433, 'Yes', NULL, NULL),
(35, 62, '', NULL, 434, 'Yes', NULL, NULL),
(35, 63, '', NULL, 435, 'Yes', NULL, NULL),
(35, 64, '', NULL, 436, 'Yes', NULL, NULL),
(35, 65, '', NULL, 437, 'Yes', NULL, NULL),
(35, 66, '', NULL, 438, 'Yes', NULL, NULL),
(35, 67, '', NULL, 439, 'Yes', NULL, NULL),
(35, 68, '', NULL, 440, 'Yes', NULL, NULL),
(35, 69, '', NULL, 441, 'Yes', NULL, NULL),
(35, 70, '', NULL, 442, 'Yes', NULL, NULL),
(35, 71, '', NULL, 443, 'Yes', NULL, NULL),
(36, 1, 'STATUS OF IMPLEMENTATION', NULL, 444, 'Yes', NULL, NULL),
(36, 2, 'STATUS OF IMPLEMENTATION', NULL, 445, 'Yes', NULL, NULL),
(36, 3, 'STATUS OF IMPLEMENTATION', NULL, 446, 'Yes', NULL, NULL),
(36, 4, '', NULL, 447, 'Yes', NULL, NULL),
(36, 5, '', NULL, 448, 'Yes', NULL, NULL),
(36, 6, '', NULL, 449, 'Yes', NULL, NULL),
(36, 7, '', NULL, 450, 'Yes', NULL, NULL),
(36, 8, '', NULL, 451, 'Yes', NULL, NULL),
(36, 9, '', NULL, 452, 'Yes', NULL, NULL),
(36, 10, '', NULL, 453, 'Yes', NULL, NULL),
(36, 11, '', NULL, 454, 'Yes', NULL, NULL),
(36, 12, '', NULL, 455, 'Yes', NULL, NULL),
(36, 13, '', NULL, 456, 'Yes', NULL, NULL),
(36, 14, '', NULL, 457, 'Yes', NULL, NULL),
(36, 15, '', NULL, 458, 'Yes', NULL, NULL),
(36, 16, '', NULL, 459, 'Yes', NULL, NULL),
(36, 17, '', NULL, 460, 'Yes', NULL, NULL),
(36, 18, '', NULL, 461, 'Yes', NULL, NULL),
(36, 19, '', NULL, 462, 'Yes', NULL, NULL),
(36, 20, '', NULL, 463, 'Yes', NULL, NULL),
(36, 21, '', NULL, 464, 'Yes', NULL, NULL),
(36, 22, '', NULL, 465, 'Yes', NULL, NULL),
(36, 23, '', NULL, 466, 'Yes', NULL, NULL),
(36, 24, '', NULL, 467, 'Yes', NULL, NULL),
(36, 25, '', NULL, 468, 'Yes', NULL, NULL),
(36, 26, '', NULL, 469, 'Yes', NULL, NULL),
(36, 27, '', NULL, 470, 'Yes', NULL, NULL),
(36, 28, '', NULL, 471, 'Yes', NULL, NULL),
(36, 29, '', NULL, 472, 'Yes', NULL, NULL),
(36, 30, '', NULL, 473, 'Yes', NULL, NULL),
(36, 31, '', NULL, 474, 'Yes', NULL, NULL),
(36, 32, '', NULL, 475, 'Yes', NULL, NULL),
(36, 33, '', NULL, 476, 'Yes', NULL, NULL),
(36, 34, '', NULL, 477, 'Yes', NULL, NULL),
(36, 35, '', NULL, 478, 'Yes', NULL, NULL),
(36, 36, '', NULL, 479, 'Yes', NULL, NULL),
(36, 37, '', NULL, 480, 'Yes', NULL, NULL),
(36, 38, '', NULL, 481, 'Yes', NULL, NULL),
(36, 39, '', NULL, 482, 'Yes', NULL, NULL),
(36, 40, '', NULL, 483, 'Yes', NULL, NULL),
(36, 41, '', NULL, 484, 'Yes', NULL, NULL),
(36, 42, '', NULL, 485, 'Yes', NULL, NULL),
(36, 43, '', NULL, 486, 'Yes', NULL, NULL),
(36, 44, '', NULL, 487, 'Yes', NULL, NULL),
(36, 45, '', NULL, 488, 'Yes', NULL, NULL),
(36, 46, '', NULL, 489, 'Yes', NULL, NULL),
(36, 47, '', NULL, 490, 'Yes', NULL, NULL),
(36, 48, '', NULL, 491, 'Yes', NULL, NULL),
(36, 49, '', NULL, 492, 'Yes', NULL, NULL),
(36, 50, '', NULL, 493, 'Yes', NULL, NULL),
(36, 51, '', NULL, 494, 'Yes', NULL, NULL),
(36, 52, '', NULL, 495, 'Yes', NULL, NULL),
(36, 53, '', NULL, 496, 'Yes', NULL, NULL),
(36, 54, '', NULL, 497, 'Yes', NULL, NULL),
(36, 55, '', NULL, 498, 'Yes', NULL, NULL),
(36, 56, '', NULL, 499, 'Yes', NULL, NULL),
(36, 57, '', NULL, 500, 'Yes', NULL, NULL),
(36, 58, '', NULL, 501, 'Yes', NULL, NULL),
(36, 59, '', NULL, 502, 'Yes', NULL, NULL),
(36, 60, '', NULL, 503, 'Yes', NULL, NULL),
(36, 61, '', NULL, 504, 'Yes', NULL, NULL),
(36, 62, '', NULL, 505, 'Yes', NULL, NULL),
(36, 63, '', NULL, 506, 'Yes', NULL, NULL),
(36, 64, '', NULL, 507, 'Yes', NULL, NULL),
(36, 65, '', NULL, 508, 'Yes', NULL, NULL),
(36, 66, '', NULL, 509, 'Yes', NULL, NULL),
(36, 67, '', NULL, 510, 'Yes', NULL, NULL),
(36, 68, '', NULL, 511, 'Yes', NULL, NULL),
(36, 69, '', NULL, 512, 'Yes', NULL, NULL),
(36, 70, '', NULL, 513, 'Yes', NULL, NULL),
(36, 71, '', NULL, 514, 'Yes', NULL, NULL);

-- --------------------------------------------------------

--
-- Table structure for table `recommended_solutions`
--

CREATE TABLE IF NOT EXISTS `recommended_solutions` (
  `id` int(11) NOT NULL AUTO_INCREMENT,
  `details` text,
  `modified` timestamp NOT NULL DEFAULT CURRENT_TIMESTAMP ON UPDATE CURRENT_TIMESTAMP,
  `status` tinyint(4) NOT NULL DEFAULT '1',
  `incident_id` int(11) DEFAULT NULL,
  `reported_by` varchar(32) NOT NULL,
  `current_user` int(11) DEFAULT NULL,
  `current_user_id` int(11) DEFAULT NULL,
  PRIMARY KEY (`id`),
  KEY `incident_id` (`incident_id`)
) ENGINE=InnoDB  DEFAULT CHARSET=latin1 AUTO_INCREMENT=19 ;

--
-- Dumping data for table `recommended_solutions`
--

INSERT INTO `recommended_solutions` (`id`, `details`, `modified`, `status`, `incident_id`, `reported_by`, `current_user`, `current_user_id`) VALUES
(1, 'We have made complaints to the people concerned but they all say thay are working on it. I recommend that serious consideration and efforts should be put in this matter. Let the solution be practical not theoretical.', '2015-07-25 08:38:59', 1, 11, '', NULL, NULL),
(2, 'Let the solution be practical not theoretical.', '2015-07-25 08:38:59', 1, 11, '', NULL, NULL),
(3, 'We are suggesting that they stop using trolleys. They should simply carry the food.', '2015-07-25 10:27:23', 1, 11, '', NULL, NULL),
(4, 'We are suggesting that they stop using trolleys.', '2015-07-25 10:29:15', 1, 11, '', NULL, NULL),
(5, 'Replace old floor tiles with new ones.', '2015-07-25 12:09:39', 1, 10, '', NULL, NULL),
(6, 'Replace the air conditioner', '2015-07-25 17:34:24', 1, 1, '', NULL, NULL),
(7, 'Repair where the a/c was located.', '2015-07-25 17:37:07', 1, 1, '', NULL, NULL),
(8, 'Train drivers on safety', '2015-07-25 17:40:43', 1, 11, '', NULL, NULL),
(9, 'Install a/c', '2015-07-25 17:58:03', 1, 2, '', NULL, NULL),
(10, 'Train drivers on safety', '2015-07-27 14:39:14', 1, 13, '', NULL, NULL),
(11, 'Contact external service provider\r\n', '2015-08-10 15:08:07', 1, 39, 'admin', NULL, NULL),
(12, 'Replace all old equipment ', '2015-08-11 06:42:44', 1, 37, 'admin', NULL, NULL),
(13, 'HF communication between Entebbe and Kinshasa ', '2015-10-01 09:51:20', 1, 65, 'admin', NULL, NULL),
(14, ' direct land-line telephone ', '2015-10-01 09:52:43', 1, 65, 'admin', NULL, NULL),
(15, 'Train drivers on safety', '2015-11-03 07:16:26', 1, 77, 'admin', NULL, NULL),
(16, 'Train drivers on safety', '2015-11-03 07:17:02', 1, 77, 'admin', NULL, NULL),
(17, 'Train drivers on safety', '2015-11-03 07:23:17', 1, 77, 'admin', NULL, NULL),
(18, 'Train drivers on safety', '2015-11-03 07:26:57', 1, 77, 'admin', NULL, NULL);

-- --------------------------------------------------------

--
-- Table structure for table `remarks`
--

CREATE TABLE IF NOT EXISTS `remarks` (
  `id` int(11) NOT NULL AUTO_INCREMENT,
  `details` text,
  `modified` timestamp NOT NULL DEFAULT CURRENT_TIMESTAMP ON UPDATE CURRENT_TIMESTAMP,
  `status` tinyint(4) NOT NULL DEFAULT '1',
  `incident_id` int(11) DEFAULT NULL,
  `reported_by` varchar(32) NOT NULL,
  `current_user` int(11) DEFAULT NULL,
  `current_user_id` int(11) DEFAULT NULL,
  PRIMARY KEY (`id`),
  KEY `incident_id` (`incident_id`)
) ENGINE=InnoDB  DEFAULT CHARSET=latin1 AUTO_INCREMENT=20 ;

--
-- Dumping data for table `remarks`
--

INSERT INTO `remarks` (`id`, `details`, `modified`, `status`, `incident_id`, `reported_by`, `current_user`, `current_user_id`) VALUES
(1, 'No feedback', '2015-07-25 09:12:02', 1, 11, '', NULL, NULL),
(2, 'A private electrician has been contacted to work on the maintenance.', '2015-07-25 10:52:33', 1, 11, '', NULL, NULL),
(3, 'Replaced.', '2015-07-25 12:10:38', 1, 10, '', NULL, NULL),
(4, 'I recommend Paul and Henry to handle this.', '2015-07-27 14:43:06', 1, 13, '', NULL, NULL),
(5, 'Please assign to investigator(s)', '2015-08-10 15:18:37', 1, 39, 'admin', NULL, NULL),
(6, 'Further investigations are going on', '2015-08-11 06:47:13', 1, 37, 'admin', NULL, NULL),
(7, 'Further investigations are going on', '2015-11-08 13:22:11', 1, 40, 'admin', NULL, NULL),
(8, 'Further investigations are going on', '2015-11-08 13:23:00', 1, 40, 'admin', NULL, NULL),
(9, 'Assessment conducted on 9th Feb 2016', '2016-02-09 07:34:31', 1, 83, 'Samuel.B', NULL, NULL),
(10, 'We need genuine power installations', '2016-06-25 05:36:06', 1, 126, 'bwire', NULL, NULL),
(11, 'remark', '2016-06-30 06:21:40', 1, 4, 'Guest', NULL, NULL),
(12, 'assigned to DAAS', '2016-08-03 08:41:24', 1, 215, 'admin', NULL, NULL),
(13, 'assigned to DAAS', '2016-08-03 08:42:07', 1, 215, 'admin', NULL, NULL),
(14, 'until verified', '2016-08-23 10:57:11', 1, 185, 'admin', NULL, NULL),
(15, 'until verified', '2016-08-23 10:57:24', 1, 185, 'admin', NULL, NULL),
(16, 'To check widening works on the road', '2016-08-23 11:15:53', 1, 222, 'admin', NULL, NULL),
(17, 'gfherasyt4esy554s', '2016-09-14 12:11:37', 1, 233, 'admin', NULL, NULL),
(18, 'No remarks', '2016-10-10 09:48:56', 1, 224, 'admin', NULL, NULL),
(19, 'REMARKS FOR INCIDENT...', '2016-10-25 13:37:15', 1, 227, 'admin', NULL, NULL);

-- --------------------------------------------------------

--
-- Table structure for table `review_dates`
--

CREATE TABLE IF NOT EXISTS `review_dates` (
  `id` int(11) NOT NULL AUTO_INCREMENT,
  `review_date` date NOT NULL,
  `ocurrence` int(11) NOT NULL,
  `remark` varchar(256) NOT NULL,
  `current_user` int(11) DEFAULT NULL,
  `current_user_id` int(11) DEFAULT NULL,
  PRIMARY KEY (`id`)
) ENGINE=MyISAM  DEFAULT CHARSET=latin1 AUTO_INCREMENT=10 ;

--
-- Dumping data for table `review_dates`
--

INSERT INTO `review_dates` (`id`, `review_date`, `ocurrence`, `remark`, `current_user`, `current_user_id`) VALUES
(1, '2016-02-27', 108, '', NULL, NULL),
(2, '2016-02-29', 37, '', NULL, NULL),
(3, '2016-06-28', 126, '', NULL, NULL),
(4, '2016-08-03', 215, 'assigned to DAAS', NULL, NULL),
(5, '2016-08-03', 215, 'assigned to DAAS', NULL, NULL),
(6, '2013-01-01', 185, '', NULL, NULL),
(7, '2013-01-01', 185, '', NULL, NULL),
(8, '2016-09-29', 222, 'To check widening works on the road', NULL, NULL),
(9, '2016-08-25', 227, '', NULL, NULL);

-- --------------------------------------------------------

--
-- Table structure for table `risk_assesment_values`
--

CREATE TABLE IF NOT EXISTS `risk_assesment_values` (
  `id` int(11) NOT NULL AUTO_INCREMENT,
  `name` varchar(20) NOT NULL,
  `value` int(11) NOT NULL,
  `current_user` int(11) DEFAULT NULL,
  `current_user_id` int(11) DEFAULT NULL,
  PRIMARY KEY (`id`)
) ENGINE=MyISAM  DEFAULT CHARSET=latin1 AUTO_INCREMENT=26 ;

--
-- Dumping data for table `risk_assesment_values`
--

INSERT INTO `risk_assesment_values` (`id`, `name`, `value`, `current_user`, `current_user_id`) VALUES
(1, '1A', 8, NULL, NULL),
(2, '1B', 4, NULL, NULL),
(3, '1C', 3, NULL, NULL),
(4, '1D', 2, NULL, NULL),
(5, '1E', 1, NULL, NULL),
(6, '2A', 11, NULL, NULL),
(7, '2B', 10, NULL, NULL),
(8, '2C', 9, NULL, NULL),
(9, '2D', 6, NULL, NULL),
(10, '2E', 5, NULL, NULL),
(11, '3A', 20, NULL, NULL),
(12, '3B', 14, NULL, NULL),
(13, '3C', 13, NULL, NULL),
(14, '3D', 12, NULL, NULL),
(15, '3E', 7, NULL, NULL),
(16, '4A', 22, NULL, NULL),
(17, '4B', 21, NULL, NULL),
(18, '4C', 17, NULL, NULL),
(19, '4D', 16, NULL, NULL),
(20, '4E', 15, NULL, NULL),
(21, '5A', 25, NULL, NULL),
(22, '5B', 24, NULL, NULL),
(23, '5C', 23, NULL, NULL),
(24, '5D', 19, NULL, NULL),
(25, '5E', 18, NULL, NULL);

-- --------------------------------------------------------

--
-- Table structure for table `risk_management`
--

CREATE TABLE IF NOT EXISTS `risk_management` (
  `id` int(11) NOT NULL AUTO_INCREMENT,
  `serial_no` varchar(16) NOT NULL,
  `description` text,
  `current_risk_index` varchar(4) NOT NULL,
  `theoretical_risk_index` varchar(4) NOT NULL,
  `risk_owner` varchar(32) NOT NULL,
  `actual_risk_index` varchar(4) NOT NULL,
  `modified` timestamp NOT NULL DEFAULT CURRENT_TIMESTAMP ON UPDATE CURRENT_TIMESTAMP,
  `status` tinyint(4) NOT NULL DEFAULT '1',
  `reported_by` varchar(32) NOT NULL,
  `evaluated_by` varchar(32) NOT NULL,
  `evaluation_date` date NOT NULL,
  `approved_by` varchar(32) NOT NULL,
  `approval_date` date NOT NULL,
  `next_evaluation_date` date NOT NULL,
  `current_user` int(11) DEFAULT NULL,
  `current_user_id` int(11) DEFAULT NULL,
  PRIMARY KEY (`id`)
) ENGINE=InnoDB  DEFAULT CHARSET=latin1 AUTO_INCREMENT=3 ;

--
-- Dumping data for table `risk_management`
--

INSERT INTO `risk_management` (`id`, `serial_no`, `description`, `current_risk_index`, `theoretical_risk_index`, `risk_owner`, `actual_risk_index`, `modified`, `status`, `reported_by`, `evaluated_by`, `evaluation_date`, `approved_by`, `approval_date`, `next_evaluation_date`, `current_user`, `current_user_id`) VALUES
(1, '723K ', 'Cables in server room were not properly replaced', '1E', '1B', 'admin', '', '2016-02-16 17:22:40', 1, 'admin', '', '0000-00-00', '', '0000-00-00', '0000-00-00', NULL, NULL),
(2, 'SERIAL NO.', '<p>DESCRIPTION</p>', '1D', '3E', 'OWNER', '1A', '2016-07-11 11:41:46', 1, 'admin', '', '2016-07-11', '', '2016-07-11', '2016-07-11', NULL, NULL);

-- --------------------------------------------------------

--
-- Table structure for table `rm_consequences`
--

CREATE TABLE IF NOT EXISTS `rm_consequences` (
  `id` int(11) NOT NULL AUTO_INCREMENT,
  `details` varchar(256) NOT NULL,
  `modified` timestamp NOT NULL DEFAULT CURRENT_TIMESTAMP ON UPDATE CURRENT_TIMESTAMP,
  `reported_by` varchar(32) NOT NULL,
  `status` tinyint(4) NOT NULL DEFAULT '1',
  `risk_management_id` int(11) DEFAULT NULL,
  `current_user` int(11) DEFAULT NULL,
  `current_user_id` int(11) DEFAULT NULL,
  PRIMARY KEY (`id`),
  KEY `risk_management_id` (`risk_management_id`),
  KEY `risk_management_id_2` (`risk_management_id`)
) ENGINE=InnoDB  DEFAULT CHARSET=latin1 AUTO_INCREMENT=6 ;

--
-- Dumping data for table `rm_consequences`
--

INSERT INTO `rm_consequences` (`id`, `details`, `modified`, `reported_by`, `status`, `risk_management_id`, `current_user`, `current_user_id`) VALUES
(1, 'NONE', '0000-00-00 00:00:00', 'admin', 1, 1, NULL, NULL),
(2, 'Server room is inaccessible', '0000-00-00 00:00:00', 'admin', 1, 1, NULL, NULL),
(3, 'System server is offline', '0000-00-00 00:00:00', 'admin', 1, 1, NULL, NULL),
(4, 'DETAILS', '2016-06-18 20:45:58', 'admin', 1, 1, NULL, NULL),
(5, 'DETAILS', '2016-07-11 11:43:05', 'admin', 1, 2, NULL, NULL);

-- --------------------------------------------------------

--
-- Table structure for table `rm_current_defences`
--

CREATE TABLE IF NOT EXISTS `rm_current_defences` (
  `id` int(11) NOT NULL AUTO_INCREMENT,
  `details` varchar(256) NOT NULL,
  `modified` timestamp NOT NULL DEFAULT CURRENT_TIMESTAMP ON UPDATE CURRENT_TIMESTAMP,
  `reported_by` varchar(32) NOT NULL,
  `status` tinyint(4) NOT NULL DEFAULT '1',
  `risk_management_id` int(11) DEFAULT NULL,
  `current_user` int(11) DEFAULT NULL,
  `current_user_id` int(11) DEFAULT NULL,
  PRIMARY KEY (`id`),
  KEY `risk_management_id` (`risk_management_id`)
) ENGINE=InnoDB  DEFAULT CHARSET=latin1 AUTO_INCREMENT=6 ;

--
-- Dumping data for table `rm_current_defences`
--

INSERT INTO `rm_current_defences` (`id`, `details`, `modified`, `reported_by`, `status`, `risk_management_id`, `current_user`, `current_user_id`) VALUES
(1, 'NONE', '0000-00-00 00:00:00', 'admin', 1, 1, NULL, NULL),
(2, 'Air conditioning system in server room was replaced', '0000-00-00 00:00:00', 'admin', 1, 1, NULL, NULL),
(3, 'All staff that use the server room have been given adequate training', '0000-00-00 00:00:00', 'admin', 1, 1, NULL, NULL),
(4, 'NONE', '2016-06-18 20:42:44', 'admin', 1, 1, NULL, NULL),
(5, 'NONE', '2016-07-11 11:42:36', 'admin', 1, 2, NULL, NULL);

-- --------------------------------------------------------

--
-- Table structure for table `rm_technical_defences`
--

CREATE TABLE IF NOT EXISTS `rm_technical_defences` (
  `id` int(11) NOT NULL AUTO_INCREMENT,
  `details` varchar(256) NOT NULL,
  `modified` timestamp NOT NULL DEFAULT CURRENT_TIMESTAMP ON UPDATE CURRENT_TIMESTAMP,
  `reported_by` varchar(32) NOT NULL,
  `status` tinyint(4) NOT NULL DEFAULT '1',
  `risk_management_id` int(11) DEFAULT NULL,
  `current_user` int(11) DEFAULT NULL,
  `current_user_id` int(11) DEFAULT NULL,
  PRIMARY KEY (`id`),
  KEY `risk_management_id` (`risk_management_id`)
) ENGINE=InnoDB  DEFAULT CHARSET=latin1 AUTO_INCREMENT=5 ;

--
-- Dumping data for table `rm_technical_defences`
--

INSERT INTO `rm_technical_defences` (`id`, `details`, `modified`, `reported_by`, `status`, `risk_management_id`, `current_user`, `current_user_id`) VALUES
(1, 'NONE', '0000-00-00 00:00:00', 'admin', 1, 1, NULL, NULL),
(2, 'A continous training programme has been put in place for every new I.T. staff', '0000-00-00 00:00:00', 'admin', 1, 1, NULL, NULL),
(3, 'DETAILS', '2016-06-18 20:34:15', 'admin', 1, 1, NULL, NULL),
(4, 'DETAILS', '2016-07-11 11:42:06', 'admin', 1, 2, NULL, NULL);

-- --------------------------------------------------------

--
-- Table structure for table `root_causes`
--

CREATE TABLE IF NOT EXISTS `root_causes` (
  `id` int(11) NOT NULL AUTO_INCREMENT,
  `name` varchar(256) NOT NULL,
  `status` tinyint(4) NOT NULL DEFAULT '1',
  `current_user` int(11) DEFAULT NULL,
  `current_user_id` int(11) DEFAULT NULL,
  PRIMARY KEY (`id`)
) ENGINE=InnoDB  DEFAULT CHARSET=latin1 AUTO_INCREMENT=5 ;

--
-- Dumping data for table `root_causes`
--

INSERT INTO `root_causes` (`id`, `name`, `status`, `current_user`, `current_user_id`) VALUES
(1, 'Procedures', 1, NULL, NULL),
(2, 'Equipment', 1, NULL, NULL),
(3, 'Training', 1, NULL, NULL),
(4, 'Other', 1, NULL, NULL);

-- --------------------------------------------------------

--
-- Table structure for table `safety_logs`
--

CREATE TABLE IF NOT EXISTS `safety_logs` (
  `id` int(11) NOT NULL AUTO_INCREMENT,
  `date` date NOT NULL,
  `time` time NOT NULL,
  `aircraft` varchar(30) NOT NULL,
  `type` varchar(20) NOT NULL,
  `registrar` varchar(20) NOT NULL,
  `operator` varchar(20) NOT NULL,
  `route` text,
  `event` varchar(256) NOT NULL,
  `remarks` text,
  `action_taken` text,
  `entered_into_summary` text,
  `cause` int(11) NOT NULL,
  `category` int(11) NOT NULL,
  `user` int(11) NOT NULL,
  `date_occured` date DEFAULT NULL,
  `current_user` int(11) DEFAULT NULL,
  `current_user_id` int(11) DEFAULT NULL,
  PRIMARY KEY (`id`)
) ENGINE=MyISAM  DEFAULT CHARSET=latin1 AUTO_INCREMENT=214 ;

--
-- Dumping data for table `safety_logs`
--

INSERT INTO `safety_logs` (`id`, `date`, `time`, `aircraft`, `type`, `registrar`, `operator`, `route`, `event`, `remarks`, `action_taken`, `entered_into_summary`, `cause`, `category`, `user`, `date_occured`, `current_user`, `current_user_id`) VALUES
(1, '2016-07-26', '12:00:00', 'PWR566', 'C30J', '5XUGA', 'MAN AIR', 'n/a', 'BIRD STRIKE', 'n/a', 'n/a', 'n/a', 1, 2, 2, '2016-05-03', NULL, NULL),
(2, '2016-07-26', '14:00:00', 'MAN789', 'C30J', 'ZSSCP', 'MAN AIR', 'n/a', 'GO AROUND', 'n/a', 'n/a', 'n/a', 2, 7, 2, '2016-05-04', NULL, NULL),
(3, '2016-07-26', '00:01:00', 'MAN789', 'C30J', '5XUGA', 'MAN AIR', 'n/a', 'RETURNING', 'n/a', 'n/a', 'n/a', 16, 4, 2, '2016-05-05', NULL, NULL),
(4, '2016-07-26', '00:08:00', 'GOAT469', 'C30J', '5XGOT', 'US DOD', 'n/a', 'BIRD STRIKE', 'n/a', 'n/a', 'n/a', 8, 10, 2, '2016-05-06', NULL, NULL),
(5, '2016-07-26', '00:09:00', 'UNO786P', 'B788', 'ZSSCP', 'MONUSCO', 'n/a', 'RETURNING', 'n/a', 'n/a', 'n/a', 3, 3, 2, '2016-05-07', NULL, NULL),
(6, '2016-07-26', '01:07:00', 'MAN789', 'A332', 'AFHED', 'MAN AIR', 'n/a', 'GO AROUND', 'n/a', 'n/a', 'n/a', 1, 3, 2, '2016-05-08', NULL, NULL),
(7, '2016-07-26', '03:04:00', 'UG001', 'GLF3', '5XUGA', 'UGANDA ', 'n/a', 'VVIP MOVEMENT', 'n/a', 'n/a', 'n/a', 9, 10, 2, '2016-05-17', NULL, NULL),
(8, '2016-07-26', '05:11:00', 'PWR566', 'B747', '7QWER', 'POWER AIRLINES', 'n/a', 'CANCELATION OF FLIGH', 'n/a', 'n/a', 'n/a', 10, 3, 2, '2016-05-18', NULL, NULL),
(9, '2016-07-26', '09:06:00', 'KALOLI37', 'C212', '1234', 'USDOD', 'n/a', 'return to pick cargo', 'n/a', 'n/a', 'n/a', 3, 10, 2, '2016-05-20', NULL, NULL),
(10, '2016-07-26', '10:06:00', '220', '899', '785', 'JJM', 'n/a', 'TWR FREQ U/S', 'n/a', 'n/a', 'n/a', 11, 10, 2, '2016-05-29', NULL, NULL),
(11, '2016-07-26', '11:11:00', 'UNO444', 'CL78', 'HZCFX', 'UN', 'n/a', 'REPORTED DEAD BIRD', 'n/a', 'n/a', 'n/a', 8, 10, 2, '2016-06-29', NULL, NULL),
(12, '2016-07-26', '10:10:00', 'un484', 'c310', 'zjizs', 'ED AIR', 'n/a', 'return due oil leak', 'n/a', 'n/a', 'n/a', 3, 3, 2, '2016-06-06', NULL, NULL),
(13, '2016-07-26', '07:48:00', 'uno558', 'L382', 'DGRGH', 'ME AIRLINES', 'n/a', 'RETURN DUE TECH', 'n/a', 'n/a', 'n/a', 4, 3, 2, '2016-06-07', NULL, NULL),
(14, '2016-07-26', '10:05:00', 'ETH1278', 'B734', 'ETANN', 'JUNE AIR', 'n/a', 'REPORTED  BIRDSTRIKE', 'n/a', 'n/a', 'n/a', 8, 10, 2, '2016-06-11', NULL, NULL),
(15, '2016-07-26', '05:05:00', '5YACE', 'C208', 'NIL', 'NIL', 'n/a', 'RETURN DUE TECH', 'n/a', 'n/a', 'n/a', 3, 3, 2, '2016-06-16', NULL, NULL),
(16, '2016-07-26', '04:58:00', 'KALOLI88', 'B190', 'NIL', 'NOMAD', 'n/a', 'SOMEONE ACTING FUNNY', 'n/a', 'n/a', 'n/a', 17, 10, 2, '2016-06-17', NULL, NULL),
(17, '2016-07-26', '00:08:00', 'KITE267', 'C30J', 'QWERTR', 'ALLIANCE FRANCAIS', 'n/a', 'aborted takeoff ', 'n/a', 'n/a', 'n/a', 8, 10, 2, '2016-06-19', NULL, NULL),
(18, '2016-07-26', '07:16:00', 'NOMAD11', 'M28', 'NIL', 'USDOD', 'n/a', 'REPORTED PAPI OFF', 'n/a', 'n/a', 'n/a', 11, 10, 2, '2016-06-22', NULL, NULL),
(19, '2016-07-26', '16:05:00', 'RWD424', 'CRJ1', '9XIWT', 'RWANDA AIR', 'n/a', 'REPORTED GRAS ON R17', 'n/a', 'n/a', 'n/a', 17, 10, 2, '2016-06-23', NULL, NULL),
(20, '2016-07-26', '15:24:00', '4LGSS', 'B738', 'NIL', 'UN', 'n/a', 'LANDED WITHOUT CLX', 'n/a', 'n/a', 'n/a', 17, 2, 2, '2016-06-25', NULL, NULL),
(21, '2016-07-26', '00:11:00', '5XUAW', 'AW1', '5XUAW', 'WHISKERS', 'n/a', 'RCF', 'n/a', 'n/a', 'n/a', 11, 3, 2, '2016-03-01', NULL, NULL),
(22, '2016-07-26', '02:40:00', 'N/A', 'N/A', 'N/A', 'N/A', 'n/a', 'FDD U/S', 'n/a', 'n/a', 'n/a', 17, 10, 2, '2016-03-02', NULL, NULL),
(23, '2016-07-26', '13:01:00', 'N/A', 'N/A', 'N/A', 'N/A', 'n/a', 'TWR FREQ U/S', 'n/a', 'n/a', 'n/a', 11, 10, 2, '2016-03-03', NULL, NULL),
(24, '2016-07-26', '00:12:00', 'SHJSDF', 'EW12', 'SHJSDF', 'UNKNOWN', 'n/a', 'VIP MOVEMENT', 'n/a', 'n/a', 'n/a', 9, 10, 2, '2016-03-04', NULL, NULL),
(25, '2016-07-26', '11:22:00', 'N/A', 'N/A', 'N/A', 'N/A', 'n/a', 'N/A', 'n/a', 'n/a', 'n/a', 3, 10, 2, '2016-03-07', NULL, NULL),
(26, '2016-07-26', '03:30:00', 'N/A', 'N/A', 'N/A', 'N/A', 'n/a', 'AWOS U/S', 'n/a', 'n/a', 'n/a', 11, 10, 2, '2016-03-22', NULL, NULL),
(27, '2016-07-26', '14:51:00', 'KLM355', 'C182', 'HODPH', 'KAJJANSI', 'n/a', 'GO AROUND', 'n/a', 'n/a', 'n/a', 1, 10, 2, '2016-03-23', NULL, NULL),
(28, '2016-07-26', '19:15:00', 'AF445', 'B06', 'NIL', 'UG GOVT', 'n/a', 'VVIP DEPARTURE', 'n/a', 'n/a', 'n/a', 9, 10, 2, '2016-03-29', NULL, NULL),
(29, '2016-07-26', '12:15:00', 'N/A', 'N/A', 'N/A', 'N/A', 'n/a', 'N/A', 'n/a', 'n/a', 'n/a', 17, 10, 2, '2016-03-30', NULL, NULL),
(30, '2016-07-26', '08:20:00', 'N/A', 'N/A', 'N/A', 'N/A', 'n/a', 'AWOS U/S', 'n/a', 'n/a', 'n/a', 17, 10, 2, '2016-03-31', NULL, NULL),
(31, '2016-07-26', '03:38:00', 'BAW69', 'B77L', 'GBNNM', 'MAF', 'n/a', 'GO AROUND', 'n/a', 'n/a', 'n/a', 17, 10, 2, '2016-04-01', NULL, NULL),
(32, '2016-07-26', '08:14:00', 'N/A', 'N/A', 'N/A', 'N/A', 'n/a', 'SIREN MARINE N U/S', 'n/a', 'n/a', 'n/a', 11, 10, 2, '2016-04-02', NULL, NULL),
(33, '2016-07-26', '18:40:00', 'N/A', 'N/A', 'N/A', 'N/A', 'n/a', 'FADED CL R17', 'n/a', 'n/a', 'n/a', 17, 10, 2, '2016-04-03', NULL, NULL),
(34, '2016-07-26', '07:00:00', 'N/A', 'N/A', 'N/A', 'N/A', 'n/a', 'OPEN MANHOLE ON TWY', 'n/a', 'n/a', 'n/a', 16, 10, 2, '2016-04-05', NULL, NULL),
(35, '2016-07-26', '17:58:00', '5TZYZ', 'IL76', 'NIL', 'UN', 'n/a', 'VVIP DEPARTURE', 'n/a', 'n/a', 'n/a', 9, 10, 2, '2016-04-06', NULL, NULL),
(36, '2016-07-26', '16:03:00', 'UN0465', 'A332', 'N/A', 'UN', 'n/a', 'RETURN RWY BLOCKED ', 'n/a', 'n/a', 'n/a', 3, 9, 2, '2016-04-09', NULL, NULL),
(37, '2016-07-26', '14:14:00', 'UGB441', 'C208', '9FWWW', 'RWANDA AIR', 'n/a', 'LIGHTS ON TWY A OFF', 'n/a', 'n/a', 'n/a', 11, 10, 2, '2016-04-10', NULL, NULL),
(38, '2016-07-26', '22:24:00', 'THY112', 'B190', '5BHHL', 'TURKISH', 'n/a', 'NDB OFF', 'n/a', 'n/a', 'n/a', 11, 10, 2, '2016-04-12', NULL, NULL),
(39, '2016-07-26', '11:22:00', 'AF145', 'PC46', 'AGN840', 'LIME AIR', 'n/a', 'RETUIRN TO PICK PAX', 'n/a', 'n/a', 'n/a', 3, 3, 2, '2016-04-14', NULL, NULL),
(40, '2016-07-26', '18:52:00', '5TYYZ', 'B739', '5TYYZ', 'JLIE AIR', 'n/a', 'GO AROUND', 'n/a', 'n/a', 'n/a', 4, 10, 2, '2016-04-27', NULL, NULL),
(41, '2016-07-26', '03:08:00', 'june01', 'b190', '4821p', 'june air', 'DCT ATUGA DCT NN', 'unstable apprach due weather', 'UNSTABLE APPROACH', 'ATC LOG', 'n/a', 2, 4, 2, '2016-01-03', NULL, NULL),
(42, '2016-07-26', '15:45:00', 'ROGERS01', 'B190', '5A078', 'ROGERS AIRWAYS', 'n/a', 'DIVERSION DUE COMPANY REQUEST', 'n/a', 'n/a', 'n/a', 3, 9, 2, '2016-08-01', NULL, NULL),
(43, '2016-07-26', '13:45:00', 'EDIAIR71', 'B763', 'BAF7562', 'QUEEN AIR', 'n/a', 'UNSTABLE APPROACH DUE TO STRONG WIND ON FINAL RWY R17', 'n/a', 'n/a', 'n/a', 1, 2, 2, '2016-01-04', NULL, NULL),
(44, '2016-07-26', '15:23:00', 'YUH421', 'Y12', 'NG552', 'FUN AIR', 'n/a', 'MISSED APPROACH DUE TO PILOT ERROR', 'n/a', 'n/a', 'n/a', 1, 2, 2, '2016-01-05', NULL, NULL),
(45, '2016-07-26', '18:59:00', 'BGD350', 'B190', 'JKH15', 'ZOOM AIRLINES', 'n/a', 'REQUESTED TO DIVERT TO HKJK DUE TO BAD WX AT DESTINATION ', 'n/a', 'n/a', 'n/a', 3, 4, 2, '2016-01-11', NULL, NULL),
(46, '2016-07-26', '23:12:00', '5TLMW', 'C210', '5TLMW', 'QUEEN AIR', 'n/a', 'AT FL055 OBSERVED OVERFLYING HTR4', 'n/a', 'n/a', 'n/a', 5, 2, 2, '2016-08-01', NULL, NULL),
(47, '2016-07-26', '01:00:00', 'KAF705', 'MI8', 'KAF705', 'KENYAN AIRFORCE', 'n/a', 'AIRBORNE AT 10000 ETA 1025 P.O.B 03', 'n/a', 'n/a', 'n/a', 9, 10, 2, '2016-01-12', NULL, NULL),
(48, '2016-07-26', '00:10:00', 'N/A', 'N/A', 'N/A', 'N/A', 'n/a', 'AWOS U/S', 'n/a', 'n/a', 'n/a', 11, 10, 2, '2016-08-01', NULL, NULL),
(49, '2016-07-26', '12:15:00', 'N/A', 'N/A', 'N/A', 'N/A', 'n/a', 'AWOS U/S', 'n/a', 'n/a', 'n/a', 11, 10, 2, '2016-01-13', NULL, NULL),
(50, '2016-07-26', '00:10:00', 'BOG433', 'E190', '', 'ABRA', 'n/a', 'AFTER START UP AT 1530 REPORTED A TECHNICAL PROBLEM AND REPORTED WAS GOING TO DELAY FOR ABOUT 5 MINUTES. SHE LATER REQUESTED TO TAXI BACK TO APRON TO RESOLVE THE ISSUE.', 'n/a', 'n/a', 'n/a', 4, 3, 2, '2016-01-20', NULL, NULL),
(51, '2016-07-26', '00:00:00', 'N/A', 'N/A', '', '', 'n/a', 'AWOS U/S GB NDB ALSO U/S', 'n/a', 'n/a', 'n/a', 11, 10, 2, '2016-02-01', NULL, NULL),
(52, '2016-07-26', '00:12:00', 'WER893', 'D328', 'WERER', 'ADER', 'n/a', 'ON TOUCH DOWN RUNWAY 17 REPORTED HITTING SMALL BIRDS ON SHORT FINAL R17. ', 'n/a', 'n/a', 'n/a', 8, 10, 2, '2016-02-09', NULL, NULL),
(53, '2016-07-26', '05:26:00', '5YHUG', 'GLEX', '', '', 'n/a', '', 'n/a', 'n/a', 'n/a', 9, 10, 2, '2016-02-04', NULL, NULL),
(54, '2016-07-26', '21:02:00', 'N/A', 'N/A', '', '', 'n/a', 'FROM HUMO FIRE TRUCK U/S', 'n/a', 'n/a', 'n/a', 17, 10, 2, '2016-02-10', NULL, NULL),
(55, '2016-07-26', '00:09:00', 'DEE122', 'B737', 'TEREP', '', 'n/a', 'INFORMED TOWER THAT SHE WAS DELAYING  DEPARTURE FOR ONE HOUR DUE TO A TECHNICAL PROBLEM WITH ONE OF HER WHEELS. ETD 2035 WAS EXTENDED TO 2135. AT 2317 SHE TOLD TOWER SHE WAS STILL WORKING ON THE PROBLEM AND EXPECTED TO BE READY IN 20 MINUTES.', 'n/a', 'n/a', 'n/a', 4, 3, 2, '2016-02-15', NULL, NULL),
(56, '2016-07-26', '12:13:00', 'RRR416', 'B722', 'BG788', 'MAY TEAM', 'n/a', 'REPORTED THAT NAVIGATION EQUIPMENT DEGRADED ', 'n/a', 'n/a', 'n/a', 11, 3, 2, '2016-02-17', NULL, NULL),
(57, '2016-07-26', '19:13:00', 'KLM8899', 'BE20', 'PHOOO', 'ROGERS AIRWAYS', 'n/a', 'EXPERIENCES A TAILWIND OF 140/17KT WHILE ON FINAL R21 WHILE AWOS WAS SHOWING 060/01KT', 'n/a', 'n/a', 'n/a', 14, 4, 2, '2016-02-22', NULL, NULL),
(58, '2016-07-26', '16:30:00', 'N/A', 'N/A', 'N/A', 'N/A', 'n/a', 'AWOS LINK BTN MET AND ACC U/S', 'n/a', 'n/a', 'n/a', 11, 10, 2, '2016-02-23', NULL, NULL),
(59, '2016-07-26', '00:09:00', '5XUAW', 'BE20', '5XUAW', 'TAW', 'n/a', 'ON LANDING REPORTED DEAD BIRD ON RWY CENTRE LINE ABOUT 1000M FROM THRESHOLD .''BS'' WAS SENT TO INSPECT RWY AND REPORTED PICKING ONE CARCASS ', 'n/a', 'n/a', 'n/a', 8, 10, 2, '2016-02-25', NULL, NULL),
(60, '2016-07-26', '10:00:00', 'TG506', 'C172', 'N/A', '', 'n/a', 'VVIP AIRBORNE ETA 1030', 'n/a', 'n/a', 'n/a', 9, 10, 2, '2016-02-28', NULL, NULL),
(61, '2016-07-26', '00:12:00', '5YIKE', 'B190', '5YIKE', 'IKE', 'n/a', 'REQUESTED TO TAXI BACK TO PARKING BAY AFTER BUSH BACK DUE TECH', 'n/a', 'n/a', 'n/a', 4, 3, 2, '2015-12-02', NULL, NULL),
(62, '2016-07-26', '00:13:00', 'KILOT', 'E120', 'KILOT', 'KILE AIR', 'n/a', 'REPORTED SIGHTING A LARGE FLOCK OF SMALL BIRDS TO THE RIGHT OF RWY 17', 'n/a', 'n/a', 'n/a', 8, 10, 2, '2015-12-04', NULL, NULL),
(63, '2016-07-26', '15:45:00', '5LVIE', 'IL76', '', '', 'n/a', '5LVIE AT  FL095 EXPRESSED CONCERN WITH TRAFFIC AT FL100 WHICH WAS OPPOSITE . TRAFFIC WAS INFORMED IT WAS UNDER RADAR MONITORING', 'n/a', 'n/a', 'n/a', 7, 10, 2, '2015-12-06', NULL, NULL),
(64, '2016-07-26', '14:15:00', 'AF225', 'C17', '', '', 'n/a', 'IN CONTACT WITH AF225 FROM RWENJI STATUS VVIPETA 1655', 'n/a', 'n/a', 'n/a', 9, 10, 2, '2015-12-09', NULL, NULL),
(65, '2016-07-26', '18:18:00', 'N/A', 'N/A', 'N/A', 'N/A', 'n/a', ' ACC reports all frequencies ''US'' and their RADAR can only IDENTIFY traffic within 50NM from NV Nairobi frequency 118.5 now serviceable ', 'n/a', 'n/a', 'n/a', 11, 10, 2, '2015-12-10', NULL, NULL),
(66, '2016-07-26', '12:12:00', 'N/A', 'N/A', 'N/A', 'N/A', 'n/a', 'Direct speech FZAA readability 2', 'n/a', 'n/a', 'n/a', 11, 10, 2, '2015-12-14', NULL, NULL),
(67, '2016-07-26', '16:58:00', 'N/A', 'N/A', 'N/A', 'N/A', 'n/a', 'AWOS U/S', 'n/a', 'n/a', 'n/a', 11, 10, 2, '2015-12-08', NULL, NULL),
(68, '2016-07-26', '17:45:00', 'N/A', 'N/A', 'N/A', 'N/A', 'n/a', 'FROM KHARTOUM TRIPOLI FIR CLOSED TILL FURTHER NOTICE', 'n/a', 'n/a', 'n/a', 17, 10, 2, '2015-12-16', NULL, NULL),
(69, '2016-07-26', '02:00:00', 'N/A', 'N/A', 'N/A', 'N/A', 'n/a', 'NAIROBI VHF RADIO U/S CONTACT WITH AIRCRAFT O HF 11300', 'n/a', 'n/a', 'n/a', 11, 10, 2, '2015-12-23', NULL, NULL),
(70, '2016-07-26', '15:23:00', 'FTR455', 'F70', 'BAF7562', 'FLAVIA AIRLINES', 'n/a', 'AT PATAR 0805 reports moderate and continous turbulence ', 'n/a', 'n/a', 'n/a', 17, 4, 2, '2015-12-24', NULL, NULL),
(71, '2016-07-26', '03:03:00', 'N/A', 'N/A', 'N/A', 'N/A', 'n/a', 'ILS REPORTED OFF', 'n/a', 'n/a', 'n/a', 11, 10, 2, '2015-11-03', NULL, NULL),
(72, '2016-07-26', '00:10:00', 'FFGBC', 'C208', 'FFGBC', 'AVENT', 'n/a', 'AFTER AIRBORNE REPORTED SUSPECTING TO HAVE HIT A BIRD WHILE TAKING OFF AND REPORTED SUSPECTING NEGATIVE DAMAGE ON THE AIRCRAFT.AT 1317 AFTER A CHECK ON THE RWY ''BS'' REPORTED NO CARCASS FOUND O THE RWY', 'n/a', 'n/a', 'n/a', 8, 10, 2, '2015-11-03', NULL, NULL),
(73, '2016-07-26', '19:52:00', 'N/A', 'N/A', 'N/A', 'N/A', 'n/a', 'ILS REPORTED ON AIR ', 'n/a', 'n/a', 'n/a', 17, 10, 2, '2015-11-03', NULL, NULL),
(74, '2016-07-26', '00:12:45', '5XTAW', 'B206', '5XTAW', 'TAW', 'HUEN-HUKJ', 'AFTER BEING GIVEN A LANDING CLEARANCE ON FINAL R35 EXECUTED A MISSED APPROACH DUE TO UNSTABLE APPROACH.', 'n/a', 'n/a', 'n/a', 11, 10, 9, NULL, NULL, NULL),
(75, '2016-07-26', '14:10:00', 'TRG562', 'B788', '78644', 'TIN AIR', 'n/a', 'reports terbulence from alkon to NN at FL360', 'n/a', 'n/a', 'n/a', 17, 10, 2, '2015-11-13', NULL, NULL),
(76, '2016-07-26', '00:10:00', 'N/A', 'N/A', 'N/A', 'N/A', 'n/a', 'TWY EDGE LIGHT ''B'' ''US''', 'n/a', 'n/a', 'n/a', 11, 10, 2, '2015-11-05', NULL, NULL),
(77, '2016-07-26', '08:08:00', 'BA190', 'M124', 'BA4444', 'N/A', 'n/a', 'AIRBORNE AT 221505 STS HEAD OF STATE P.O.B 45', 'n/a', 'n/a', 'n/a', 9, 10, 2, '2015-11-26', NULL, NULL),
(78, '2016-07-26', '00:02:00', 'N/A', 'N/A', 'N/A', 'N/A', 'n/a', 'FROM HTMU NO POWER AT THE STATION', 'n/a', 'n/a', 'n/a', 17, 10, 2, '2015-11-30', NULL, NULL),
(79, '2016-07-26', '00:19:00', 'na', 'N/A', 'N/A', 'N/A', 'n/a', 'MET EXT AND TIE LINE ''US''', 'n/a', 'n/a', 'n/a', 11, 10, 2, '2015-11-19', NULL, NULL),
(80, '2016-07-26', '03:01:00', 'N/A', 'N/A', 'N/A', 'N/A', 'n/a', 'FROM SFC AN AIRCRAFT SEEN OVERFLY HUP1', 'n/a', 'n/a', 'n/a', 5, 2, 2, '2015-11-25', NULL, NULL),
(81, '2016-07-26', '00:10:29', 'N/A', 'N/A', 'N/A', 'N/A', 'n/a', 'SIREN AT MARINE NORTH ''US'', CH16 ''US'' AT MARINE SOUTH AND FIRE STATION', 'n/a', 'n/a', 'n/a', 11, 10, 9, NULL, NULL, NULL),
(82, '2016-07-26', '00:22:01', 'N/A', 'N/A', 'N/A', 'N/A', 'n/a', 'STRIP PRINTER ''US''', 'n/a', 'n/a', 'n/a', 11, 10, 9, NULL, NULL, NULL),
(83, '2016-07-26', '16:00:52', 'N/A', 'N/A', 'N/A', 'N/A', 'n/a', 'FROM EQUIPT MASINDI MAIN OFF FOR REPAIR', 'n/a', 'n/a', 'n/a', 17, 10, 10, NULL, NULL, NULL),
(84, '2016-07-26', '05:05:52', '5XTTT', 'C130', '5XTTT', 'KEN AIR', 'HUEN-HUJI', 'VVIP FPL IN THE SYSTEM', 'n/a', 'n/a', 'n/a', 9, 10, 10, NULL, NULL, NULL),
(85, '2016-07-26', '10:20:15', 'MAT78', 'CL60', '45215', 'TAK AIR', 'n/a', 'DIVERSION DUE FAULTY ENGINE', 'n/a', 'n/a', 'n/a', 3, 3, 10, NULL, NULL, NULL),
(86, '2016-07-26', '14:04:05', 'AF850', 'CRJ2', 'ETFFF', 'REST AIRLINES', 'HSSJ-HUEN', 'DIVERTED TO HUEN DUE TO A DISABLED AIRCRAFT ON THE RUNWAY IN JUBA', 'n/a', 'n/a', 'n/a', 3, 5, 10, NULL, NULL, NULL),
(87, '2016-07-26', '00:12:02', 'TASER', 'BE20', 'TASER', 'TASER AIR', 'HKJK-HUEN', 'WAS RELEASED BY RADAR AT 10NM FINAL R30 BUT DID NOT INITIATE CONTACT WITH TWR. TWR TRIED CALLING BUT NO RESPONSE FROM THE PILOT UNTIL THE PILOT LANDED WITHOUT CLEARANCE . ON TOUCHING DOWN, THE PILOT CALLED TO TWR AND SAID HE WAS UNABLE TO CONTACT TWR WHILE', 'n/a', 'n/a', 'n/a', 12, 3, 9, NULL, NULL, NULL),
(88, '2016-07-26', '00:01:23', 'N/A', 'N/A', 'N/A', 'N/A', 'n/a', 'SIREN AT MARINE NORTH ''US''', 'n/a', 'n/a', 'n/a', 11, 10, 9, NULL, NULL, NULL),
(89, '2016-07-26', '00:12:02', 'N/A', 'N/A', 'N/A', 'N/A', 'n/a', ' TWY LIGHTS NO B7, C4S AND E4 ''US''', 'n/a', 'n/a', 'n/a', 11, 10, 9, NULL, NULL, NULL),
(90, '2016-07-26', '00:03:30', 'N/A', 'N/A', 'N/A', 'N/A', 'n/a', 'SIREN AT MARINE NORTH,CH 16 AND TIE LINE FIRE STATION NO RESPONSE', 'n/a', 'n/a', 'n/a', 11, 10, 9, NULL, NULL, NULL),
(91, '2016-07-26', '00:12:12', 'N/A', 'N/A', 'N/A', 'N/A', 'n/a', 'TWY ''C'' CLOSED DUE TO A WIDE POT HOLE CREATED BY RWD450 B738 REG 9XRWK DOING ENGINE RUN ON THE TWY', 'n/a', 'n/a', 'n/a', 16, 10, 9, NULL, NULL, NULL),
(92, '2016-07-26', '00:15:56', 'N/A', 'N/A', 'N/A', 'N/A', 'n/a', 'RWY EDGE LIGHT NO 1 AND TWY LIGHTS NO B7, C4S AND E4 ''US''', 'n/a', 'n/a', 'n/a', 11, 10, 9, NULL, NULL, NULL),
(93, '2016-07-26', '00:19:21', 'WETER', 'B737', 'WETER', 'WHISKERS', 'n/a', 'REPORTED HITTING A SMALL BIRD DURING TAKE OFF ROLL. ''BS'' SENT ON R17/35 AND REPORTED NO CARCASS PICKED', 'n/a', 'n/a', 'n/a', 8, 10, 9, NULL, NULL, NULL),
(94, '2016-07-26', '00:03:30', 'N/A', 'N/A', 'N/A', 'N/A', 'n/a', 'SIREN AT MARINE NORTH ''US'' AND NO RESPONSE FROM FIRE STATION ON THE TIE LINE', 'n/a', 'n/a', 'n/a', 11, 10, 9, NULL, NULL, NULL),
(95, '2016-07-26', '00:16:56', 'N/A', 'N/A', 'N/A', 'N/A', 'n/a', 'RWY EDGE LIGHT NO 1 AND TWY LIGHTS NO B7, C4S AND E4 ''US''', 'n/a', 'n/a', 'n/a', 11, 10, 9, NULL, NULL, NULL),
(96, '2016-07-26', '00:12:34', 'N/A', 'N/A', 'N/A', 'N/A', 'n/a', 'VOLUME KNOB ON RADAR POSITION 2 ''US''', 'n/a', 'n/a', 'n/a', 11, 10, 9, NULL, NULL, NULL),
(97, '2016-07-26', '00:19:21', '5XUAW', 'B737', '5XTAW', 'TAW AIR', 'FZAA-HUEN', 'INFORMED ACC THAT THEY WERE PROCEEDING TO KIGALI FIRST AND NOT ENTEBBE AS SCHEDULED BECAUSE KIGALI CLOSES AT 0007. FROM KIGALI THEN ENTEBBE  AND THEN TO HAAB', 'n/a', 'n/a', 'n/a', 3, 9, 9, NULL, NULL, NULL),
(98, '2016-07-26', '00:03:30', 'N/A', 'N/A', 'N/A', 'N/A', 'n/a', 'SIREN MARINE NORTH ,TIE LINE AND CH 16 FOR FIRE STATION ''US''', 'n/a', 'n/a', 'n/a', 11, 10, 9, NULL, NULL, NULL),
(99, '2016-07-26', '00:11:23', 'AF001', 'B190', 'AF001', '', 'HUEN- KAMULI', 'VVIP DEPARTURE AT 0816 P.O.B 12', 'n/a', 'n/a', 'n/a', 9, 10, 9, NULL, NULL, NULL),
(100, '2016-07-26', '00:11:22', 'DEM321', 'B787', '5XUAW', 'TAW AIR', 'HUAR-HUEN', 'CONTACTED ACC REPORTING FILING FOR DIVERSION TO HKJK .PILOT REPORTED REASON FOR DIVERSION HE HAD ENOUGH FUEL TO MAKE IT TO NAIROBI HIS EARLIER INTENTION HUEN HAD BEEN REFUELLING', 'n/a', 'n/a', 'n/a', 3, 7, 9, NULL, NULL, NULL),
(101, '2016-07-26', '00:03:20', 'N/A', 'N/A', 'N/A', 'N/A', 'n/a', 'SIREN AT MARINE NORTH ''US''', 'n/a', 'n/a', 'n/a', 11, 10, 9, NULL, NULL, NULL),
(102, '2016-07-26', '03:30:00', 'N/A', 'N/A', 'N/A', 'N/A', 'n/a', 'SDD U/S', 'n/a', 'n/a', 'YES', 11, 10, 10, NULL, NULL, NULL),
(103, '2016-07-26', '12:12:00', 'HGF1390', 'A320', 'FTR145', 'TOM AVAITION', 'FEFF-HRYR', 'REPORTED HITTING BIRDS WHILE ROLLING R17', 'n/a', 'n/a', 'YES\r\n', 8, 10, 10, NULL, NULL, NULL),
(104, '2016-07-26', '17:20:12', 'HCR121', 'C172', '17521', 'MOVERS AIRLINE', 'KIMAKA-HUJK', 'DIVERTED TO HUEN DUE OPERATIONAL REASONS', 'n/a', 'n/a', 'n/a', 3, 10, 10, NULL, NULL, NULL),
(105, '2016-07-26', '03:03:03', 'N/A', 'N/A', 'N/A', 'N/A', 'n/a', 'FADED CENTRELINE R25', 'n/a', 'n/a', 'n/a', 11, 10, 10, NULL, NULL, NULL),
(106, '2016-07-26', '13:57:14', 'UAE297', 'AS450', 'A6TRG', 'EMIRATES ', 'HUEN-HUAT', 'REPORTED HITTING BIRDS WHILE ROLLING R17', 'n/a', 'n/a', 'n/a', 8, 10, 10, NULL, NULL, NULL),
(107, '2016-07-26', '16:18:20', 'BGU232', 'DH8C', '67893', 'GOODTIMES AIR', 'n/a', 'DIVERTED TO HUEN DUE TO A DISABLED AIRCRAFT ON THE RUNWAY IN JUBA', 'n/a', 'n/a', 'n/a', 3, 9, 10, NULL, NULL, NULL),
(108, '2016-07-26', '08:26:45', 'TAF41', 'Y12', 'TAF41', 'UG AIRWAYS', 'HUKJ-HTMW', 'VVIP AIRBORNE FOR MWENGE ', 'n/a', 'n/a', 'n/a', 9, 10, 10, NULL, NULL, NULL),
(109, '2016-07-26', '00:12:02', '4YTRE', 'C142', '4YTRE', 'NAMIB AIR', 'FKKD-HUEN', 'ON TOUCH DOWN R17 REPORTED HITTING BIRDS ON THE LANDING ROLL R17, ''BS'' WAS SENT ON THE RWY FOR INSPECTION AND REPORTED PICKING TWO DEAD BIRDS(KITES)', 'n/a', 'n/a', 'n/a', 8, 10, 9, NULL, NULL, NULL),
(110, '2016-07-26', '18:45:21', 'UN077P', 'LJ45', '778541', 'UN', 'n/a', 'CANCELLED TAKE OFF AFTER BEING GIVEN A TAKE OFF CLX', 'n/a', 'n/a', 'n/a', 4, 3, 10, NULL, NULL, NULL),
(111, '2016-07-26', '00:23:22', 'N/A', 'N/A', 'N/A', 'N/A', 'n/a', 'INFORMED TWR THAT TWY ''Z'' WAS BLOCKED AND YET TWR WAS INFORMED BY OPERATIONS THAT IT WAS OPERATIONAL.', 'n/a', 'n/a', 'n/a', 16, 10, 9, NULL, NULL, NULL),
(112, '2016-07-26', '00:03:22', 'N/A', 'N/A', 'N/A', 'N/A', 'n/a', 'SIREN MARINE NORTH ''US''', 'n/a', 'n/a', 'n/a', 11, 3, 9, NULL, NULL, NULL),
(113, '2016-07-26', '120:20:10', 'ETG009', 'B190', 'MK7854', 'JUMP AIRWAYS', 'n/a', 'DROPPED A METAL PLATE ON LANDING', 'n/a', 'n/a', 'n/a', 17, 10, 10, NULL, NULL, NULL),
(114, '2016-07-26', '00:08:00', 'DOF01', 'C142', 'DOF01', 'DELTA FORCE', 'HUEN-HOIMA', 'VVIP  AIRBORNE R02 WITH P.O.B12 EST HOIMA AT 0910', 'n/a', 'n/a', 'n/a', 9, 10, 9, NULL, NULL, NULL),
(115, '2016-07-26', '03:41:02', 'AF987', 'M124', 'N/A', 'MAF', 'HYRH-HURN', 'RCVD VVIP EST AT 1036 LANDED AT  1035', 'n/a', 'n/a', 'n/a', 9, 10, 10, NULL, NULL, NULL),
(116, '2016-07-26', '16:40:15', 'CHG995', 'GLEX', '99545', 'TAM TAM AIR', 'KASENYI- MUGANA', 'CANCELLED STARTUP DUE TECH', 'n/a', 'n/a', 'n/a', 4, 3, 10, NULL, NULL, NULL),
(117, '2016-07-26', '15:15:15', 'N/A', 'N/A', 'N/A', 'N/A', 'n/a', 'LOCALIZER REPORTED OFF', 'n/a', 'n/a', 'n/a', 11, 3, 10, NULL, NULL, NULL),
(118, '2016-07-26', '09:30:15', 'N/A', 'N/A', '', '', 'n/a', 'TWO APPROACH LIGHTS REPORTED U/S', 'n/a', 'n/a', 'n/a', 16, 10, 10, NULL, NULL, NULL),
(119, '2016-07-26', '08:25:17', 'N/A', 'N/A', '', '', 'n/a', 'TIE LINE TO MARINE US', 'n/a', 'n/a', 'n/a', 11, 10, 10, NULL, NULL, NULL),
(120, '2016-07-26', '06:03:55', 'N/A', 'N/A', '', '', 'n/a', 'KIGUNGU LIGHTS US', 'n/a', 'n/a', 'n/a', 11, 10, 10, NULL, NULL, NULL),
(121, '2016-07-26', '17:12:54', 'KQA999', 'C130', 'LI7845', 'KAKA TRANSAIR', 'HYTU-JHNN', 'REPORTS A VERY BIG DEPRESSION ON TWY L', 'n/a', 'n/a', 'n/a', 16, 10, 10, NULL, NULL, NULL),
(122, '2016-07-26', '00:22:11', 'HEAD1', 'B707', '6YIUE', 'KILI AIR', 'KJHG-JKDD', 'RCVD EST ON HEAD1 ETA 1430 STS HEAD LANDED SAFELY R22 P.O.B 32', 'n/a', 'n/a', 'n/a', 9, 10, 9, NULL, NULL, NULL),
(123, '2016-07-26', '14:15:26', 'UG604', 'C208', '751632', 'WANZU AIR', 'LLLTT-HUEN', 'PILOT COMPLAINED ABOUT BEING PARKED AT BAY 5 NOT SAFE FOR HER', 'n/a', 'n/a', 'n/a', 17, 10, 10, NULL, NULL, NULL),
(124, '2016-07-26', '00:12:11', 'N/A', 'N/A', 'N/A', 'N/A', 'n/a', 'FROM SERERE THERE IS NO FIRE COVER AND THE GENERATOR AS WELL DUE SHORTAGE OF FUEL', 'n/a', 'n/a', 'n/a', 17, 7, 9, NULL, NULL, NULL),
(125, '2016-07-26', '00:09:00', 'N/A', 'N/A', 'N/A', 'N/A', 'n/a', 'SIREN MARINE NORTH ''US''', 'n/a', 'n/a', 'n/a', 11, 10, 9, NULL, NULL, NULL),
(126, '2016-07-26', '00:12:22', 'N/A', 'N/A', 'N/A', 'N/A', 'n/a', 'TWY EDGE LIGHTS NO B7,C4S,E7 AND RWY LIGHT N0 3 ''US''', 'n/a', 'n/a', 'n/a', 11, 10, 9, NULL, NULL, NULL),
(127, '2016-07-26', '00:06:48', 'UN785', 'E190', '44851', 'MOONLIGHT', 'KFHY-GTYH', 'UNSTABLE APPROACH DUE TO STRONG WIND ON FINAL RWY 35', 'n/a', 'n/a', 'n/a', 2, 4, 10, NULL, NULL, NULL),
(128, '2016-07-26', '00:11:00', 'KAK123', 'A320', '5XKAK', 'KAK AIR', 'HJHF-DFHJ', 'WAS GIVEN A LANDING CLEARANCE R17  REPORTED GOING AROUND AND IS TRANSFERRED TO ACC AT 1042. LANDED SAFELY RWY 27 P.O.B 130 AND GAVE REASON FOR GO AROUND AS UNSTABLE APPROACH DUE TO IMPROPER CONFIGURATION', 'n/a', 'n/a', 'n/a', 1, 3, 9, NULL, NULL, NULL),
(129, '2016-07-26', '14:55:23', 'HHY778', 'C45', '6772NH', 'ZUMA AIRLINES', 'GYTH-HJNK', 'hit birds on take OFF runway 25', 'n/a', 'n/a', 'n/a', 8, 10, 10, NULL, NULL, NULL),
(130, '2016-07-26', '15:26:32', 'THY451', 'BT74', 'JGKJ5', ' ADKI AIR', 'HUEN-HUTF', 'DELAY DUE TO BAD WEATHER', 'n/a', 'n/a', 'n/a', 4, 4, 10, NULL, NULL, NULL),
(131, '2016-07-26', '00:11:22', 'GOLFER2', 'SU30', '5YGOL', 'GOLF STATE', 'GHAS-SJKS', 'VVIP START UP  ON GOLFER2. REQUESTED START AT 1206 AIRBORNE AT 1222 P.O.B 15', 'n/a', 'n/a', 'n/a', 9, 10, 9, NULL, NULL, NULL),
(132, '2016-07-26', '00:12:21', 'N/A', 'N/A', 'N/A', 'N/A', 'n/a', 'LOUD SPEAKER ON TSP 2 ''US''', 'n/a', 'n/a', 'n/a', 11, 10, 9, NULL, NULL, NULL),
(133, '2016-07-26', '13:25:32', 'DAT785', 'T5143', 'KLO987', 'HELL AIR', 'BBNN-JJKL', 'BURST A TIRE ON LANDING', 'n/a', 'n/a', 'n/a', 13, 10, 10, NULL, NULL, NULL),
(134, '2016-07-26', '18:45:28', 'FRD452', 'FK40', '789022', 'YAM AIRWAYS', 'KKLL-NNBB', 'AIRPROX BTN FRD452 AND HYR451 DUE TO PILOT ERROR', 'n/a', 'n/a', 'n/a', 7, 2, 10, NULL, NULL, NULL),
(135, '2016-07-26', '00:12:11', 'BOBCAT', 'B707', '5YBOB', 'BOB AIR', 'WERE-POIU', 'ON DEPARTURE SHE ENCOUNTERED RADIO COMMUNICATION FAILURE WITH TWR WHILE SHE WAS AT HOLING POINT R17 AFTER SEVERAL ATTEMPTS FROM TWR TO ESTABLISH CONTACT WITH BOBCAT, SHE FINALLY RESPONDED AFTER 5 MINUTES DURING THAT TIME OTHER AIRCRAFT WERE DELAYED', 'n/a', 'n/a', 'n/a', 11, 3, 9, NULL, NULL, NULL),
(136, '2016-07-26', '15:45:31', 'MAR89', 'C78', 'Y7THH', 'DAD AIR', 'REFF-THGB', 'DIVERTED TO NUGH DUE TO AIRCRATF ON THE RWY', 'n/a', 'n/a', 'n/a', 3, 5, 10, NULL, NULL, NULL),
(137, '2016-07-26', '24:52:23', 'EEE1254', 'GLF3', '15451', 'COOL AIR', 'TFTF-NBVV', 'ENGINE ON FIRE', 'n/a', 'n/a', 'n/a', 12, 3, 10, NULL, NULL, NULL),
(138, '2016-07-26', '12:01:21', 'QTR7854', 'A345', 'KJUUI', 'OPA AIRWAYS', 'POKL-KLHG', 'ON LANDING A MAN ENTERED THE RWY', 'n/a', 'n/a', 'n/a', 6, 6, 10, NULL, NULL, NULL),
(139, '2016-07-26', '16:25:30', 'SAT42', 'Q400', 'IJ562', 'DINKA AVIATION', 'EWHH-SDDG', 'WRONG CLX PASSED TO THE PILOT AND HE OVERFLEW GKP9', 'n/a', 'n/a', 'n/a', 5, 1, 10, NULL, NULL, NULL),
(140, '2016-07-26', '00:11:22', 'N/A', 'N/A', 'N/A', 'N/A', 'n/a', 'BS'' ON INSPECTING R17/35 REPORTED PICKING A CARCASS OF A BIRD (CATTLE EGRET)', 'n/a', 'n/a', 'n/a', 8, 10, 9, NULL, NULL, NULL),
(141, '2016-07-26', '18:41:30', 'TIM125', 'GLF6', 'EWHYH', 'GOOL AIRWAYS', 'VVBH-DGHS', 'UNSTABLE APPROACH DUE TO STRONG WIND ON FINAL 15', 'n/a', 'n/a', 'n/a', 2, 4, 10, NULL, NULL, NULL),
(142, '2016-07-26', '19:56:21', 'YQT134', 'B784', '67YWH', 'FANTA AIR', 'GLLK-HNBD', 'MISSED APPROACH DUE TO AIRCRAFT ON THE RUNWAY', 'n/a', 'n/a', 'n/a', 1, 5, 10, NULL, NULL, NULL),
(143, '2016-07-26', '00:12:11', 'GBYHJ', 'A333', 'GBYHJ', 'GLOBAL AIR', 'HJSD-DFKF', 'WAS GIVEN A LANDING CLEARANCE, AT 1421 REPORTED GOING AROUND AND TRANSFERRED TO ACC 128.5MHZ LANDED SAFELY P.O.B 66 AND FROM RADAR REASON FOR GOING AROUND WAS DUE TO UNSTABILISED APPROACH DUE TO HIGH SPEED ON LANDING REPORTED  HITTING SOMETHING AT TOUCHDOW', 'n/a', 'n/a', 'n/a', 1, 10, 9, NULL, NULL, NULL),
(144, '2016-07-26', '00:00:34', 'N/A', 'N/A', 'N/A', 'N/A', 'n/a', 'SIREN AT MARINE NORTH ''US''', 'n/a', 'n/a', 'n/a', 11, 10, 9, NULL, NULL, NULL),
(145, '2016-07-26', '16:53:21', 'KQA8521', 'E120', 'GBERT', 'RONI AIR', 'POLO-OOGL', 'VVIP EST AT 1515', 'n/a', 'n/a', 'n/a', 9, 10, 10, NULL, NULL, NULL),
(146, '2016-07-26', '00:32:51', 'MY1254', 'C182', '15010', '', 'n/a', 'CANCELLED FLIGHT DUE NAVI ERROR', 'n/a', 'n/a', 'n/a', 10, 3, 10, NULL, NULL, NULL),
(147, '2016-07-26', '00:06:00', 'GOGOL', 'C212', 'GOGOL', 'GOGO AIR', 'n/a', 'VVIP ESTIMATING 0620. SHE LANDED SAFELY AT 0623 WITH POB 15', 'n/a', 'n/a', 'n/a', 9, 10, 9, NULL, NULL, NULL),
(148, '2016-07-26', '00:11:44', 'CRAIGY12', 'C130', '67YHE', 'GRAIG AIRLINES', 'n/a', 'IT HAS BEEN OBSERVED THAT THE PILOT OF THE AIRCRAFT WAS NOT COMPLYING WITH INSTRUCTIONS AND CLEARANCES ISSUED BY ATC AND WAS ALMOST INFRINGING ON THE SAFETY OF OTHER AIRCRAFT IN THE VICINITY OF THE AERODROME', 'n/a', 'n/a', 'n/a', 17, 2, 9, NULL, NULL, NULL),
(149, '2016-07-26', '22:10:21', 'BAW785', 'SF34', '78342', 'HULL AIR', 'HUEN-HUIL', 'DIVERTED TO DUE BAD WX', 'n/a', 'n/a', 'n/a', 3, 4, 10, NULL, NULL, NULL),
(150, '2016-07-26', '245:12:12', 'GHNJT', 'PC12', 'GHNJT', 'YAP AIR', 'FNJK-KLDS', 'VIOLATED  HOP14 DUE TO TECHNICAL ISSUES', 'n/a', 'n/a', 'n/a', 5, 3, 10, NULL, NULL, NULL),
(151, '2016-07-26', '00:12:12', 'TEKO23', 'CL65', '465456', 'TEKO AIR', 'KSDA-SDFF', 'CANCELLED START UP DUE TECHNICAL. SHE WAS AIRBORNE RUNWAY 17 AT 1444 WITH POB 218', 'n/a', 'n/a', 'n/a', 4, 3, 9, NULL, NULL, NULL),
(152, '2016-07-26', '17:15:21', 'FYTGK', 'A321', 'UAE741', 'REST AIRLINES', 'JHLL-HJKK', 'BIRD STRIKE ', 'n/a', 'n/a', 'n/a', 8, 10, 10, NULL, NULL, NULL),
(153, '2016-07-26', '03:30:10', 'N/A', 'N/A', 'N/A', 'N/A', 'n/a', 'SIREN U/S', 'n/a', 'n/a', 'n/a', 11, 10, 10, NULL, NULL, NULL),
(154, '2016-07-26', '07:34:34', 'AF776', 'MI24', 'AF776', 'UPDAF', 'HUEN-HTER', 'VVIP DEPARTURE TO HTER P.OB 12', 'n/a', 'n/a', 'n/a', 9, 10, 10, NULL, NULL, NULL),
(155, '2016-07-26', '00:03:00', 'N/A', 'N/A', 'N/A', 'N/A', 'n/a', 'LOUD SPEAKER VOLUME KNOB OF POSITION 2 ''US ''', 'n/a', 'n/a', 'n/a', 11, 10, 9, NULL, NULL, NULL),
(156, '2016-07-26', '15:07:07', 'THE343', 'B738', 'TTH44', 'TANAM AIR', 'HMMM-JKLM', 'LANDED AT 1435 AND REPORTED A PERSON WALKING ON THE EDGES OF THE RUNWAY', 'n/a', 'n/a', 'n/a', 6, 6, 10, NULL, NULL, NULL),
(157, '2016-07-26', '19:19:18', 'AKD441', 'B788', 'MMN231', 'LIME AIR', 'HYJKI-IILK', 'DELAYED ON GROUND DUE TO NON PAYMENT OF CHARGES', 'n/a', 'n/a', 'n/a', 4, 10, 10, NULL, NULL, NULL),
(158, '2016-07-26', '03:41:41', 'N/A', 'N/A', 'N/A', 'N/A', 'n/a', 'SIREN U/S', 'n/a', 'n/a', 'n/a', 11, 10, 10, NULL, NULL, NULL),
(159, '2016-07-26', '07:23:12', 'KAN325', 'B738', '21346', 'KAN AIRWAYS', 'HTRR-HYYY', 'REPORTED RETURNING TO HYYY DUE TO TECHNICAL PROBLEM ', 'n/a', 'n/a', 'n/a', 3, 3, 10, NULL, NULL, NULL),
(160, '2016-07-26', '08:03:03', 'N/A', 'N/A', 'N', '', 'n/a', 'RWY EDGE LIGHT  US', 'n/a', 'n/a', 'n/a', 17, 10, 10, NULL, NULL, NULL),
(161, '2016-07-26', '11:54:11', 'N/A', 'N/A', '', '', 'n/a', 'SIREN U/S', 'n/a', 'n/a', 'n/a', 11, 10, 10, NULL, NULL, NULL),
(162, '2016-07-26', '08:03:33', 'N/A', 'N/A', '', '', 'n/a', 'SIREN U/S', 'n/a', 'n/a', 'n/a', 11, 10, 10, NULL, NULL, NULL),
(163, '2016-07-26', '06:24:24', 'N/A', 'N/A', '', '', 'n/a', 'PRINTER US/ NO ATIS INFORMATION, AWOS US', 'n/a', 'n/a', 'n/a', 11, 10, 10, NULL, NULL, NULL),
(164, '2016-07-26', '08:45:48', 'NJ535', 'A319', 'KLLKJ', 'D AND E AIRLINES', 'OMSS-OMAA', 'DIVERSION DUE TO FLIGHT DUTY LIMITATIONS', 'n/a', 'n/a', 'n/a', 3, 8, 10, NULL, NULL, NULL),
(165, '2016-07-26', '03:28:28', 'N/A', 'N/A', '', '', 'n/a', 'SIREN U/S', 'n/a', 'n/a', 'n/a', 11, 10, 10, NULL, NULL, NULL),
(166, '2016-07-26', '13:06:02', 'FFHSA', 'D328', 'FFHSA', 'ZIK AVIATION', 'GVVV-LOOO', 'HAVING BEEN GIVEN A LANDING CLX AN OTHER AIRCRAFT JUST ENTERED THE RUNWAY', 'n/a', 'n/a', 'n/a', 6, 5, 10, NULL, NULL, NULL),
(167, '2016-07-26', '12:16:16', 'DWE343', 'B722', 'WPTGJ', 'YARA AIRWAYS', 'TTTT-THTT', 'AFTER STARUP AND BUSH BACK DWE343 REQUSTED TO RETURN TO THE BAY DUE TO A TECHNICAL FAULT', 'n/a', 'n/a', 'n/a', 4, 3, 10, NULL, NULL, NULL),
(168, '2016-07-26', '03:46:15', '7TGHT', 'LJ50', '7TGHT', 'US ARMY', 'POPO-PAPA', 'VVIP DEPARTURE AT 0315', 'n/a', 'n/a', 'n/a', 9, 10, 10, NULL, NULL, NULL),
(169, '2016-07-26', '03:42:12', 'N/A', 'N/A', '', '', 'n/a', 'SIREN U/S', 'n/a', 'n/a', 'n/a', 11, 10, 10, NULL, NULL, NULL),
(170, '2016-07-26', '07:58:58', 'RWEY25', 'D328', '55990', 'FOOD AIRWAYS', 'JKII-JKRR', 'LINED UP FOR DEPARTURE  REQUESTED TO RELOCATE TO THE APRON DUE MINOR TECHNICAL PRBLEM', 'n/a', 'n/a', 'n/a', 4, 3, 10, NULL, NULL, NULL),
(171, '2016-07-26', '02:27:24', 'EXF111', 'MD11', '11223', 'ROGERS AIRWAYS', 'FPTA-LWER', 'MISSED APPROACH DUE TO AIRCRAFT STILL ON THE RUNWAY', 'n/a', 'n/a', 'n/a', 1, 5, 10, NULL, NULL, NULL),
(172, '2016-07-26', '06:54:21', 'N/A', 'N/A', 'N/A', 'N/A', 'n/a', 'SDD U/S', 'n/a', 'n/a', 'n/a', 11, 10, 10, NULL, NULL, NULL),
(173, '2016-07-26', '09:20:15', 'TRE452', 'IL76', 'REWNN', 'MAFIA AIR', 'n/a', 'REPORTED HITTING BIRDS ON TAKEOFF', 'n/a', 'n/a', 'n/a', 8, 10, 10, NULL, NULL, NULL),
(174, '2016-07-26', '29:28:25', '7YFFL', 'CRJ9', 'RTEFG', 'MUNGU AIR', 'OTWW-OTEE', 'RECVD EST OF THE VVIPT ESTIMATING AT I010', 'n/a', 'n/a', 'n/a', 9, 10, 10, NULL, NULL, NULL),
(175, '2016-07-26', '14:14:01', 'N/A', 'N/A', '', '', 'n/a', 'ATIS TRANSMISSIONS BREAK INTO THE ACC FREQ', 'n/a', 'n/a', 'n/a', 11, 10, 10, NULL, NULL, NULL),
(176, '2016-07-26', '14:14:15', 'GER213', 'A345', '', '', 'n/a', 'DELAY TO PROBLEM WITH THE DOOR', 'n/a', 'n/a', 'n/a', 4, 3, 10, NULL, NULL, NULL),
(177, '2016-07-26', '15:45:00', 'N/A', 'N/A', 'N/A', 'N/A', 'n/a', 'CRACKED RUNWAY CENTRELINE', 'n/a', 'n/a', 'n/a', 16, 10, 10, NULL, NULL, NULL),
(178, '2016-07-26', '03:03:03', 'UBH833', 'A332', '', '', 'n/a', 'CALLS TOWER CANCELLING HER FLIGHT DUE TO A TECHNICAL FAULT', 'n/a', 'n/a', 'n/a', 10, 3, 10, NULL, NULL, NULL),
(179, '2016-07-26', '00:11:22', 'DADA432', 'B727', 'HGJSD', 'JILEER AIR', 'HSDD-UITR', 'GOES AROUND DUE STRONG WIND ON FINAL APPROACH PATH R35. TWR HAS WRITTEN THE SITPREP', 'n/a', 'n/a', 'n/a', 1, 4, 9, NULL, NULL, NULL),
(180, '2016-07-26', '00:03:30', 'N/A', 'N/A', 'N/A', 'N/A', 'n/a', 'SIREN MARINE NORTH ''US''', 'n/a', 'n/a', 'n/a', 11, 10, 9, NULL, NULL, NULL),
(181, '2016-07-26', '15:56:06', 'KLM782', 'B733', '', '', 'HAAN-TYYH', 'REPORTED PROBLEM WITH HER LEFT ENGINE', 'n/a', 'n/a', 'n/a', 4, 3, 10, NULL, NULL, NULL),
(182, '2016-07-26', '00:11:22', 'N/A', 'N/A', 'N/A', 'N/A', 'n/a', 'SIREN MARINE NORTH ''US''', 'n/a', 'n/a', 'n/a', 11, 10, 9, NULL, NULL, NULL),
(183, '2016-07-26', '00:09:10', 'N/A', 'N/A', 'N/A', 'N/A', 'n/a', 'SIREN MARINE NORTH ''US''', 'n/a', 'n/a', 'n/a', 11, 10, 9, NULL, NULL, NULL),
(184, '2016-07-26', '01:34:56', 'RTH67', 'C550', '23454', 'MNFJK', 'RNRF-EEMR', 'FIRE ON BOARD', 'n/a', 'n/a', 'n/a', 12, 3, 10, NULL, NULL, NULL),
(185, '2016-07-26', '00:11:22', 'N/A', 'N/A', 'N/A', 'N/A', 'n/a', 'INTERFERENCE ON TOWER FREQUENCY 118.1MHZ. AIRCRAFT UNABLE TO COMMUNICATE WITH TOWER.', 'n/a', 'n/a', 'n/a', 12, 3, 9, NULL, NULL, NULL),
(186, '2016-07-26', '00:09:24', 'FAL213', 'C142', 'TRYEU', 'FALA AIR', 'JKSD-KDKD', 'FAL213 ON TAKE OFF RUN REPORTED HITTING A BIRD. ', 'n/a', 'n/a', 'n/a', 8, 10, 9, NULL, NULL, NULL),
(187, '2016-07-26', '18:55:56', 'N/A', 'N/A', '', '', 'n/a', 'REPORTED WX DIFFERENT FROM WHAT IS OBSERVED BY TOWER', 'n/a', 'n/a', 'n/a', 14, 4, 10, NULL, NULL, NULL),
(188, '2016-07-26', '00:02:00', 'N/A', 'N/A', 'N/A', 'N/A', 'n/a', 'SIREN MARINE NORTH ,TIE LINE AND CH 16 FOR FIRE STATION ''US''', 'n/a', 'n/a', 'n/a', 11, 10, 9, NULL, NULL, NULL),
(189, '2016-07-26', '00:11:45', 'KNIGHT71', 'C212', '983405', 'ARABIAN KNIGHTS', 'WTRE-JDIU', 'KNIGHT71 REPORTED RETURNING TO HUEN DUE MAINTENANCE. ESTIMATING 0620 WITH POB 11. SHE LANDED SAFELY  RUNWAY12 AT 0624', 'n/a', 'n/a', 'n/a', 3, 3, 9, NULL, NULL, NULL),
(190, '2016-07-26', '14:52:12', 'N/A', 'N/A', 'N/A', 'N/A', 'n/a', 'CH16 U/S', 'n/a', 'n/a', 'n/a', 11, 10, 10, NULL, NULL, NULL),
(191, '2016-07-26', '00:11:22', 'N/A', 'N/A', 'N/A', 'N/A', 'n/a', 'ZONE IMC, VISIBILITY 4000M.', 'n/a', 'n/a', 'n/a', 17, 4, 9, NULL, NULL, NULL),
(192, '2016-07-26', '14:14:12', 'N/A', 'N/A', 'N/A', '', 'n/a', 'SIREN U/S', 'n/a', 'n/a', 'n/a', 11, 10, 10, NULL, NULL, NULL),
(193, '2016-07-26', '00:00:11', 'N/A', 'N/A', 'N/A', 'N/A', 'n/a', 'ZONE VMC, VISIBILITY 5KM.', 'n/a', 'n/a', 'n/a', 17, 4, 9, NULL, NULL, NULL),
(194, '2016-07-26', '13:25:15', 'N/A', 'N/A', '', '', 'n/a', 'CH16 U/S', 'n/a', 'n/a', 'n/a', 11, 10, 10, NULL, NULL, NULL),
(195, '2016-07-26', '16:16:15', 'N/A', 'N/A', '', '', 'n/a', 'PRINTER US/ NO ATIS INFORMATION, AWOS US', 'n/a', 'n/a', 'n/a', 11, 10, 10, NULL, NULL, NULL),
(196, '2016-07-26', '15:15:13', 'N/A', 'N/A', '', '', 'n/a', 'PRINTER US/ NO ATIS INFORMATION, AWOS US', 'n/a', 'n/a', 'n/a', 11, 10, 10, NULL, NULL, NULL),
(197, '2016-07-26', '17:18:16', 'N/A', 'N/A', '', '', 'n/a', 'PRINTER US/ NO ATIS INFORMATION, AWOS US', 'n/a', 'n/a', 'n/a', 11, 10, 10, NULL, NULL, NULL),
(198, '2016-07-26', '19:19:13', 'N/A', 'N/A', '', '', 'n/a', 'PRINTER US/ NO ATIS INFORMATION, AWOS US', 'n/a', 'n/a', 'n/a', 11, 10, 10, NULL, NULL, NULL),
(199, '2016-07-26', '12:35:18', 'N/A', 'N/A', '', '', 'n/a', 'SDD U/S', 'n/a', 'n/a', 'n/a', 11, 10, 10, NULL, NULL, NULL),
(200, '2016-07-26', '00:09:18', 'POAPE32', 'F70', 'BCHDY', 'POAPE STATE', 'JKDD-JKSD', 'RECEIVED VVIP ESTIMATES ON POAPE32, ESTIMATING AT 1515. SHE LANDED SAFELY RUNWAY 02 AT 1515 WITH POB 13.', 'n/a', 'n/a', 'n/a', 9, 10, 9, NULL, NULL, NULL),
(201, '2016-07-26', '00:03:20', 'N/A', 'N/A', 'N/A', 'N/A', 'n/a', 'SIREN MARINE NORTH, CHANNEL 16 AND TIE LINE TO FIRE STATION ''US ''[', 'n/a', 'n/a', 'n/a', 11, 10, 9, NULL, NULL, NULL),
(202, '2016-07-26', '00:08:00', 'maf2', 'c208', '77812', 'MAF', 'huen-hukj', 'DELAY TO PROBLEM WITH THE DOOR', 'n/a', 'n/a', 'n/a', 4, 3, 10, NULL, NULL, NULL),
(203, '2016-07-26', '23:08:07', 'bgr564', 'b190', '566788', 'mzs345', 'n/a', 'delayed depature due to bad wx', 'n/a', 'n/a', 'n/a', 4, 4, 10, NULL, NULL, NULL),
(204, '2016-08-01', '05:02:00', 'WANZU 1', 'L65', '5X UGW', 'UMOJA Airways ', 'HCMM PATAR ENTEBBE', 'On vacating RWY  after landing Runway 17, the pilot reported hitting two  birds that were  on the runway near the access road opposite the new fire station. Bird hazard was called to check the runway and picked  Carcassestwo.  A bird strike form was filled', 'Bird hazard and OC ANS notified ', 'Aircraft inspected  but no physical damage seen', 'n/a', 8, 10, 2, '2016-07-07', NULL, NULL),
(205, '2016-08-01', '05:35:00', 'UGA321', 'DH8', '5X-UGA', 'AIR UGANDA', 'DCT ATUGA DCT NN', '', 'HIGH TAIL WIND', 'ATC LOG\r\n', 'YES', 1, 4, 2, '2016-08-01', NULL, NULL),
(206, '2016-08-01', '12:35:00', '', '', '', '', 'n/a', '', 'n/a', 'n/a', 'n/a', 11, 7, 2, '2016-04-13', NULL, NULL),
(207, '2016-08-01', '12:30:00', '5XEBZ', 'BE20', '5XEBZ', 'KAFTC', 'HUEN-HKJK', 'AIR PROX', 'DEPARTING 5XEBZ BE20 CLEARED TO CLIMB TO F130 WHILE THERE WAS HOLDING TRAFFIC AT 7000 FEET OVERHEAD NN. ', 'O''C INFORMED', 'YES', 7, 1, 2, '2016-07-15', NULL, NULL),
(208, '2016-08-01', '12:25:00', 'KQ413', 'B737', '5Y KQC', 'KENYA AIRLINES', 'DCT ALKON DCT NN', 'UNSTABLE APPROACH', 'PILOT ERROR', 'ATC LOG', 'YES', 1, 1, 2, '2016-07-05', NULL, NULL),
(209, '2016-08-02', '12:05:00', 'DBM445', 'B733', '5GUGH', 'DJM', 'UB527', '', 'Bad weather', 'Operator notified', 'yes', 5, 2, 2, '2016-03-09', NULL, NULL),
(213, '2016-12-30', '09:12:00', 'AIRCRAFT CALL SIGN', 'AIRCRAFT TYPE', 'AIRCRAFT REGISTRATIO', 'OPERATOR', 'n/a', 'EVENT DESCRIPTION', 'n/a', 'n/a', 'n/a', 1, 1, 2, '2016-12-30', NULL, NULL),
(210, '2016-08-02', '03:00:00', 'KQA416', 'B733', '5YFFF', 'KENYA AIRWAYS', 'NAIROBI TO ENTEBBE', 'MISSED APPPROACH DUE TO RUNWAY INCURSION', 'n/a', 'n/a', 'n/a', 1, 1, 2, '2015-09-02', NULL, NULL),
(211, '2016-08-02', '02:00:00', 'rwd444', 'b733', '', '', 'n/a', '', 'n/a', 'n/a', 'n/a', 1, 1, 2, '2016-10-08', NULL, NULL),
(212, '2016-08-10', '08:00:00', 'KQA478', 'B733', '5YKQC', 'KENYA AIRWAYS', 'n/a', 'AIRPORX AT OVELA', 'n/a', 'n/a', 'n/a', 1, 1, 2, '2016-07-12', NULL, NULL);

-- --------------------------------------------------------

--
-- Table structure for table `safety_logs_categories`
--

CREATE TABLE IF NOT EXISTS `safety_logs_categories` (
  `id` int(11) NOT NULL AUTO_INCREMENT,
  `name` varchar(50) NOT NULL,
  `user` int(11) NOT NULL,
  `date` timestamp NOT NULL DEFAULT CURRENT_TIMESTAMP,
  `current_user` int(11) DEFAULT NULL,
  `current_user_id` int(11) DEFAULT NULL,
  PRIMARY KEY (`id`)
) ENGINE=MyISAM  DEFAULT CHARSET=latin1 AUTO_INCREMENT=11 ;

--
-- Dumping data for table `safety_logs_categories`
--

INSERT INTO `safety_logs_categories` (`id`, `name`, `user`, `date`, `current_user`, `current_user_id`) VALUES
(1, 'ATC error / Violation', 0, '2015-12-06 12:32:12', NULL, NULL),
(2, 'Pilot error / Violation', 0, '2015-12-06 12:32:12', NULL, NULL),
(3, 'Techincal', 0, '2015-12-06 13:37:50', NULL, NULL),
(4, 'Weather', 0, '2015-12-06 13:37:50', NULL, NULL),
(5, 'A/c on Rwy', 0, '2015-12-06 13:37:50', NULL, NULL),
(6, 'Vehicle / Object on RWY', 0, '2015-12-06 13:37:50', NULL, NULL),
(7, 'Fuel', 0, '2015-12-06 13:37:50', NULL, NULL),
(8, 'Procedures', 0, '2015-12-06 13:37:50', NULL, NULL),
(9, 'Cause at Destination', 0, '2015-12-06 13:37:50', NULL, NULL),
(10, 'Others', 0, '2015-12-06 13:37:50', NULL, NULL);

-- --------------------------------------------------------

--
-- Table structure for table `safety_logs_causes`
--

CREATE TABLE IF NOT EXISTS `safety_logs_causes` (
  `id` int(11) NOT NULL AUTO_INCREMENT,
  `name` text,
  `user` int(11) NOT NULL,
  `date` timestamp NOT NULL DEFAULT CURRENT_TIMESTAMP,
  `current_user` int(11) DEFAULT NULL,
  `current_user_id` int(11) DEFAULT NULL,
  `target` int(11) DEFAULT '0',
  `display_kpi` tinyint(4) NOT NULL DEFAULT '1',
  PRIMARY KEY (`id`)
) ENGINE=MyISAM  DEFAULT CHARSET=latin1 AUTO_INCREMENT=20 ;

--
-- Dumping data for table `safety_logs_causes`
--

INSERT INTO `safety_logs_causes` (`id`, `name`, `user`, `date`, `current_user`, `current_user_id`, `target`, `display_kpi`) VALUES
(1, 'Missed approach', 2, '2015-12-06 12:32:38', NULL, NULL, 7, 2),
(2, 'Un stable approach', 0, '2015-12-06 12:32:38', NULL, NULL, 0, 1),
(3, 'Diversion', 0, '2015-12-06 13:41:18', NULL, NULL, 210, 1),
(4, 'Delay', 0, '2015-12-06 13:41:18', NULL, NULL, 100, 1),
(5, 'Airspace violation', 0, '2015-12-06 13:44:01', NULL, NULL, 0, 1),
(6, 'Runway incursion', 0, '2015-12-06 13:44:01', NULL, NULL, 67, 1),
(7, 'Airprox', 0, '2015-12-06 13:50:15', NULL, NULL, 0, 1),
(8, 'Bird Strike', 0, '2015-12-06 13:50:15', NULL, NULL, 0, 1),
(9, 'VVIP', 0, '2015-12-06 13:50:15', NULL, NULL, 0, 1),
(10, 'Cancelation of flight', 0, '2015-12-06 13:50:15', NULL, NULL, 0, 1),
(11, 'Equipment/Navaid malfunction', 0, '2015-12-06 13:50:15', NULL, NULL, 2, 1),
(12, 'Emergency ', 0, '2015-12-06 13:50:15', NULL, NULL, 0, 1),
(13, 'Tyre burst', 0, '2015-12-06 13:50:15', NULL, NULL, 0, 1),
(14, 'Weather discrepancy reports', 0, '2015-12-06 13:50:15', NULL, NULL, 45, 1),
(15, 'Airside signage', 0, '2015-12-06 13:50:15', NULL, NULL, 0, 1),
(16, 'Airside surfaces', 0, '2015-12-06 13:50:15', NULL, NULL, 0, 1),
(17, 'General', 0, '2015-12-06 13:50:15', NULL, NULL, 0, 1),
(18, 'FIRE', 2, '2016-08-23 08:26:49', NULL, NULL, 0, 1),
(19, 'Fire', 2, '2016-08-23 08:26:57', NULL, NULL, 0, 1);

-- --------------------------------------------------------

--
-- Table structure for table `safety_occurrence_data`
--

CREATE TABLE IF NOT EXISTS `safety_occurrence_data` (
  `id` int(11) NOT NULL AUTO_INCREMENT,
  `incident_id` int(11) DEFAULT NULL,
  `date_of_occurrence` date NOT NULL,
  `date_of_occurrence_2` date NOT NULL,
  `date_of_occurrence_3` date NOT NULL,
  `time_of_occurrence` varchar(128) NOT NULL,
  `time_of_occurrence_2` varchar(128) NOT NULL,
  `time_of_occurrence_3` varchar(128) NOT NULL,
  `shift` varchar(128) NOT NULL,
  `shift_2` varchar(128) NOT NULL,
  `shift_3` varchar(128) NOT NULL,
  `duration_of_shift` varchar(128) NOT NULL,
  `duration_of_shift_2` varchar(128) NOT NULL,
  `duration_of_shift_3` varchar(128) NOT NULL,
  `time_dc_logged_on_duty` varchar(128) NOT NULL,
  `time_dc_logged_on_duty_2` varchar(128) NOT NULL,
  `time_dc_logged_on_duty_3` varchar(128) NOT NULL,
  `time_dc_logged_off_duty` varchar(128) NOT NULL,
  `time_dc_logged_off_duty_2` varchar(128) NOT NULL,
  `time_dc_logged_off_duty_3` varchar(128) NOT NULL,
  `time_dc_reported_on_duty` varchar(128) NOT NULL,
  `time_dc_reported_on_duty_2` varchar(128) NOT NULL,
  `time_dc_reported_on_duty_3` varchar(128) NOT NULL,
  `time_dc_reported_off_duty` varchar(128) NOT NULL,
  `time_dc_reported_off_duty_2` varchar(128) NOT NULL,
  `time_dc_reported_off_duty_3` varchar(128) NOT NULL,
  `no_of_personnel_on_shift_roster` int(11) DEFAULT NULL,
  `no_of_personnel_on_shift_roster_2` int(11) DEFAULT NULL,
  `no_of_personnel_on_shift_roster_3` int(11) DEFAULT NULL,
  `no_of_personnel_on_shift_logbook` int(11) DEFAULT NULL,
  `no_of_personnel_on_shift_logbook_2` int(11) DEFAULT NULL,
  `no_of_personnel_on_shift_logbook_3` int(11) DEFAULT NULL,
  `density_of_traffic` varchar(32) NOT NULL,
  `density_of_traffic_2` varchar(32) NOT NULL,
  `density_of_traffic_3` varchar(32) NOT NULL,
  `no_of_trainees_on_shift` int(11) DEFAULT NULL,
  `no_of_trainees_on_shift_2` int(11) DEFAULT NULL,
  `no_of_trainees_on_shift_3` int(11) DEFAULT NULL,
  `traffic_handled_by_trainee` varchar(16) NOT NULL,
  `traffic_handled_by_trainee_2` varchar(16) NOT NULL,
  `traffic_handled_by_trainee_3` varchar(16) NOT NULL,
  `controller_under_medication` varchar(16) NOT NULL,
  `controller_under_medication_2` varchar(16) NOT NULL,
  `controller_under_medication_3` varchar(16) NOT NULL,
  `date_from_last_annual_leave` date NOT NULL,
  `date_from_last_annual_leave_2` date NOT NULL,
  `date_from_last_annual_leave_3` date NOT NULL,
  `last_training_attended` varchar(256) NOT NULL,
  `last_training_attended_2` varchar(256) NOT NULL,
  `last_training_attended_3` varchar(256) NOT NULL,
  `last_training_date` date NOT NULL,
  `last_training_date_2` date NOT NULL,
  `last_training_date_3` date NOT NULL,
  `last_proficiency_date` date NOT NULL,
  `last_proficiency_date_2` date NOT NULL,
  `last_proficiency_date_3` date NOT NULL,
  `weather_information` text,
  `aerodrome_information` text,
  `controllers_on_duty` text,
  `completed_by` varchar(256) NOT NULL,
  `modified` timestamp NOT NULL DEFAULT CURRENT_TIMESTAMP ON UPDATE CURRENT_TIMESTAMP,
  `status` tinyint(4) NOT NULL DEFAULT '1',
  `current_user` int(11) DEFAULT NULL,
  `current_user_id` int(11) DEFAULT NULL,
  PRIMARY KEY (`id`),
  KEY `incident_id` (`incident_id`)
) ENGINE=InnoDB  DEFAULT CHARSET=latin1 AUTO_INCREMENT=16 ;

--
-- Dumping data for table `safety_occurrence_data`
--

INSERT INTO `safety_occurrence_data` (`id`, `incident_id`, `date_of_occurrence`, `date_of_occurrence_2`, `date_of_occurrence_3`, `time_of_occurrence`, `time_of_occurrence_2`, `time_of_occurrence_3`, `shift`, `shift_2`, `shift_3`, `duration_of_shift`, `duration_of_shift_2`, `duration_of_shift_3`, `time_dc_logged_on_duty`, `time_dc_logged_on_duty_2`, `time_dc_logged_on_duty_3`, `time_dc_logged_off_duty`, `time_dc_logged_off_duty_2`, `time_dc_logged_off_duty_3`, `time_dc_reported_on_duty`, `time_dc_reported_on_duty_2`, `time_dc_reported_on_duty_3`, `time_dc_reported_off_duty`, `time_dc_reported_off_duty_2`, `time_dc_reported_off_duty_3`, `no_of_personnel_on_shift_roster`, `no_of_personnel_on_shift_roster_2`, `no_of_personnel_on_shift_roster_3`, `no_of_personnel_on_shift_logbook`, `no_of_personnel_on_shift_logbook_2`, `no_of_personnel_on_shift_logbook_3`, `density_of_traffic`, `density_of_traffic_2`, `density_of_traffic_3`, `no_of_trainees_on_shift`, `no_of_trainees_on_shift_2`, `no_of_trainees_on_shift_3`, `traffic_handled_by_trainee`, `traffic_handled_by_trainee_2`, `traffic_handled_by_trainee_3`, `controller_under_medication`, `controller_under_medication_2`, `controller_under_medication_3`, `date_from_last_annual_leave`, `date_from_last_annual_leave_2`, `date_from_last_annual_leave_3`, `last_training_attended`, `last_training_attended_2`, `last_training_attended_3`, `last_training_date`, `last_training_date_2`, `last_training_date_3`, `last_proficiency_date`, `last_proficiency_date_2`, `last_proficiency_date_3`, `weather_information`, `aerodrome_information`, `controllers_on_duty`, `completed_by`, `modified`, `status`, `current_user`, `current_user_id`) VALUES
(1, 16, '2015-08-10', '0000-00-00', '0000-00-00', '2:30 PM', '', '', 'Day', 'Day', 'Day', '', '', '', '', '', '', '', '', '', '', '', '', '', '', '', NULL, NULL, NULL, NULL, NULL, NULL, 'Low', 'Low', 'Low', NULL, NULL, NULL, 'Yes', 'Yes', 'Yes', '', '', '', '0000-00-00', '0000-00-00', '0000-00-00', '', '', '', '0000-00-00', '0000-00-00', '0000-00-00', '0000-00-00', '0000-00-00', '0000-00-00', '', '', '', 'admin', '2015-08-11 13:35:28', 1, NULL, NULL),
(2, 16, '2015-08-07', '0000-00-00', '0000-00-00', '2:30 PM', '', '', 'Day', 'Day', 'Day', '', '', '', '', '', '', '', '', '', '', '', '', '', '', '', NULL, NULL, NULL, NULL, NULL, NULL, 'Low', 'Low', 'Low', NULL, NULL, NULL, 'Yes', 'Yes', 'Yes', '', '', '', '0000-00-00', '0000-00-00', '0000-00-00', '', '', '', '0000-00-00', '0000-00-00', '0000-00-00', '0000-00-00', '0000-00-00', '0000-00-00', '', '', '', 'admin', '2015-08-11 13:36:52', 1, NULL, NULL),
(3, 46, '2015-07-07', '0000-00-00', '0000-00-00', '2:30 PM', '', '', 'Day', 'Day', 'Day', '', '', '', '', '', '', '', '', '', '', '', '', '', '', '', NULL, NULL, NULL, NULL, NULL, NULL, 'Low', 'Low', 'Low', NULL, NULL, NULL, 'Yes', 'Yes', 'Yes', '', '', '', '0000-00-00', '0000-00-00', '0000-00-00', '', '', '', '0000-00-00', '0000-00-00', '0000-00-00', '0000-00-00', '0000-00-00', '0000-00-00', '', '', '', 'admin', '2015-08-14 09:16:14', 1, NULL, NULL),
(4, 46, '2015-07-07', '0000-00-00', '0000-00-00', '2:30 PM', '', '', 'Day', 'Day', 'Day', '', '', '', '', '', '', '', '', '', '', '', '', '', '', '', NULL, NULL, NULL, NULL, NULL, NULL, 'Low', 'Low', 'Low', NULL, NULL, NULL, 'Yes', 'Yes', 'Yes', '', '', '', '0000-00-00', '0000-00-00', '0000-00-00', '', '', '', '0000-00-00', '0000-00-00', '0000-00-00', '0000-00-00', '0000-00-00', '0000-00-00', '', '', '', 'admin', '2015-08-14 09:18:59', 1, NULL, NULL),
(5, 27, '2015-07-07', '0000-00-00', '0000-00-00', '2:30 PM', '', '', 'Day', 'Day', 'Day', '', '', '', '', '', '', '', '', '', '', '', '', '', '', '', NULL, NULL, NULL, NULL, NULL, NULL, 'Low', 'Low', 'Low', NULL, NULL, NULL, 'Yes', 'Yes', 'Yes', '', '', '', '0000-00-00', '0000-00-00', '0000-00-00', '', '', '', '0000-00-00', '0000-00-00', '0000-00-00', '0000-00-00', '0000-00-00', '0000-00-00', '', '', '', 'admin', '2015-08-14 11:16:18', 1, NULL, NULL),
(6, 50, '2015-01-01', '0000-00-00', '0000-00-00', '12:00 PM', '', '', 'Day', 'Day', 'Day', '', '', '', '', '', '', '', '', '', '', '', '', '', '', '', NULL, NULL, NULL, NULL, NULL, NULL, 'Low', 'Low', 'Low', NULL, NULL, NULL, 'Yes', 'Yes', 'Yes', '', '', '', '0000-00-00', '0000-00-00', '0000-00-00', '', '', '', '0000-00-00', '0000-00-00', '0000-00-00', '0000-00-00', '0000-00-00', '0000-00-00', '', '', '', 'admin', '2015-09-18 13:39:03', 1, NULL, NULL),
(7, 40, '0000-00-00', '0000-00-00', '0000-00-00', '2', '', '', 'Day', 'Day', 'Day', '', '', '', '', '', '', '', '', '', '', '', '', '', '', '', NULL, NULL, NULL, NULL, NULL, NULL, 'Low', 'Low', 'Low', NULL, NULL, NULL, 'Yes', 'Yes', 'Yes', '', '', '', '0000-00-00', '0000-00-00', '0000-00-00', '', '', '', '0000-00-00', '0000-00-00', '0000-00-00', '0000-00-00', '0000-00-00', '0000-00-00', '', '', '', 'admin', '2015-11-03 11:51:09', 1, NULL, NULL),
(8, 86, '0000-00-00', '0000-00-00', '0000-00-00', '22', '22', '2', 'Day', 'Day', 'Day', '23', '23', '23', '23', '23', '23', '2', '2', '2', '2', '2', '2', '3', '3', '3', 4, 4, 4, 4, 4, 4, 'Low', 'Low', 'Low', 4, 4, NULL, 'Yes', 'Yes', 'Yes', '', '', '', '0000-00-00', '0000-00-00', '0000-00-00', '', '', '', '0000-00-00', '0000-00-00', '0000-00-00', '0000-00-00', '0000-00-00', '0000-00-00', '4444', '', '', 'sms', '2015-12-16 11:37:04', 1, NULL, NULL),
(9, 71, '0000-00-00', '0000-00-00', '0000-00-00', '3', '3', '3', 'Day', 'Day', 'Day', '3', '', '', '3', '', '', '', '', '', '', '', '', '', '', '', NULL, NULL, NULL, NULL, NULL, NULL, 'Low', 'Low', 'Low', NULL, NULL, NULL, 'Yes', 'Yes', 'Yes', '', '', '', '0000-00-00', '0000-00-00', '0000-00-00', '', '', '', '0000-00-00', '0000-00-00', '0000-00-00', '0000-00-00', '0000-00-00', '0000-00-00', '', '', '', 'sms', '2015-12-16 11:47:36', 1, NULL, NULL),
(10, 75, '0000-00-00', '0000-00-00', '0000-00-00', '22', '', '', 'Day', 'Night', 'Day', '', '', '', '', '', '', '', '', '', '', '', '', '', '', '', NULL, NULL, NULL, NULL, NULL, NULL, 'Low', 'Low', 'Low', NULL, NULL, NULL, 'No', 'Yes', 'Yes', '', '', '', '0000-00-00', '0000-00-00', '0000-00-00', '', '', '', '0000-00-00', '0000-00-00', '0000-00-00', '0000-00-00', '0000-00-00', '0000-00-00', '2223', '', '', 'admin', '2016-02-09 11:57:29', 1, NULL, NULL),
(11, 75, '2015-03-12', '0000-00-00', '0000-00-00', '23:04', '', '', 'Day', 'Day', 'Day', '', '', '', '', '', '', '', '', '', '', '', '', '', '', '', NULL, NULL, NULL, NULL, NULL, NULL, 'Low', 'Low', 'Low', NULL, NULL, NULL, 'Yes', 'Yes', 'Yes', '', '', '', '0000-00-00', '0000-00-00', '0000-00-00', '', '', '', '0000-00-00', '0000-00-00', '0000-00-00', '0000-00-00', '0000-00-00', '0000-00-00', '', '', '', 'admin', '2016-05-19 02:20:28', 1, NULL, NULL),
(12, 75, '2015-03-12', '0000-00-00', '0000-00-00', '23:04', '', '', 'Day', 'Day', 'Day', '', '', '', '', '', '', '', '', '', '', '', '', '', '', '', NULL, NULL, NULL, NULL, NULL, NULL, 'Low', 'Low', 'Low', NULL, NULL, NULL, 'Yes', 'Yes', 'Yes', '', '', '', '0000-00-00', '0000-00-00', '0000-00-00', '', '', '', '0000-00-00', '0000-00-00', '0000-00-00', '0000-00-00', '0000-00-00', '0000-00-00', '', '', '', 'admin', '2016-05-19 02:27:48', 1, NULL, NULL),
(13, 75, '2015-03-12', '0000-00-00', '0000-00-00', '23:04', '', '', 'Day', 'Day', 'Day', '', '', '', '', '', '', '', '', '', '', '', '', '', '', '', NULL, NULL, NULL, NULL, NULL, NULL, 'Low', 'Low', 'Low', NULL, NULL, NULL, 'Yes', 'Yes', 'Yes', '', '', '', '0000-00-00', '0000-00-00', '0000-00-00', '', '', '', '0000-00-00', '0000-00-00', '0000-00-00', '0000-00-00', '0000-00-00', '0000-00-00', '', '', '', 'admin', '2016-05-19 09:31:10', 1, NULL, NULL),
(14, 89, '2015-03-12', '0000-00-00', '0000-00-00', '12:00 ', '', '', 'Day', 'Day', 'Day', '', '', '', '', '', '', '', '', '', '', '', '', '', '', '', NULL, NULL, NULL, NULL, NULL, NULL, 'Low', 'Low', 'Low', NULL, NULL, NULL, 'Yes', 'Yes', 'Yes', '', '', '', '0000-00-00', '0000-00-00', '0000-00-00', '', '', '', '0000-00-00', '0000-00-00', '0000-00-00', '0000-00-00', '0000-00-00', '0000-00-00', '', '', '', 'admin', '2016-06-18 21:32:52', 1, NULL, NULL),
(15, 214, '2015-03-12', '0000-00-00', '0000-00-00', '12:00', '', '', 'Day', 'Day', 'Day', '', '', '', '', '', '', '', '', '', '', '', '', '', '', '', NULL, NULL, NULL, NULL, NULL, NULL, 'Low', 'Low', 'Low', NULL, NULL, NULL, 'Yes', 'Yes', 'Yes', 'Yes', 'Yes', 'Yes', '0000-00-00', '0000-00-00', '0000-00-00', '', '', '', '0000-00-00', '0000-00-00', '0000-00-00', '0000-00-00', '0000-00-00', '0000-00-00', '', '', NULL, 'admin', '2016-07-26 16:15:33', 1, NULL, NULL);

-- --------------------------------------------------------

--
-- Table structure for table `safety_recommendations`
--

CREATE TABLE IF NOT EXISTS `safety_recommendations` (
  `id` int(11) NOT NULL AUTO_INCREMENT,
  `source` varchar(200) NOT NULL,
  `source_category` varchar(32) NOT NULL,
  `source_detail` varchar(256) NOT NULL,
  `details` text,
  `causes` text,
  `mitigation` text,
  `modified` timestamp NOT NULL DEFAULT CURRENT_TIMESTAMP ON UPDATE CURRENT_TIMESTAMP,
  `status` tinyint(4) NOT NULL DEFAULT '1',
  `reported_by` varchar(32) NOT NULL,
  `remarks` text,
  `brief` text,
  `content_type` int(11) DEFAULT NULL,
  `content_id` int(11) DEFAULT NULL,
  `priority` int(11) NOT NULL,
  `deadline` date NOT NULL,
  `action_by` int(11) DEFAULT NULL,
  `current_user` int(11) DEFAULT NULL,
  `current_user_id` int(11) DEFAULT NULL,
  `open_close` tinyint(4) NOT NULL DEFAULT '0',
  `date_closed` date NOT NULL,
  `date_assigned` date NOT NULL,
  `owner_id` int(11) DEFAULT NULL,
  `type_of_control` int(11) DEFAULT NULL,
  PRIMARY KEY (`id`)
) ENGINE=InnoDB  DEFAULT CHARSET=latin1 AUTO_INCREMENT=94 ;

--
-- Dumping data for table `safety_recommendations`
--

INSERT INTO `safety_recommendations` (`id`, `source`, `source_category`, `source_detail`, `details`, `causes`, `mitigation`, `modified`, `status`, `reported_by`, `remarks`, `brief`, `content_type`, `content_id`, `priority`, `deadline`, `action_by`, `current_user`, `current_user_id`, `open_close`, `date_closed`, `date_assigned`, `owner_id`, `type_of_control`) VALUES
(13, 'Hazard #77', '', '', 'Details of safety recommendations', '', '', '2016-06-24 10:20:32', 1, '2', '', 'Cut Down Trees', NULL, NULL, 0, '0000-00-00', NULL, NULL, NULL, 0, '0000-00-00', '0000-00-00', NULL, NULL),
(14, 'CAP 123', '', '', 'Lorem ipsum dolor sit amet, consectetur adipiscing elit, sed do eiusmod tempor incididunt ut labore et dolore magna aliqua.', 'lack of proper communication', '', '2016-06-24 10:20:36', 1, '2', 'Test', 'test', NULL, NULL, 0, '0000-00-00', NULL, NULL, NULL, 0, '0000-00-00', '0000-00-00', NULL, NULL),
(15, 'SOURCE', '', '', 'DETAILS', 'CAUSES', '', '2016-06-24 10:39:55', 1, 'admin', 'REMARKS', 'BRIEF', NULL, NULL, 0, '0000-00-00', NULL, NULL, NULL, 0, '0000-00-00', '0000-00-00', NULL, NULL),
(16, 'SOURCE', '', '', 'DETAILS', 'CAUSES', '', '2016-06-25 00:02:05', 1, 'admin', 'REMARKS', '', 1, NULL, 0, '0000-00-00', NULL, NULL, NULL, 0, '0000-00-00', '0000-00-00', NULL, NULL),
(17, 'SOURCE', '', '', '', '', '', '2016-07-11 11:20:06', 1, 'admin', '', '', NULL, NULL, 0, '0000-00-00', NULL, NULL, NULL, 0, '0000-00-00', '0000-00-00', NULL, NULL),
(18, 'SOURCE', '', '', '', '', '', '2016-07-11 11:43:35', 1, 'admin', '', '', 4, 2, 0, '0000-00-00', NULL, NULL, NULL, 0, '0000-00-00', '0000-00-00', NULL, NULL),
(19, 'Incident #106', '', '', 'Trees blocking run way view', '<p>causes</p>', 'ronald', '2016-07-26 16:21:06', 1, 'admin', '', '<p>safety recommendations</p>', 1, 106, 0, '0000-00-00', NULL, NULL, NULL, 0, '0000-00-00', '0000-00-00', NULL, NULL),
(20, 'Hazard #222', '', '', 'Crossing 12/30', 'vehicles keep crossing', NULL, '2016-08-23 11:13:18', 1, '2', NULL, 'Widen Perimeter Road', NULL, NULL, 0, '0000-00-00', NULL, NULL, NULL, 0, '0000-00-00', '0000-00-00', NULL, NULL),
(21, 'Hazard #226', '', '', 'Crossing 12/30', 'vehicles keep crossing', NULL, '2016-10-05 08:44:21', 1, '2', NULL, 'Mitigation', NULL, NULL, 0, '0000-00-00', NULL, NULL, NULL, 0, '0000-00-00', '0000-00-00', NULL, NULL),
(22, 'Aircraft Incident Investigation #1', '', '', '<p>Going around due to runway incursion</p>', '<p>Some information here</p>', 'ronald', '2016-10-08 03:05:36', 1, 'admin', '<p>remark</p>', '<p>Some informatoin on safety recommendation</p>', 6, 1, 0, '0000-00-00', NULL, NULL, NULL, 0, '0000-00-00', '0000-00-00', NULL, NULL),
(23, '', '', '', NULL, NULL, 'ronald', '2016-10-08 04:30:16', 1, 'admin', 'remark', 'some info', NULL, NULL, 0, '0000-00-00', NULL, NULL, NULL, 0, '0000-00-00', '0000-00-00', NULL, NULL),
(24, '', '', '', NULL, NULL, 'ronald', '2016-10-08 04:36:10', 1, 'admin', 'remark', 'some info', 6, 1, 0, '0000-00-00', NULL, NULL, NULL, 0, '0000-00-00', '0000-00-00', NULL, NULL),
(25, 'CAP #8', '', '', 'DANS SMS INTERNAL AUDIT PLAN July 2016', '<p>Root Cause Analysis of Non-conformance</p>', '<p>Suggested corrective action</p>', '2016-10-08 07:51:39', 1, '2', NULL, 'DANS SMS INTERNAL AUDIT PLAN July 2016', NULL, NULL, 0, '0000-00-00', NULL, NULL, NULL, 0, '0000-00-00', '0000-00-00', NULL, NULL),
(26, 'CAP #9', '', '', 'sms INTERNAL eVALUATION', '<p>Root Cause Analysis of Non-conformance</p>', '<p>Suggested corrective action</p>', '2016-10-08 07:54:24', 1, '2', NULL, 'sms INTERNAL eVALUATION', 5, 9, 0, '0000-00-00', NULL, NULL, NULL, 0, '0000-00-00', '0000-00-00', NULL, NULL),
(27, 'CAP #10', '', '', 'SAMPLE AUDIT PLAN', '<p>cause</p>', '<p>action</p>', '2016-10-08 08:15:11', 1, 'admin', NULL, 'SAMPLE AUDIT PLAN', 5, 10, 9, '2015-12-12', NULL, NULL, NULL, 0, '0000-00-00', '0000-00-00', NULL, NULL),
(28, 'Hazard #216', '', '', 'Breakdown in UTL links to upcountry VERN radios ', 'UTL links to upcountry VERN radios have been down since 0202 on 19/01/2016 . All communication to pilots has been affected.', NULL, '2016-10-08 08:37:29', 1, '2', NULL, 'Hazard safety requirement', NULL, NULL, 0, '0000-00-00', NULL, NULL, NULL, 0, '0000-00-00', '0000-00-00', NULL, NULL),
(29, 'HAZARD #216', '', '', 'Breakdown in UTL links to upcountry VERN radios ', '', 'We need to implement a redundant link  for second  ISP to improve reliability of the VERN network.', '2016-10-08 08:37:45', 1, 'admin', NULL, 'We need to implement a redundant link  for second  ISP to improve reliability of the VERN network.', 1, 216, 7, '2016-10-08', NULL, NULL, NULL, 0, '0000-00-00', '0000-00-00', NULL, NULL),
(30, 'Hazard #216', '', '', 'Breakdown in UTL links to upcountry VERN radios ', 'UTL links to upcountry VERN radios have been down since 0202 on 19/01/2016 . All communication to pilots has been affected.', NULL, '2016-10-08 08:39:12', 1, '2', NULL, 'Hazard safety requirement', NULL, NULL, 0, '0000-00-00', NULL, NULL, NULL, 0, '0000-00-00', '0000-00-00', NULL, NULL),
(31, 'HAZARD #216', '', '', 'Breakdown in UTL links to upcountry VERN radios ', '', 'We need to implement a redundant link  for second  ISP to improve reliability of the VERN network.', '2016-10-08 08:39:23', 1, 'admin', NULL, 'We need to implement a redundant link  for second  ISP to improve reliability of the VERN network.', 1, 216, 7, '2016-10-08', NULL, NULL, NULL, 0, '0000-00-00', '0000-00-00', NULL, NULL),
(32, 'Hazard #216', '', '', 'Breakdown in UTL links to upcountry VERN radios ', 'UTL links to upcountry VERN radios have been down since 0202 on 19/01/2016 . All communication to pilots has been affected.', NULL, '2016-10-08 08:41:07', 1, '2', NULL, 'Hazard safety requirement', NULL, NULL, 0, '0000-00-00', NULL, NULL, NULL, 0, '0000-00-00', '0000-00-00', NULL, NULL),
(33, 'HAZARD #216', '', '', 'Breakdown in UTL links to upcountry VERN radios ', '<ol><li></li><li></li></ol>', 'We need to implement a redundant link  for second  ISP to improve reliability of the VERN network.', '2016-10-08 08:41:16', 1, 'admin', NULL, 'We need to implement a redundant link  for second  ISP to improve reliability of the VERN network.', 1, 216, 4, '2016-10-19', NULL, NULL, NULL, 0, '0000-00-00', '0000-00-00', NULL, NULL),
(34, 'Hazard #216', '', '', 'Breakdown in UTL links to upcountry VERN radios ', 'UTL links to upcountry VERN radios have been down since 0202 on 19/01/2016 . All communication to pilots has been affected.', NULL, '2016-10-08 08:43:12', 1, '2', NULL, 'Hazard safety requirement', NULL, NULL, 0, '0000-00-00', NULL, NULL, NULL, 0, '0000-00-00', '0000-00-00', NULL, NULL),
(35, 'HAZARD #216', '', '', 'Breakdown in UTL links to upcountry VERN radios ', '<ol><li>Sub Category B</li><li>Sub Category B</li></ol>', 'We need to implement a redundant link  for second  ISP to improve reliability of the VERN network.', '2016-10-08 08:43:25', 1, 'admin', NULL, 'We need to implement a redundant link  for second  ISP to improve reliability of the VERN network.', 1, 216, 9, '2016-10-08', NULL, NULL, NULL, 0, '0000-00-00', '0000-00-00', NULL, NULL),
(36, 'Hazard #224', '', '', 'Crossing 12/30', 'vehicles keep crossing', NULL, '2016-10-10 09:05:21', 1, '2', NULL, 'Synchronize the GPS and tsp times', NULL, NULL, 0, '0000-00-00', NULL, NULL, NULL, 0, '0000-00-00', '0000-00-00', NULL, NULL),
(37, 'HAZARD #224', '', '', 'Crossing 12/30', '', 'Stop vehicles crossing RWY 12/30', '2016-10-10 09:05:30', 1, 'admin', NULL, 'Stop vehicles crossing RWY 12/30', 1, 224, 10, '2016-10-13', NULL, NULL, NULL, 0, '0000-00-00', '0000-00-00', NULL, NULL),
(38, 'AIRCRAFT INVESTIGATIN #4', '', '', '<p>DESCRIPTION</p>', '', 'some safety recommendation', '2016-10-11 06:44:27', 1, 'admin', NULL, 'some safety recommendation', 6, 4, 2, '0000-00-00', NULL, NULL, NULL, 0, '0000-00-00', '0000-00-00', NULL, NULL),
(39, 'AIRCRAFT INVESTIGATIN #4', '', '', '<p>DESCRIPTION</p>', '', 'some safety recommendation', '2016-10-11 07:23:56', 1, 'admin', NULL, 'some safety recommendation', 6, 4, 3, '0000-00-00', 3, NULL, NULL, 0, '0000-00-00', '0000-00-00', NULL, NULL),
(40, 'AIRCRAFT INVESTIGATIN #4', '', '', '<p>DESCRIPTION</p>', '', 'some safety recommendation', '2016-10-11 07:27:04', 1, 'admin', NULL, 'some safety recommendation', 6, 4, 6, '2016-10-31', 3, NULL, NULL, 0, '0000-00-00', '0000-00-00', NULL, NULL),
(41, 'AIRCRAFT INVESTIGATIN #5', '', '', 'Crossing 12/30', '', 'Please refer to the past reports', '2016-10-11 09:23:30', 1, 'admin', NULL, 'Please refer to the past reports', 6, 5, 6, '2016-10-11', 3, NULL, NULL, 0, '0000-00-00', '0000-00-00', NULL, NULL),
(42, 'CAP #11', 'CAP', '', 'plan a', '<p>root cause analysus34 nj</p>', '<p>actions... from above</p>', '2016-10-13 19:21:50', 1, 'admin', NULL, '<p>actions... from above</p>', 5, 11, 6, '2016-10-25', 3, NULL, NULL, 0, '0000-00-00', '0000-00-00', NULL, NULL),
(43, 'N/A', '', '', 'General source', '<p>has causes of</p>', 'mitigation', '2016-10-13 20:26:19', 1, 'admin', '<p>some info</p>', '<p>safety recommendatin or mitigation</p>', NULL, NULL, 0, '0000-00-00', NULL, NULL, NULL, 0, '0000-00-00', '0000-00-00', NULL, NULL),
(44, 'N/A', '', '', 'es', '<p>ds</p>', 'sa', '2016-10-13 20:33:22', 1, 'admin', '<p>sa</p>', '<p>skas</p>', NULL, NULL, 0, '0000-00-00', NULL, NULL, NULL, 0, '0000-00-00', '0000-00-00', NULL, NULL),
(45, 'INCIDENT INVESTIGATION #227', 'SR', '', 'Crossing 12/30', '', 'aircraft investigation sr', '2016-11-02 12:30:58', 1, 'admin', NULL, 'aircraft investigation sr', 6, 227, 1, '2016-10-14', 3, NULL, NULL, 1, '0000-00-00', '0000-00-00', NULL, NULL),
(46, 'INCIDENT #106', 'SR', '', 'Trees blocking run way view', '', 'Please refer to the past reports', '2016-11-02 15:55:02', 1, 'guest', NULL, 'Please refer to the past reports', 6, 106, 3, '2016-10-16', 10, NULL, NULL, 1, '0000-00-00', '0000-00-00', NULL, NULL),
(47, 'INCIDENT #106', 'SR', '', 'Trees blocking run way view', '', 'Please refer to the past reports', '2016-11-02 10:49:14', 1, 'guest', NULL, 'Please refer to the past reports', 6, 106, 1, '2016-10-16', 10, NULL, NULL, 1, '0000-00-00', '0000-00-00', NULL, NULL),
(48, 'INCIDENT #227', 'SR', '', 'Crossing 12/30', '', 'Please refer to the past reports', '2016-11-02 12:31:31', 1, 'guest', NULL, 'Please refer to the past reports', 6, 227, 1, '2016-10-16', 10, NULL, NULL, 1, '0000-00-00', '0000-00-00', NULL, NULL),
(49, 'INCIDENT #105', 'SR', '', 'Trees blocking run way view', '', 'some safety recommendation', '2016-10-16 21:19:27', 1, 'admin', NULL, 'some safety recommendation', 6, 105, 10, '2016-10-16', 10, NULL, NULL, 0, '0000-00-00', '0000-00-00', NULL, NULL),
(50, 'INS/S/102/16', 'SR', '', 'Trees blocking run way view', '', 'aircraft investigation sr', '2016-10-16 21:26:56', 1, 'admin', NULL, 'aircraft investigation sr', 6, 102, 4, '2016-10-16', 10, NULL, NULL, 0, '0000-00-00', '0000-00-00', NULL, NULL),
(51, 'Hazard #233', '', '', 'approach non radar OJT at the ACC position', 'It becomes impossible to properly supervise approach trainees especially when the traffic volumes are high. It becomes worse when the area traffic is busy calling and yet theres approach traffic.', NULL, '2016-10-16 21:34:03', 1, '2', NULL, 'Synchronize the GPS and tsp times', NULL, NULL, 0, '0000-00-00', NULL, NULL, NULL, 0, '0000-00-00', '0000-00-00', NULL, NULL),
(52, 'HZD/AV-233/16', 'HAZARD', '', 'approach non radar OJT at the ACC position', '', 'whenever there is approach non radar ojt, it should be moved to the radar position since the appraoch radar controllers are still qualified in approach procedural', '2016-10-16 21:34:04', 1, 'admin', NULL, 'whenever there is approach non radar ojt, it should be moved to the radar position since the appraoch radar controllers are still qualified in approach procedural', 1, 233, 7, '2016-10-16', 10, NULL, NULL, 0, '0000-00-00', '0000-00-00', NULL, NULL),
(53, 'Hazard #233', '', '', 'approach non radar OJT at the ACC position', 'It becomes impossible to properly supervise approach trainees especially when the traffic volumes are high. It becomes worse when the area traffic is busy calling and yet theres approach traffic.', NULL, '2016-10-16 21:39:43', 1, '2', NULL, 'Synchronize the GPS and tsp times', NULL, NULL, 0, '0000-00-00', NULL, NULL, NULL, 0, '0000-00-00', '0000-00-00', NULL, NULL),
(54, 'HZD/AV-233/16', 'HAZARD', '', 'approach non radar OJT at the ACC position', '', 'whenever there is approach non radar ojt, it should be moved to the radar position since the appraoch radar controllers are still qualified in approach procedural', '2016-10-16 21:39:44', 1, 'admin', NULL, 'whenever there is approach non radar ojt, it should be moved to the radar position since the appraoch radar controllers are still qualified in approach procedural', 1, 233, 5, '2016-10-16', 10, NULL, NULL, 0, '0000-00-00', '0000-00-00', NULL, NULL),
(55, 'CAP #12', 'CAP', '', 'SAMPLE AUDIT PLAN', NULL, NULL, '2016-11-02 11:05:38', 1, 'admin', NULL, NULL, 5, 12, 0, '0000-00-00', 10, NULL, NULL, 1, '0000-00-00', '0000-00-00', NULL, NULL),
(56, 'System Analysis', 'System Analysis', '', 'Details', '<p>Causes</p>', 'Mitigation', '2016-10-17 15:18:02', 1, 'admin', '<p>Remarks</p>', '<p>Safety Recommendation</p>', 7, NULL, 0, '0000-00-00', NULL, NULL, NULL, 0, '0000-00-00', '0000-00-00', NULL, NULL),
(57, 'Monthly Workshop', 'Monthly Workshop', '', 'Details', '<p>Causes</p>', 'Mitigation', '2016-10-17 15:22:49', 1, 'admin', '<p>Remarks</p>', '<p>Safety Recommendaiton</p>', 7, NULL, 0, '0000-00-00', NULL, NULL, NULL, 0, '0000-00-00', '0000-00-00', NULL, NULL),
(58, 'Annual Workshop', 'Annual Workshop', '', 'Details', '<p>Causes</p>', 'Mitigation', '2016-10-17 15:25:58', 1, 'admin', '<p>Remarks</p>', '<p>Safety Recommendation</p>', 7, NULL, 9, '2016-10-18', NULL, NULL, NULL, 0, '0000-00-00', '0000-00-00', NULL, NULL),
(59, 'Annual Workshop', 'Annual Workshop', '', 'Safety Concern', '<p>Causes</p>', NULL, '2016-10-19 05:33:11', 1, 'admin', '<p>Remarks</p>', '<p>Safety Recommendation</p>', 7, NULL, 1, '2016-10-18', NULL, NULL, NULL, 0, '0000-00-00', '0000-00-00', NULL, NULL),
(60, 'Monthly Workshop', 'Monthly Workshop', 'Source Detail', 'Safety Concern', '<p>Causes</p>', NULL, '2016-10-19 06:00:34', 1, 'admin', '<p>Remarks</p>', '<p>Safety Recommendation</p>', 7, NULL, 7, '2016-10-18', 10, NULL, 10, 0, '0000-00-00', '0000-00-00', NULL, NULL),
(61, 'INC/-227/16', 'SR', '', 'Crossing 12/30', '', 'SOME RECOMENDATION XS', '2016-11-02 10:40:16', 1, 'admin', NULL, 'SOME RECOMENDATION XS', 6, 227, 3, '2016-10-25', 2, NULL, NULL, 1, '0000-00-00', '0000-00-00', NULL, NULL),
(62, 'Hazard #235', '', '', 'No argonmic chairs', 'Seats provided are not agnomic which is hazardous to officers health.', NULL, '2016-10-27 10:43:14', 1, '2', NULL, 'Mitigation', NULL, NULL, 0, '0000-00-00', NULL, NULL, NULL, 0, '0000-00-00', '0000-00-00', NULL, NULL),
(63, 'ISSUE-235/16', 'HAZARD', '', 'No argonmic chairs', '', 'Provide Agnomic chairs.', '2016-10-27 10:43:15', 1, 'admin', NULL, 'Provide Agnomic chairs.', 1, 235, 1, '2016-10-27', 2, NULL, NULL, 0, '0000-00-00', '0000-00-00', NULL, NULL),
(64, 'Hazard #234', '', '', 'Foul smell at tower complex', 'There is a foul smell that is diffusing into the Tower complex from the septic tank', NULL, '2016-10-27 14:35:07', 1, '2', NULL, 'abcd', NULL, NULL, 0, '0000-00-00', NULL, NULL, NULL, 0, '0000-00-00', '0000-00-00', NULL, NULL),
(65, 'ISSUE-234/16', 'HAZARD', '', 'Foul smell at tower complex', '', 'Provide better breathers for the septic tank and seal off all air leaks', '2016-11-03 12:26:07', 1, 'admin', NULL, 'Provide better breathers for the septic tank and seal off all air leaks', 1, 234, 1, '2016-10-27', 2, NULL, NULL, 1, '0000-00-00', '0000-00-00', NULL, NULL),
(66, 'Hazard #234', '', '', 'Foul smell at tower complex', 'There is a foul smell that is diffusing into the Tower complex from the septic tank', NULL, '2016-10-27 14:39:46', 1, '2', NULL, 'abcd', NULL, NULL, 0, '0000-00-00', NULL, NULL, NULL, 0, '0000-00-00', '0000-00-00', NULL, NULL),
(67, 'ISSUE-234/16', 'HAZARD', '', 'Foul smell at tower complex', '', 'abcd', '2016-11-02 10:47:19', 1, 'admin', NULL, 'Provide better breathers for the septic tank and seal off all air leaks', 1, 234, 1, '2016-10-27', 2, NULL, NULL, 1, '0000-00-00', '0000-00-00', NULL, NULL),
(68, 'Hazard #234', '', '', 'Foul smell at tower complex', 'There is a foul smell that is diffusing into the Tower complex from the septic tank', NULL, '2016-10-27 14:41:26', 1, '2', NULL, 'abcd', NULL, NULL, 0, '0000-00-00', NULL, NULL, NULL, 0, '0000-00-00', '0000-00-00', NULL, NULL),
(69, 'ISSUE-234/16', 'HAZARD', '', 'Foul smell at tower complex', '', 'abcd', '2016-11-02 11:45:53', 1, 'admin', NULL, 'abcd', 1, 234, 1, '2016-10-27', 2, NULL, NULL, 1, '0000-00-00', '0000-00-00', NULL, NULL),
(70, 'ISSUE-234/16', 'HAZARD', '', 'Foul smell at tower complex', '', 'another one', '2016-11-02 10:47:36', 1, 'admin', NULL, 'another one', 1, 234, 1, '2016-10-28', 2, NULL, NULL, 1, '0000-00-00', '0000-00-00', NULL, NULL),
(71, 'CAP #13', 'CAP', '', 'SAMPLE AUDIT PLAN', NULL, '<p>SUGGESTED CORRECTIVE ACTION</p>', '2016-11-02 11:16:46', 1, 'admin', NULL, '<p>SUGGESTED CORRECTIVE ACTION</p>', 5, 13, 0, '0000-00-00', 2, NULL, NULL, 0, '0000-00-00', '0000-00-00', NULL, NULL),
(72, 'CAP #14', 'CAP', '', 'sms INTERNAL eVALUATION', '<p>ROOT CAUSE ANALYSIS</p>', NULL, '2016-11-02 11:20:48', 1, 'admin', NULL, NULL, 5, 14, 0, '0000-00-00', 2, NULL, NULL, 1, '0000-00-00', '0000-00-00', NULL, NULL),
(73, 'HZD/A/30/15', 'HAZARD', '', 'Runway is slippery', '', 'SAFETY REQUIREMENT 30', '2016-11-03 12:09:58', 1, 'admin', NULL, 'SAFETY REQUIREMENT 30', 1, 30, 1, '2016-11-03', 2, NULL, NULL, 1, '2016-11-01', '2016-11-04', NULL, NULL),
(74, 'CAP #15', 'CAP', '', 'DANS SMS INTERNAL AUDIT PLAN July 2016', NULL, NULL, '2016-11-02 21:00:00', 1, 'admin', NULL, NULL, 5, 15, 0, '0000-00-00', 2, NULL, NULL, 0, '0000-00-00', '0000-00-00', NULL, NULL),
(75, 'CAP #16', 'CAP', '', 'sms INTERNAL eVALUATION', NULL, NULL, '2016-11-03 14:56:58', 1, 'admin', NULL, NULL, 5, 16, 8, '0000-00-00', 2, NULL, NULL, 1, '2016-11-03', '2016-11-03', NULL, NULL),
(76, 'HZD/A/69/15', 'HAZARD', '', 'Deliberate strike of Tower operators', '', 'Synchronize the GPS and tsp times', '2016-11-03 14:56:41', 1, 'admin', NULL, 'Synchronize the GPS and tsp times', 1, 69, 1, '2016-11-03', 2, NULL, NULL, 1, '2016-11-03', '2016-11-03', NULL, NULL),
(77, 'INS/S/106/16', 'SR', '', 'Trees blocking run way view', '', 'some safety recommendation', '2016-11-03 16:07:59', 1, 'admin', NULL, 'some safety recommendation', 6, 106, 1, '2016-11-03', 2, NULL, NULL, 0, '0000-00-00', '2016-11-03', NULL, NULL),
(78, 'System Analysis', 'System Analysis', 'Source Detail', 'Safety Concern', '<p>Causes</p>', NULL, '2016-11-03 16:10:52', 1, 'admin', '<p>Remarks</p>', '<p>Safety Recommendation</p>', 7, NULL, 1, '2016-10-18', 2, NULL, 2, 0, '0000-00-00', '0000-00-00', 2, NULL),
(79, 'ICVM', 'ICVM', 'Source Detail', 'Safety Concern', '<p>Causes</p>', NULL, '2016-11-03 16:34:16', 1, 'admin', '<p>Remarks</p>', '<p>Safety Recommendation</p>', 7, NULL, 1, '2016-10-18', 2, NULL, 2, 1, '0000-00-00', '2016-11-03', 2, NULL),
(80, 'Annual Workshop', 'Annual Workshop', 'Source Detail', 'Safety Concern', '<p>Causes</p>', NULL, '2016-11-03 16:36:15', 1, 'admin', '<p>Remarks</p>', '<p>Safety Recommendation</p>', 7, NULL, 1, '2016-10-18', 2, NULL, 2, 1, '2016-11-03', '2016-11-03', 2, NULL),
(81, 'System Analysis', 'System Analysis', 'Source Detail', 'Safety Concern', '<p>causes</p>', NULL, '2016-12-01 16:27:07', 1, 'admin', '<p>remak</p>', '<p>safety recommendation</p>', 7, NULL, 1, '2016-10-18', 2, NULL, 2, 0, '0000-00-00', '2016-12-01', 2, NULL),
(82, 'ICVM', 'ICVM', 'Source Detail', '', '', NULL, '2016-12-01 16:31:01', 1, 'admin', '', '', 7, NULL, 1, '0000-00-00', 2, NULL, 2, 0, '0000-00-00', '2016-12-01', 2, 1),
(83, 'CAP #17', 'CAP', '', NULL, NULL, NULL, '2016-12-01 21:00:00', 1, 'admin', NULL, NULL, 5, 17, 0, '0000-00-00', 1, NULL, NULL, 0, '0000-00-00', '2016-12-02', NULL, NULL),
(84, 'CAP #18', 'CAP', '', NULL, NULL, NULL, '2016-12-01 21:00:00', 1, 'admin', NULL, NULL, 5, 18, 0, '0000-00-00', 2, NULL, NULL, 0, '0000-00-00', '2016-12-02', NULL, NULL),
(85, 'CAP #19', 'CAP', '', 'DANS SMS INTERNAL AUDIT PLAN July 2016', NULL, NULL, '2016-12-04 21:00:00', 1, 'admin', NULL, NULL, 5, 19, 0, '0000-00-00', 2, NULL, NULL, 0, '0000-00-00', '2016-12-05', NULL, NULL),
(86, 'CAP #20', 'CAP', '', 'SAMPLE AUDIT PLAN', NULL, NULL, '2016-12-04 21:00:00', 1, 'admin', NULL, NULL, 5, 20, 0, '0000-00-00', 2, NULL, NULL, 0, '0000-00-00', '2016-12-05', NULL, 1),
(87, '', 'SR', '', 'The floor in the tower is slippery', '', 'Please refer to the past reports', '2016-12-05 10:14:02', 1, 'admin', NULL, 'Please refer to the past reports', 6, 15, 4, '2016-12-05', 2, NULL, NULL, 0, '0000-00-00', '2016-12-05', NULL, 1),
(88, '', 'HAZARD', '', 'There is too much heat in tower due lack of airconditioning. This causes headache, low performance and sometimes we get dizzy and feel like faiting. This has gone on for a very long time and it gets worse day by day.', '', 'abcd', '2016-12-05 10:23:45', 1, 'admin', NULL, 'abcd', 1, 1, 1, '2016-12-05', 2, NULL, NULL, 0, '0000-00-00', '2016-12-05', NULL, 1),
(89, '', 'HAZARD', '', 'Runway is slippery', '', 'Hazard safety requirement', '2016-12-05 10:26:38', 1, 'admin', NULL, 'Hazard safety requirement', 1, 20, 1, '2016-12-05', 2, NULL, NULL, 0, '0000-00-00', '2016-12-05', NULL, 1),
(90, '', 'SR', '', 'There is too much heat in tower', '', 'something here', '2016-12-06 10:01:06', 1, 'admin', NULL, 'something here', 6, 2, 2, '2016-12-06', 14, NULL, NULL, 0, '0000-00-00', '2016-12-06', NULL, 1),
(91, 'CAP #21', 'CAP', '', 'TITLE OF AUDIT PLAN', '<p>ROOT CAUSE ANALYSIS</p>', '<p>SUGGESTED CORRECTIVE ACTION</p>', '2016-12-29 18:58:09', 1, 'admin', NULL, '<p>SUGGESTED CORRECTIVE ACTION</p>', 5, 21, 1, '2016-12-01', 2, NULL, NULL, 0, '0000-00-00', '2016-12-29', NULL, 1),
(92, 'CAP #22', 'CAP', '', NULL, NULL, '<p>SUGGESTED CORRECTIVE ACTION.</p>', '2016-12-30 02:58:32', 1, 'admin', NULL, '<p>SUGGESTED CORRECTIVE ACTION.</p>', 5, 22, 0, '0000-00-00', 2, NULL, NULL, 0, '0000-00-00', '2016-12-30', NULL, 1),
(93, '', 'SR', '', 'A track broke down on the runway', '', 'Purchase new tracks and equipment', '2017-01-09 04:59:13', 1, 'admin', NULL, 'Purchase new tracks and equipment', 6, 7, 1, '2017-01-09', 1, NULL, NULL, 0, '0000-00-00', '2017-01-09', NULL, 1);

-- --------------------------------------------------------

--
-- Table structure for table `safety_requirements`
--

CREATE TABLE IF NOT EXISTS `safety_requirements` (
  `id` int(11) NOT NULL AUTO_INCREMENT,
  `mitigation` varchar(256) NOT NULL,
  `time_frame` varchar(128) NOT NULL,
  `modified` timestamp NOT NULL DEFAULT CURRENT_TIMESTAMP ON UPDATE CURRENT_TIMESTAMP,
  `status` tinyint(4) NOT NULL DEFAULT '1',
  `incident_id` int(11) DEFAULT NULL,
  `predicted_residual_risk` varchar(256) NOT NULL,
  `consequence` int(11) NOT NULL,
  `reported_by` varchar(32) NOT NULL,
  `priority` int(11) NOT NULL,
  `officer` int(11) DEFAULT NULL,
  `current_user` int(11) DEFAULT NULL,
  `current_user_id` int(11) DEFAULT NULL,
  PRIMARY KEY (`id`),
  KEY `incident_id` (`incident_id`)
) ENGINE=InnoDB  DEFAULT CHARSET=latin1 AUTO_INCREMENT=39 ;

--
-- Dumping data for table `safety_requirements`
--

INSERT INTO `safety_requirements` (`id`, `mitigation`, `time_frame`, `modified`, `status`, `incident_id`, `predicted_residual_risk`, `consequence`, `reported_by`, `priority`, `officer`, `current_user`, `current_user_id`) VALUES
(1, 'Increased supervision', '', '2015-08-04 12:41:32', 1, NULL, '', 0, '', 0, NULL, NULL, NULL),
(2, 'Increased supervision', '', '2015-08-04 12:43:31', 1, 14, '1B', 0, '', 0, NULL, NULL, NULL),
(3, 'Increased supervision', '2 weeks', '2015-08-10 15:00:03', 1, 39, '1B', 0, 'admin', 0, NULL, NULL, NULL),
(4, 'Increased supervision', '2 weeks', '2015-08-11 07:06:15', 1, 37, '1B', 0, 'admin', 0, NULL, NULL, NULL),
(5, 'a', 'a', '2015-10-01 12:07:31', 1, 67, 'a', 0, 'admin', 0, NULL, NULL, NULL),
(6, 'bbb', '12 months', '2015-11-08 13:19:11', 1, 40, 'd', 0, 'admin', 0, NULL, NULL, NULL),
(7, 'bbb', '12 months', '2015-11-08 13:21:03', 1, 40, 'd', 0, 'admin', 0, NULL, NULL, NULL),
(8, 'z', '3 months', '2015-12-16 09:31:11', 1, 88, '5A', 0, 'sms', 0, NULL, NULL, NULL),
(9, 'q', '1', '2016-01-13 07:24:01', 1, 50, '1', 0, 'admin', 0, NULL, NULL, NULL),
(10, 'asd', 'sad', '2016-01-16 12:58:58', 1, 71, 'dsad', 0, 'admin', 0, NULL, NULL, NULL),
(11, 'ad', 'sad', '2016-01-16 13:09:34', 1, 71, 'dsad', 0, 'admin', 0, NULL, NULL, NULL),
(12, 'sada', 'dsad', '2016-01-16 13:09:42', 1, 71, 'dsadad', 0, 'admin', 0, NULL, NULL, NULL),
(13, 'test', 'test', '2016-01-16 13:18:17', 1, 71, '5A', 0, 'admin', 0, NULL, NULL, NULL),
(14, 'test', 'test', '2016-01-16 13:20:09', 1, 71, '4A', 0, 'admin', 0, NULL, NULL, NULL),
(15, 'ads', 'sad', '2016-01-26 11:59:23', 1, 98, '4A', 30, 'admin', 0, NULL, NULL, NULL),
(16, 'test', '2days', '2016-02-09 07:31:31', 1, 99, '1E', 43, 'admin', 0, NULL, NULL, NULL),
(17, 'B-1', '2 months', '2016-02-09 07:36:30', 1, 86, '2B', 44, 'admin', 0, NULL, NULL, NULL),
(18, 'B-1', '2 months', '2016-02-09 07:37:34', 1, 86, '2B', 44, 'admin', 0, NULL, NULL, NULL),
(19, 'B-1', '2years', '2016-02-09 07:41:06', 1, 86, '1C', 44, 'admin', 0, NULL, NULL, NULL),
(20, 'sleeping', '2 weeks', '2016-02-09 08:16:22', 1, 83, '2C', 42, 'admin', 0, NULL, NULL, NULL),
(21, 'test', '2hours', '2016-02-19 08:46:13', 1, 48, '1A', 47, 'admin', 0, NULL, NULL, NULL),
(22, 'Cut Down Trees', '2days', '2016-02-19 10:13:42', 1, 77, '1A', 24, 'admin', 0, NULL, NULL, NULL),
(23, 'Cut Down Trees', '2days', '2016-02-19 10:14:30', 1, 77, '1A', 24, 'admin', 0, NULL, NULL, NULL),
(24, 'demolish building with immediate effect or suspend operations', 'immediately', '2016-08-03 08:34:07', 1, 215, '', 0, 'admin', 1, NULL, NULL, NULL),
(25, 'buy new ear phones', '3 weeks', '2016-08-23 10:53:31', 1, 185, '', 0, 'admin', 1, NULL, NULL, NULL),
(26, 'Widen Perimeter Road', '1 year', '2016-08-23 11:13:18', 1, 222, '', 0, 'admin', 1, NULL, NULL, NULL),
(27, 'Mitigation', '2016-10-05', '2016-10-05 08:44:20', 1, 226, '', 0, 'admin', 2, 3, NULL, NULL),
(28, 'Hazard safety requirement', '2016-10-08', '2016-10-08 08:37:29', 1, 216, '', 0, 'admin', 7, 3, NULL, NULL),
(29, 'Hazard safety requirement', '2016-10-08', '2016-10-08 08:39:12', 1, 216, '', 0, 'admin', 7, 3, NULL, NULL),
(30, 'Hazard safety requirement', '2016-10-19', '2016-10-08 08:41:07', 1, 216, '', 0, 'admin', 4, 3, NULL, NULL),
(31, 'Hazard safety requirement', '2016-10-08', '2016-10-08 08:43:12', 1, 216, '', 0, 'admin', 9, 3, NULL, NULL),
(32, 'Synchronize the GPS and tsp times', '2016-10-13', '2016-10-10 09:05:21', 1, 224, '', 0, 'admin', 10, 3, NULL, NULL),
(33, 'Synchronize the GPS and tsp times', '2016-10-16', '2016-10-16 21:34:03', 1, 233, '', 0, 'admin', 7, 10, NULL, NULL),
(34, 'Synchronize the GPS and tsp times', '2016-10-16', '2016-10-16 21:39:43', 1, 233, '', 0, 'admin', 5, 10, NULL, NULL),
(35, 'Mitigation', '2016-10-27', '2016-10-27 10:43:13', 1, 235, '', 0, 'admin', 1, 2, NULL, NULL),
(36, 'abcd', '2016-10-27', '2016-10-27 14:35:07', 1, 234, '', 0, 'admin', 1, 2, NULL, NULL),
(37, 'abcd', '2016-10-27', '2016-10-27 14:39:46', 1, 234, '', 0, 'admin', 1, 2, NULL, NULL),
(38, 'abcd', '2016-10-27', '2016-10-27 14:41:26', 1, 234, '', 0, 'admin', 1, 2, NULL, NULL);

-- --------------------------------------------------------

--
-- Table structure for table `safety_requirements_next_review_dates`
--

CREATE TABLE IF NOT EXISTS `safety_requirements_next_review_dates` (
  `id` int(11) NOT NULL AUTO_INCREMENT,
  `safety_requirement_id` int(11) DEFAULT NULL,
  `next_review_date` date NOT NULL,
  `comment` varchar(256) NOT NULL,
  `modified` timestamp NOT NULL,
  `status` tinyint(4) NOT NULL DEFAULT '1',
  PRIMARY KEY (`id`),
  KEY `safety_requirement_id` (`safety_requirement_id`)
) ENGINE=InnoDB  DEFAULT CHARSET=latin1 AUTO_INCREMENT=8 ;

--
-- Dumping data for table `safety_requirements_next_review_dates`
--

INSERT INTO `safety_requirements_next_review_dates` (`id`, `safety_requirement_id`, `next_review_date`, `comment`, `modified`, `status`) VALUES
(1, 61, '2016-10-31', 'No comment', '0000-00-00 00:00:00', 1),
(2, 61, '2016-10-29', 'No comment', '0000-00-00 00:00:00', 1),
(3, 67, '2016-10-31', 'How abpout commeing', '0000-00-00 00:00:00', 1),
(4, 48, '2016-10-30', '', '0000-00-00 00:00:00', 1),
(5, 37, '2016-10-31', '', '0000-00-00 00:00:00', 1),
(7, 27, '2016-10-28', 'How abpout commeing', '0000-00-00 00:00:00', 1);

-- --------------------------------------------------------

--
-- Table structure for table `safety_requirements_review_dates`
--

CREATE TABLE IF NOT EXISTS `safety_requirements_review_dates` (
  `id` int(11) NOT NULL AUTO_INCREMENT,
  `safety_requirement_id` int(11) DEFAULT NULL,
  `date_reviewed` date NOT NULL,
  `comment` varchar(256) NOT NULL,
  `modified` timestamp NOT NULL,
  `status` tinyint(4) NOT NULL DEFAULT '1',
  PRIMARY KEY (`id`),
  KEY `safety_requirement_id` (`safety_requirement_id`)
) ENGINE=InnoDB  DEFAULT CHARSET=latin1 AUTO_INCREMENT=6 ;

--
-- Dumping data for table `safety_requirements_review_dates`
--

INSERT INTO `safety_requirements_review_dates` (`id`, `safety_requirement_id`, `date_reviewed`, `comment`, `modified`, `status`) VALUES
(1, 61, '2016-10-25', 'Some comment', '0000-00-00 00:00:00', 1),
(2, 70, '2016-11-30', 'There is some comment here', '0000-00-00 00:00:00', 1),
(3, 48, '2016-09-01', 'Some comment', '0000-00-00 00:00:00', 1),
(4, 37, '2016-10-28', '', '0000-00-00 00:00:00', 1),
(5, 27, '2016-10-29', 'There is some comment here', '0000-00-00 00:00:00', 1);

-- --------------------------------------------------------

--
-- Table structure for table `severities`
--

CREATE TABLE IF NOT EXISTS `severities` (
  `id` int(11) NOT NULL AUTO_INCREMENT,
  `name` varchar(256) NOT NULL,
  `value` varchar(8) NOT NULL,
  `current_user` int(11) DEFAULT NULL,
  `current_user_id` int(11) DEFAULT NULL,
  PRIMARY KEY (`id`)
) ENGINE=InnoDB  DEFAULT CHARSET=latin1 AUTO_INCREMENT=6 ;

--
-- Dumping data for table `severities`
--

INSERT INTO `severities` (`id`, `name`, `value`, `current_user`, `current_user_id`) VALUES
(1, 'Catastrophic', 'A', NULL, NULL),
(2, 'Hazardous', 'B', NULL, NULL),
(3, 'Major', 'C', NULL, NULL),
(4, 'Minor', 'D', NULL, NULL),
(5, 'Negligible', 'E', NULL, NULL);

-- --------------------------------------------------------

--
-- Table structure for table `severity`
--

CREATE TABLE IF NOT EXISTS `severity` (
  `id` int(11) NOT NULL AUTO_INCREMENT,
  `severity` varchar(32) NOT NULL,
  `severity_rationale` varchar(256) NOT NULL,
  `likelihood` varchar(32) NOT NULL,
  `likelihood_rationale` varchar(256) NOT NULL,
  `modified` timestamp NOT NULL DEFAULT CURRENT_TIMESTAMP ON UPDATE CURRENT_TIMESTAMP,
  `status` tinyint(4) NOT NULL DEFAULT '1',
  `incident_id` int(11) DEFAULT NULL,
  `reported_by` varchar(32) NOT NULL,
  `current_user` int(11) DEFAULT NULL,
  `current_user_id` int(11) DEFAULT NULL,
  PRIMARY KEY (`id`),
  KEY `incident_id` (`incident_id`)
) ENGINE=InnoDB  DEFAULT CHARSET=latin1 AUTO_INCREMENT=14 ;

--
-- Dumping data for table `severity`
--

INSERT INTO `severity` (`id`, `severity`, `severity_rationale`, `likelihood`, `likelihood_rationale`, `modified`, `status`, `incident_id`, `reported_by`, `current_user`, `current_user_id`) VALUES
(1, 'B', 'Large reduction in safety margins', '4', 'Likely to occur some times', '2015-08-04 12:07:27', 1, 14, '', NULL, NULL),
(2, 'B', 'Large reduction in safety margins', '4', 'Likely to occur some times', '2015-08-10 14:57:32', 1, 39, 'admin', NULL, NULL),
(3, 'B', 'Large reduction in safety margins', '4', 'Likely to occur some times', '2015-08-11 07:00:48', 1, 37, 'admin', NULL, NULL),
(4, 'B', 'Major equipment damage', '4', 'Likely to occur sometimes (has occurred infrequently)', '2015-10-01 12:07:24', 1, 67, 'admin', NULL, NULL),
(5, 'A', 'Multiple deaths', '5', 'Unlikely to occur but possible (has occurred rarely)', '2015-10-01 12:39:13', 1, 1, 'admin', NULL, NULL),
(6, 'A', 'Little consequences', '4', 'Likely to occur sometimes (has occurred infrequently)', '2015-10-10 05:58:25', 1, 65, 'admin', NULL, NULL),
(7, 'A', 'Equipment destroyed', '5', 'Likely to occur many times (has occurred frequently)', '2016-01-13 06:35:20', 1, 50, 'admin', NULL, NULL),
(8, 'A', 'Equipment destroyed', '5', 'Likely to occur many times (has occurred frequently)', '2016-01-16 10:30:16', 1, 71, 'admin', NULL, NULL),
(9, 'A', 'Equipment destroyed', '5', 'Likely to occur many times (has occurred frequently)', '2016-01-20 04:08:02', 1, 61, 'admin', NULL, NULL),
(10, 'A', 'A large reduction in safety margins, physical distress or a workload such that the operators cannot be relied upon to perform their tasks accurately or completely', '5', 'Likely to occur many times (has occurred frequently)', '2016-01-20 04:08:09', 1, 61, 'admin', NULL, NULL),
(11, 'A', 'Equipment destroyed', '5', 'Likely to occur many times (has occurred frequently)', '2016-01-29 06:03:39', 1, 64, 'admin', NULL, NULL),
(12, 'A', 'Equipment destroyed', '5', 'Likely to occur many times (has occurred frequently)', '2016-02-01 08:31:36', 1, 63, 'admin', NULL, NULL),
(13, 'B', 'Multiple deaths', '4', 'Likely to occur sometimes (has occurred infrequently)', '2016-06-18 23:22:27', 1, 114, 'admin', NULL, NULL);

-- --------------------------------------------------------

--
-- Table structure for table `severity_rationales`
--

CREATE TABLE IF NOT EXISTS `severity_rationales` (
  `id` int(11) NOT NULL AUTO_INCREMENT,
  `name` varchar(256) NOT NULL,
  `description` text,
  `severity_id` int(11) DEFAULT NULL,
  `current_user` int(11) DEFAULT NULL,
  `current_user_id` int(11) DEFAULT NULL,
  PRIMARY KEY (`id`)
) ENGINE=InnoDB  DEFAULT CHARSET=latin1 AUTO_INCREMENT=14 ;

--
-- Dumping data for table `severity_rationales`
--

INSERT INTO `severity_rationales` (`id`, `name`, `description`, `severity_id`, `current_user`, `current_user_id`) VALUES
(1, 'Equipment destroyed', 'Equipment destroyed', 1, NULL, NULL),
(2, 'Multiple deaths', 'Multiple deaths', 1, NULL, NULL),
(3, 'A large reduction in safety margins', 'A large reduction in safety margins, physical distress or a workload such that the operators cannot be relied upon to perform their tasks accurately or completely', 2, NULL, NULL),
(4, 'Serious injury', 'Serious injury', 2, NULL, NULL),
(5, 'Major equipment damage', 'Major equipment damage', 2, NULL, NULL),
(6, 'A significant reduction in safety margins', 'A significant reduction in safety margins, a reduction in the ability of the operators to cope with adverse operating conditions as a result of increase in workload, or as a result of conditions impairing their efficiency', 3, NULL, NULL),
(7, 'Serious incident', 'Serious incident', 3, NULL, NULL),
(8, 'Injury to persons', 'Injury to persons', 3, NULL, NULL),
(9, 'Nuisance', 'Nuisance', 4, NULL, NULL),
(10, 'Operating limitations', 'Operating limitations', 4, NULL, NULL),
(11, 'Use of emergency procedures', 'Use of emergency procedures', 4, NULL, NULL),
(12, 'Minor incident', 'Minor incident', 4, NULL, NULL),
(13, 'Little consequences', 'Little consequences', 5, NULL, NULL);

-- --------------------------------------------------------

--
-- Table structure for table `sitrep_categories`
--

CREATE TABLE IF NOT EXISTS `sitrep_categories` (
  `id` int(11) NOT NULL AUTO_INCREMENT,
  `name` varchar(256) NOT NULL,
  `status` tinyint(4) NOT NULL DEFAULT '1',
  `current_user` int(11) DEFAULT NULL,
  `current_user_id` int(11) DEFAULT NULL,
  PRIMARY KEY (`id`)
) ENGINE=InnoDB  DEFAULT CHARSET=latin1 AUTO_INCREMENT=14 ;

--
-- Dumping data for table `sitrep_categories`
--

INSERT INTO `sitrep_categories` (`id`, `name`, `status`, `current_user`, `current_user_id`) VALUES
(1, 'Missed approach', 1, NULL, NULL),
(2, 'Un stable approach', 1, NULL, NULL),
(3, 'Diversion', 1, NULL, NULL),
(4, 'Delay', 1, NULL, NULL),
(5, 'Airspace violation', 1, NULL, NULL),
(6, 'Runway incursion', 1, NULL, NULL),
(7, 'Airprox', 1, NULL, NULL),
(8, 'Bird Strike', 1, NULL, NULL),
(9, 'VVIP', 1, NULL, NULL),
(10, 'Cancelation of flight', 1, NULL, NULL),
(11, 'Equipment/Navaid malfunction', 1, NULL, NULL),
(12, 'Level burst', 1, NULL, NULL),
(13, 'Emergency', 1, NULL, NULL);

-- --------------------------------------------------------

--
-- Table structure for table `sitrep_causes`
--

CREATE TABLE IF NOT EXISTS `sitrep_causes` (
  `id` int(11) NOT NULL AUTO_INCREMENT,
  `name` varchar(256) NOT NULL,
  `status` tinyint(4) NOT NULL DEFAULT '1',
  `current_user` int(11) DEFAULT NULL,
  `current_user_id` int(11) DEFAULT NULL,
  PRIMARY KEY (`id`)
) ENGINE=InnoDB  DEFAULT CHARSET=latin1 AUTO_INCREMENT=11 ;

--
-- Dumping data for table `sitrep_causes`
--

INSERT INTO `sitrep_causes` (`id`, `name`, `status`, `current_user`, `current_user_id`) VALUES
(1, 'ATC error / Violation', 1, NULL, NULL),
(2, 'Pilot error / Violation', 1, NULL, NULL),
(3, 'Techincal', 1, NULL, NULL),
(4, 'Weather', 1, NULL, NULL),
(5, 'A/c on Rwy', 1, NULL, NULL),
(6, 'Vehicle / Object on RWY', 1, NULL, NULL),
(7, 'Fuel', 1, NULL, NULL),
(8, 'Procedures', 1, NULL, NULL),
(9, 'Cause at Destination', 1, NULL, NULL),
(10, 'Others', 1, NULL, NULL);

-- --------------------------------------------------------

--
-- Table structure for table `sms_form_124_comments`
--

CREATE TABLE IF NOT EXISTS `sms_form_124_comments` (
  `id` int(11) NOT NULL AUTO_INCREMENT,
  `incident_id` int(11) DEFAULT NULL,
  `comment` text NOT NULL,
  `modified` timestamp NOT NULL DEFAULT CURRENT_TIMESTAMP,
  `status` tinyint(4) NOT NULL DEFAULT '1',
  `reported_by` varchar(32) NOT NULL,
  `current_user` int(11) DEFAULT NULL,
  `current_user_id` int(11) DEFAULT NULL,
  PRIMARY KEY (`id`),
  KEY `incident_id` (`incident_id`)
) ENGINE=InnoDB  DEFAULT CHARSET=latin1 AUTO_INCREMENT=5 ;

--
-- Dumping data for table `sms_form_124_comments`
--

INSERT INTO `sms_form_124_comments` (`id`, `incident_id`, `comment`, `modified`, `status`, `reported_by`, `current_user`, `current_user_id`) VALUES
(1, 52, 'NONE', '2015-09-23 09:30:51', 1, 'rogers', NULL, NULL),
(2, 47, 'NONE', '2015-09-23 09:37:07', 0, 'admin', NULL, NULL),
(3, 71, 'shall report on this next week', '2016-03-04 06:03:34', 1, 'admin', NULL, NULL),
(4, 2, '<p>SAMPLE COMMENT</p>', '2016-07-11 09:52:07', 1, 'admin', NULL, NULL);

-- --------------------------------------------------------

--
-- Table structure for table `sms_form_124_contributing_factors`
--

CREATE TABLE IF NOT EXISTS `sms_form_124_contributing_factors` (
  `id` int(11) NOT NULL AUTO_INCREMENT,
  `details` text,
  `modified` timestamp NOT NULL DEFAULT CURRENT_TIMESTAMP ON UPDATE CURRENT_TIMESTAMP,
  `reported_by` varchar(32) NOT NULL,
  `status` tinyint(4) NOT NULL DEFAULT '1',
  `incident_id` int(11) DEFAULT NULL,
  `current_user` int(11) DEFAULT NULL,
  `current_user_id` int(11) DEFAULT NULL,
  PRIMARY KEY (`id`),
  KEY `incident_id` (`incident_id`)
) ENGINE=InnoDB  DEFAULT CHARSET=latin1 AUTO_INCREMENT=7 ;

--
-- Dumping data for table `sms_form_124_contributing_factors`
--

INSERT INTO `sms_form_124_contributing_factors` (`id`, `details`, `modified`, `reported_by`, `status`, `incident_id`, `current_user`, `current_user_id`) VALUES
(1, 'Lack of proper maintenance', '2015-08-27 14:26:20', 'admin', 0, 47, NULL, NULL),
(2, 'Lack of proper maintenance', '2015-08-27 14:25:50', 'admin', 0, 47, NULL, NULL),
(3, 'Lack of proper maintenance', '2015-09-23 10:36:27', 'admin', 0, 47, NULL, NULL),
(4, 'CONTRIBUTING FACTOR', '2016-05-19 11:40:37', 'admin', 1, NULL, NULL, NULL),
(5, 'CONTRIBUTING FACTOR', '2016-06-24 23:19:26', 'admin', 1, 72, NULL, NULL),
(6, '<p>SAMPLE DETAILS</p>', '2016-07-11 09:46:40', 'admin', 0, 2, NULL, NULL);

-- --------------------------------------------------------

--
-- Table structure for table `sms_form_124_corrective_actions`
--

CREATE TABLE IF NOT EXISTS `sms_form_124_corrective_actions` (
  `id` int(11) NOT NULL AUTO_INCREMENT,
  `action` text,
  `owner` varchar(128) NOT NULL,
  `completion_date` date NOT NULL,
  `modified` timestamp NOT NULL DEFAULT CURRENT_TIMESTAMP ON UPDATE CURRENT_TIMESTAMP,
  `status` tinyint(4) NOT NULL DEFAULT '1',
  `incident_id` int(11) DEFAULT NULL,
  `reported_by` varchar(32) NOT NULL,
  `priority` tinyint(4) NOT NULL DEFAULT '1',
  `completion_status` varchar(32) NOT NULL DEFAULT 'Pending',
  `completed_on` date NOT NULL,
  `remark` text,
  `current_user` int(11) DEFAULT NULL,
  `current_user_id` int(11) DEFAULT NULL,
  PRIMARY KEY (`id`),
  KEY `incident_id` (`incident_id`)
) ENGINE=InnoDB  DEFAULT CHARSET=latin1 AUTO_INCREMENT=8 ;

--
-- Dumping data for table `sms_form_124_corrective_actions`
--

INSERT INTO `sms_form_124_corrective_actions` (`id`, `action`, `owner`, `completion_date`, `modified`, `status`, `incident_id`, `reported_by`, `priority`, `completion_status`, `completed_on`, `remark`, `current_user`, `current_user_id`) VALUES
(1, 'Review safety policy', 'Bwire Samuel', '2016-05-19', '2015-08-28 04:23:32', 1, 46, 'admin', 1, 'Pending', '0000-00-00', '', NULL, NULL),
(2, 'Review safety policy', 'Bwire Samuel', '2015-08-29', '2015-09-23 10:37:33', 0, 47, 'sms', 1, 'Pending', '0000-00-00', '', NULL, NULL),
(3, 'Get a more professional technician', 'admin', '2016-06-09', '2016-06-09 01:23:02', 1, 82, 'admin', 5, 'Pending', '0000-00-00', '', NULL, NULL),
(4, 'Purchase new server', 'UNKNOWN', '2016-06-09', '2016-06-09 01:24:48', 1, 82, 'admin', 1, 'Pending', '2016-06-01', '', NULL, NULL),
(5, 'Get a more professional technician', 'admin', '2016-06-19', '2016-06-19 05:40:44', 1, 94, 'admin', 1, 'Done', '2016-06-19', '', NULL, NULL),
(6, 'Install New power installations', 'Bwire', '2016-06-25', '2016-06-25 07:17:51', 1, 126, 'bwire', 8, 'Pending', '0000-00-00', '', NULL, NULL),
(7, '<p>ACTION</p>', 'UNKNOWN', '2016-07-11', '2016-07-11 09:50:54', 1, 3, 'admin', 4, 'Pending', '2016-07-11', '', NULL, NULL);

-- --------------------------------------------------------

--
-- Table structure for table `sms_form_124_data`
--

CREATE TABLE IF NOT EXISTS `sms_form_124_data` (
  `id` int(11) NOT NULL AUTO_INCREMENT,
  `incident_id` int(11) DEFAULT NULL,
  `type_of_incident` varchar(128) NOT NULL,
  `case_no` varchar(128) NOT NULL,
  `employee_name` varchar(128) NOT NULL,
  `employee_number` varchar(128) NOT NULL,
  `supervisor` varchar(256) NOT NULL,
  `department` varchar(256) NOT NULL,
  `location_of_incident` varchar(256) NOT NULL,
  `movement_area` varchar(128) NOT NULL,
  `hospital` varchar(256) NOT NULL,
  `date_of_incident` date NOT NULL,
  `time_of_incident` varchar(128) NOT NULL,
  `date_reported` date NOT NULL,
  `type_of_injury` varchar(256) NOT NULL,
  `body_part_injured` varchar(256) NOT NULL,
  `cause_of_incident` varchar(256) NOT NULL,
  `incident_site` varchar(256) NOT NULL,
  `type_of_equipment_involved` varchar(256) NOT NULL,
  `related_act` varchar(256) NOT NULL,
  `weather_conditions` varchar(256) NOT NULL,
  `incident_description` text,
  `investigation` text,
  `area_supervisor` varchar(128) NOT NULL,
  `analysis_date` date NOT NULL,
  `completed_by` varchar(32) NOT NULL,
  `modified` timestamp NOT NULL DEFAULT CURRENT_TIMESTAMP ON UPDATE CURRENT_TIMESTAMP,
  `status` tinyint(4) NOT NULL DEFAULT '1',
  `current_user` int(11) DEFAULT NULL,
  `current_user_id` int(11) DEFAULT NULL,
  PRIMARY KEY (`id`),
  KEY `incident_id` (`incident_id`)
) ENGINE=InnoDB  DEFAULT CHARSET=latin1 AUTO_INCREMENT=6 ;

--
-- Dumping data for table `sms_form_124_data`
--

INSERT INTO `sms_form_124_data` (`id`, `incident_id`, `type_of_incident`, `case_no`, `employee_name`, `employee_number`, `supervisor`, `department`, `location_of_incident`, `movement_area`, `hospital`, `date_of_incident`, `time_of_incident`, `date_reported`, `type_of_injury`, `body_part_injured`, `cause_of_incident`, `incident_site`, `type_of_equipment_involved`, `related_act`, `weather_conditions`, `incident_description`, `investigation`, `area_supervisor`, `analysis_date`, `completed_by`, `modified`, `status`, `current_user`, `current_user_id`) VALUES
(1, 47, 'Injury', '2317', 'Bwire Samuel', '45', '', 'SMS', 'airport floor 2', '', '', '2015-08-27', '15:00 Hours', '2015-08-27', '', '', 'slippery floor', '', '', '', '', '', '', 'John Doe', '0000-00-00', 'bwire', '2015-08-27 13:05:51', 1, NULL, NULL),
(2, 46, 'Injury', 'HZD/A/46/15', 'Bwire Samuel', '45', '', 'SMS', 'airport floor 2', '', '', '2015-08-27', '15:00 Hours', '2015-08-27', '', '', 'slippery floor', '', '', '', '', '', '', 'John Doe', '0000-00-00', 'bwire', '2015-08-27 13:16:42', 1, NULL, NULL),
(3, 2, 'Injury', 'CASE_NO', 'Kraiba Kraiba', 'Kraiba', '', 'Kraiba', 'Kraiba', '', '', '2016-07-11', '21000', '2016-07-11', '', '', 'Kraiba', '', '', '', '', '<p>information here</p>', '', 'Kriaba', '2016-07-11', 'admin', '2016-02-01 06:19:16', 1, NULL, NULL),
(5, 3, 'Equip', 'CASE_NO', '', '', '', '', 'LOCATION', '', '', '2016-07-11', '23:00HRS', '2016-07-11', '', '', '', '', '', '', '', '<p>description</p>', '', '', '2016-07-11', 'admin', '2016-07-11 09:46:06', 1, NULL, NULL);

-- --------------------------------------------------------

--
-- Table structure for table `sms_form_124_data_analysis_checklist`
--

CREATE TABLE IF NOT EXISTS `sms_form_124_data_analysis_checklist` (
  `id` int(11) NOT NULL AUTO_INCREMENT,
  `photographos` varchar(4) NOT NULL,
  `diagrams` varchar(4) NOT NULL,
  `supervisor_statements` varchar(4) NOT NULL,
  `witness_statements` varchar(4) NOT NULL,
  `employment_history` varchar(4) NOT NULL,
  `employee_statement` varchar(4) NOT NULL,
  `walk_around_checklist` varchar(4) NOT NULL,
  `training_records` varchar(4) NOT NULL,
  `police_reports` varchar(4) NOT NULL,
  `other` varchar(4) NOT NULL,
  `modified` timestamp NOT NULL DEFAULT CURRENT_TIMESTAMP ON UPDATE CURRENT_TIMESTAMP,
  `status` tinyint(4) NOT NULL DEFAULT '1',
  `reported_by` varchar(32) NOT NULL,
  `incident_id` int(11) DEFAULT NULL,
  `current_user` int(11) DEFAULT NULL,
  `current_user_id` int(11) DEFAULT NULL,
  PRIMARY KEY (`id`),
  KEY `incident_id` (`incident_id`)
) ENGINE=InnoDB  DEFAULT CHARSET=latin1 AUTO_INCREMENT=6 ;

--
-- Dumping data for table `sms_form_124_data_analysis_checklist`
--

INSERT INTO `sms_form_124_data_analysis_checklist` (`id`, `photographos`, `diagrams`, `supervisor_statements`, `witness_statements`, `employment_history`, `employee_statement`, `walk_around_checklist`, `training_records`, `police_reports`, `other`, `modified`, `status`, `reported_by`, `incident_id`, `current_user`, `current_user_id`) VALUES
(1, 'Yes', 'Yes', 'Yes', 'Yes', 'Yes', 'Yes', 'Yes', 'Yes', 'Yes', 'Yes', '2015-08-28 05:06:56', 1, 'admin', 47, NULL, NULL),
(2, 'Yes', 'Yes', 'Yes', 'Yes', 'No', 'Yes', 'Yes', 'Yes', 'Yes', 'Yes', '2015-08-28 05:09:03', 1, 'admin', 47, NULL, NULL),
(3, 'No', 'No', 'Yes', 'Yes', 'Yes', 'Yes', 'Yes', 'Yes', 'Yes', 'Yes', '2016-02-09 11:51:56', 1, 'admin', NULL, NULL, NULL),
(4, 'Yes', 'Yes', 'Yes', 'Yes', 'Yes', 'Yes', 'Yes', 'Yes', 'Yes', 'Yes', '2016-06-24 23:18:38', 1, 'admin', 72, NULL, NULL),
(5, 'Yes', 'Yes', 'Yes', 'Yes', 'Yes', 'Yes', 'Yes', 'Yes', 'Yes', 'Yes', '2016-07-11 09:51:36', 1, 'admin', 4, NULL, NULL);

-- --------------------------------------------------------

--
-- Table structure for table `source_types`
--

CREATE TABLE IF NOT EXISTS `source_types` (
  `id` int(11) NOT NULL AUTO_INCREMENT,
  `name` varchar(128) NOT NULL,
  `status` tinyint(4) NOT NULL DEFAULT '1',
  PRIMARY KEY (`id`)
) ENGINE=InnoDB  DEFAULT CHARSET=latin1 AUTO_INCREMENT=13 ;

--
-- Dumping data for table `source_types`
--

INSERT INTO `source_types` (`id`, `name`, `status`) VALUES
(1, 'System Analysis', 1),
(2, 'ICVM', 1),
(3, 'Monthly Workshop', 1),
(4, 'Annual Workshop', 1),
(5, 'Senior Staff Meeting', 1),
(6, 'DSRC', 1),
(7, 'CSRC', 1),
(8, 'Parliamentary Audit', 1),
(9, 'Regulatory Inspection', 1),
(10, 'Internal Review', 1),
(11, 'Safety Survey', 1),
(12, 'Safety Studies', 1);

-- --------------------------------------------------------

--
-- Table structure for table `station`
--

CREATE TABLE IF NOT EXISTS `station` (
  `id` int(11) NOT NULL AUTO_INCREMENT,
  `name` varchar(256) NOT NULL,
  `date_created` timestamp NOT NULL DEFAULT CURRENT_TIMESTAMP,
  `audit_plan_id` int(11) DEFAULT NULL,
  `current_user` int(11) DEFAULT NULL,
  `current_user_id` int(11) DEFAULT NULL,
  PRIMARY KEY (`id`),
  KEY `audit_plan_id` (`audit_plan_id`),
  KEY `audit_plan_id_2` (`audit_plan_id`)
) ENGINE=MyISAM  DEFAULT CHARSET=latin1 AUTO_INCREMENT=13 ;

--
-- Dumping data for table `station`
--

INSERT INTO `station` (`id`, `name`, `date_created`, `audit_plan_id`, `current_user`, `current_user_id`) VALUES
(1, 'DAN''S SMS', '2016-07-25 21:00:00', NULL, NULL, NULL),
(2, 'ATM', '2016-07-25 21:00:00', NULL, NULL, NULL),
(3, 'CNS', '2016-07-25 21:00:00', NULL, NULL, NULL),
(4, 'AIM', '2016-07-25 21:00:00', NULL, NULL, NULL),
(5, 'SOROTI', '2016-07-25 21:00:00', NULL, NULL, NULL),
(6, 'GULU', '2016-07-25 21:00:00', NULL, NULL, NULL),
(7, 'Kampala', '2016-05-19 09:27:23', NULL, NULL, NULL),
(8, 'SAMPLE AUDIT PLAN', '2016-07-11 08:41:43', 1, NULL, NULL),
(9, 'SAMPLE AUDIT PLAN', '2016-07-19 12:22:49', 1, NULL, NULL),
(10, 'sms INTERNAL eVALUATION', '2016-08-09 08:50:47', 4, NULL, NULL),
(11, 'plan a', '2016-08-25 14:27:53', 5, NULL, NULL),
(12, 'TITLE OF AUDIT PLAN', '2016-12-29 18:26:13', 6, NULL, NULL);

-- --------------------------------------------------------

--
-- Table structure for table `status`
--

CREATE TABLE IF NOT EXISTS `status` (
  `id` int(11) NOT NULL AUTO_INCREMENT,
  `name` varchar(128) NOT NULL,
  `color` varchar(32) NOT NULL DEFAULT 'CCCCCC',
  `status` tinyint(4) NOT NULL DEFAULT '1',
  `current_user` int(11) DEFAULT NULL,
  `current_user_id` int(11) DEFAULT NULL,
  PRIMARY KEY (`id`)
) ENGINE=InnoDB  DEFAULT CHARSET=latin1 AUTO_INCREMENT=7 ;

--
-- Dumping data for table `status`
--

INSERT INTO `status` (`id`, `name`, `color`, `status`, `current_user`, `current_user_id`) VALUES
(1, 'INCOMING', 'fc0516', 1, NULL, NULL),
(2, 'PENDING', '0505fc', 1, NULL, NULL),
(3, 'INITIATED', 'fca205', 1, NULL, NULL),
(4, 'MONITORED', '33cc15', 1, NULL, NULL),
(5, 'CLOSED', '000000', 1, NULL, NULL),
(6, 'FOWARDED', 'CCCCCC', 1, NULL, NULL);

-- --------------------------------------------------------

--
-- Table structure for table `system_states`
--

CREATE TABLE IF NOT EXISTS `system_states` (
  `id` int(11) NOT NULL AUTO_INCREMENT,
  `details` varchar(256) NOT NULL,
  `modified` timestamp NOT NULL DEFAULT CURRENT_TIMESTAMP ON UPDATE CURRENT_TIMESTAMP,
  `status` tinyint(4) NOT NULL DEFAULT '1',
  `incident_id` int(11) DEFAULT NULL,
  `reported_by` varchar(32) NOT NULL,
  `current_user` int(11) DEFAULT NULL,
  `current_user_id` int(11) DEFAULT NULL,
  PRIMARY KEY (`id`),
  KEY `status` (`status`),
  KEY `incident_id` (`incident_id`)
) ENGINE=InnoDB  DEFAULT CHARSET=latin1 AUTO_INCREMENT=31 ;

--
-- Dumping data for table `system_states`
--

INSERT INTO `system_states` (`id`, `details`, `modified`, `status`, `incident_id`, `reported_by`, `current_user`, `current_user_id`) VALUES
(1, 'When ATS direct speech line is not serviceable', '2015-08-04 09:07:06', 1, 14, '', NULL, NULL),
(2, 'When ATS direct speech line is not serviceable', '2015-08-10 14:53:08', 1, 39, 'admin', NULL, NULL),
(3, 'Uncontrolled environment', '2015-08-11 06:34:31', 1, 37, 'admin', NULL, NULL),
(4, 'Worked on', '2015-09-25 12:07:46', 1, 57, 'admin', NULL, NULL),
(5, 'When ATS direct speech line is not serviceable', '2015-10-01 09:49:01', 1, 65, 'admin', NULL, NULL),
(6, 'When there is  delay in establishment of contact by Communication center with Kinshasa ACC', '2015-10-01 09:49:59', 1, 65, 'admin', NULL, NULL),
(7, 'unknown', '2016-05-11 08:38:12', 1, 65, 'admin', NULL, NULL),
(8, ' direct land-line telephone ', '2015-10-01 09:52:29', 1, 65, 'admin', NULL, NULL),
(9, 'Worked on', '2016-05-11 08:38:16', 1, 67, 'admin', NULL, NULL),
(10, 'Worked on', '2016-05-11 08:38:19', 1, 67, 'admin', NULL, NULL),
(11, 'Working fine', '2016-05-11 08:38:24', 1, 77, 'admin', NULL, NULL),
(12, 'Uncontrolled environment', '2016-05-11 08:38:31', 1, 40, 'admin', NULL, NULL),
(13, 'At vero eos et accusamus et iusto odio dignissimos', '2016-05-11 08:38:44', 1, 88, 'sms', NULL, NULL),
(14, 'When overgrown trees obstruct towers view of movement areas during landing and take off of aircraft.', '2016-01-20 08:22:06', 1, 98, 'admin', NULL, NULL),
(15, 'Temporibus autem quibusdam et aut officiis ', '2016-05-11 08:38:54', 1, 83, 'Samuel.B', NULL, NULL),
(16, 'Itaque earum rerum hic tenetur a sapiente delectus.', '2016-05-11 08:39:07', 1, 83, 'Samuel.B', NULL, NULL),
(17, 'unknown', '2016-05-11 08:39:14', 1, 86, 'admin', NULL, NULL),
(18, 'Monitored', '2016-06-25 03:07:18', 1, 72, 'admin', NULL, NULL),
(19, 'Install monitoring system', '2016-06-25 03:07:40', 1, 72, 'admin', NULL, NULL),
(20, 'Can cause death', '2016-06-25 05:28:51', 1, 126, 'bwire', NULL, NULL),
(21, 'When landing and taxiing of aircraft is executed on pothole', '2016-07-26 11:51:29', 1, 128, 'admin', NULL, NULL),
(22, 'when approach to land for runway 17 with the building in the approach path', '2016-08-03 08:31:00', 1, 215, 'admin', NULL, NULL),
(23, 'When severe weather  prevails during severe operations', '2016-08-03 08:57:51', 1, 203, 'admin', NULL, NULL),
(24, 'hail and storms', '2016-08-03 09:00:15', 1, 48, 'admin', NULL, NULL),
(25, 'now', '2016-08-23 10:59:31', 1, 185, 'admin', NULL, NULL),
(26, 'Landing while Vehicle is crossing RWY12/30', '2016-08-23 11:10:02', 1, 222, 'admin', NULL, NULL),
(27, 'when OJT is conducted without guidelines', '2016-08-23 11:44:20', 1, 228, 'admin', NULL, NULL),
(28, 'when OJT is conducted without guidelines', '2016-08-23 11:46:42', 1, 228, 'admin', NULL, NULL),
(29, 'Landing while Vehicle is crossing RWY12/30', '2016-08-30 09:48:54', 1, 225, 'rogers', NULL, NULL),
(30, 'Under monitoring', '2016-10-10 09:16:51', 1, 224, 'admin', NULL, NULL);

-- --------------------------------------------------------

--
-- Table structure for table `tasks`
--

CREATE TABLE IF NOT EXISTS `tasks` (
  `id` int(11) NOT NULL AUTO_INCREMENT,
  `title` varchar(256) NOT NULL,
  `location` varchar(256) NOT NULL,
  `analyst` varchar(256) NOT NULL,
  `date` date NOT NULL,
  `modified` timestamp NOT NULL DEFAULT CURRENT_TIMESTAMP ON UPDATE CURRENT_TIMESTAMP,
  `status` tinyint(4) NOT NULL DEFAULT '1',
  `reported_by` varchar(32) NOT NULL,
  `change_management_id` int(11) DEFAULT NULL,
  `current_user` int(11) DEFAULT NULL,
  `current_user_id` int(11) DEFAULT NULL,
  PRIMARY KEY (`id`)
) ENGINE=InnoDB  DEFAULT CHARSET=latin1 AUTO_INCREMENT=9 ;

--
-- Dumping data for table `tasks`
--

INSERT INTO `tasks` (`id`, `title`, `location`, `analyst`, `date`, `modified`, `status`, `reported_by`, `change_management_id`, `current_user`, `current_user_id`) VALUES
(1, 'Installation and commissioning of VCCS.', 'ENTEBBE', 'HASSAN B.MUKIIBBI.', '2016-06-25', '2015-08-19 12:54:44', 1, 'admin', NULL, NULL, NULL),
(2, 'Replace door locks', 'server room', 'Henry', '2015-11-03', '2015-11-03 12:53:14', 1, 'admin', NULL, NULL, NULL),
(3, 'Replace door locks', 'server room', 'Henry', '2015-11-03', '2015-11-03 12:53:14', 1, 'admin', NULL, NULL, NULL),
(4, 'VHF RADIOS REINSTALLATION', 'DIVISION', 'ORGINATOR', '2016-07-11', '2016-07-11 11:10:55', 1, 'admin', 5, NULL, NULL),
(5, 'Installation of the SMS database', 'ANS', 'Wanzunula Rogers', '2016-07-30', '2016-07-19 13:35:31', 1, 'admin', 6, NULL, NULL),
(6, 'title of change', 'division', 'originator', '2016-08-25', '2016-08-25 14:39:18', 1, 'wabomba', 7, NULL, NULL),
(7, 'title of changen', 'division', 'originator name', '2016-10-04', '2016-10-10 10:27:10', 1, 'admin', 8, NULL, NULL),
(8, 'TITLE OF CHANGE', 'DIVISIN', 'ORIGINATOR NAME', '2016-12-01', '2016-12-30 03:52:37', 1, 'admin', 9, NULL, NULL);

-- --------------------------------------------------------

--
-- Table structure for table `task_steps`
--

CREATE TABLE IF NOT EXISTS `task_steps` (
  `id` int(11) NOT NULL AUTO_INCREMENT,
  `task_id` int(11) DEFAULT NULL,
  `description` varchar(256) NOT NULL,
  `details` varchar(256) NOT NULL,
  `modified` timestamp NOT NULL DEFAULT CURRENT_TIMESTAMP ON UPDATE CURRENT_TIMESTAMP,
  `status` tinyint(4) NOT NULL DEFAULT '1',
  `reported_by` varchar(32) NOT NULL,
  `current_user` int(11) DEFAULT NULL,
  `current_user_id` int(11) DEFAULT NULL,
  PRIMARY KEY (`id`),
  KEY `task_id` (`task_id`)
) ENGINE=InnoDB  DEFAULT CHARSET=latin1 AUTO_INCREMENT=16 ;

--
-- Dumping data for table `task_steps`
--

INSERT INTO `task_steps` (`id`, `task_id`, `description`, `details`, `modified`, `status`, `reported_by`, `current_user`, `current_user_id`) VALUES
(1, 1, 'Pre-installation meeting', '', '2015-08-20 08:11:56', 1, 'admin', NULL, NULL),
(2, 1, 'Unpacking of equipment from the shipping boxes.', '', '2015-08-20 08:43:54', 1, 'admin', NULL, NULL),
(3, 1, 'Installation of electronic equipment rack.', '', '2015-08-20 09:07:54', 1, 'admin', NULL, NULL),
(4, 1, 'Cable terminations and installation.', '', '2015-08-20 09:09:24', 1, 'admin', NULL, NULL),
(5, 3, 'Remove old locks', '', '2015-11-03 12:54:03', 1, 'admin', NULL, NULL),
(6, 3, 'install new locks', '', '2015-11-03 12:58:23', 1, 'admin', NULL, NULL),
(7, 3, 'install new locks', '', '2015-11-03 13:03:36', 1, 'admin', NULL, NULL),
(8, 4, 'Inform all relevant staff of new change', '', '2016-07-11 11:11:02', 1, 'admin', NULL, NULL),
(9, 5, 'Provide space on server for the software', '', '2016-07-19 13:36:28', 1, 'admin', NULL, NULL),
(10, 6, 'task step', '', '2016-08-25 14:40:29', 1, 'wabomba', NULL, NULL),
(11, 7, 'Task step 1', '', '2016-10-10 10:29:48', 1, 'admin', NULL, NULL),
(12, 7, 'Preparing room for works', '', '2016-10-10 10:34:23', 1, 'admin', NULL, NULL),
(13, 7, 'Task step 1', 'Task step description', '2016-10-10 10:45:38', 1, 'admin', NULL, NULL),
(14, 7, 'Task step 1', 'Task step description', '2016-12-05 10:55:22', 1, 'admin', NULL, NULL),
(15, 8, 'Task step 1', 'Task step description', '2016-12-30 03:54:03', 1, 'admin', NULL, NULL);

-- --------------------------------------------------------

--
-- Table structure for table `task_step_comments`
--

CREATE TABLE IF NOT EXISTS `task_step_comments` (
  `id` int(11) NOT NULL AUTO_INCREMENT,
  `task_step_id` int(11) DEFAULT NULL,
  `details` varchar(256) NOT NULL,
  `modified` timestamp NOT NULL DEFAULT CURRENT_TIMESTAMP ON UPDATE CURRENT_TIMESTAMP,
  `status` tinyint(4) NOT NULL DEFAULT '1',
  `reported_by` varchar(32) NOT NULL,
  `current_user` int(11) DEFAULT NULL,
  `current_user_id` int(11) DEFAULT NULL,
  PRIMARY KEY (`id`),
  KEY `task_step_id` (`task_step_id`)
) ENGINE=InnoDB  DEFAULT CHARSET=latin1 AUTO_INCREMENT=11 ;

--
-- Dumping data for table `task_step_comments`
--

INSERT INTO `task_step_comments` (`id`, `task_step_id`, `details`, `modified`, `status`, `reported_by`, `current_user`, `current_user_id`) VALUES
(1, 2, 'Shipping boxes are wooden and tightly sealed with nails.', '2015-08-20 09:06:32', 1, 'admin', NULL, NULL),
(2, 3, 'There is need to have protective gear.', '2015-08-20 09:08:57', 1, 'admin', NULL, NULL),
(3, 4, 'There is need to have protective wear.', '2015-08-20 09:11:37', 1, 'admin', NULL, NULL),
(4, 5, 'has to be done urgently', '2015-11-03 12:58:10', 1, 'admin', NULL, NULL),
(5, 5, 'has to be done urgently', '2015-11-03 13:03:53', 1, 'admin', NULL, NULL),
(6, 9, 'comment1', '2016-07-19 13:38:01', 1, 'admin', NULL, NULL),
(7, 11, 'comment', '2016-10-11 05:03:34', 1, 'admin', NULL, NULL),
(8, 11, 'hij', '2016-12-05 10:55:53', 1, 'admin', NULL, NULL),
(9, 12, 'comment', '2016-12-05 10:56:19', 1, 'admin', NULL, NULL),
(10, 15, 'Comments', '2016-12-30 03:55:39', 1, 'admin', NULL, NULL);

-- --------------------------------------------------------

--
-- Table structure for table `task_step_hazards`
--

CREATE TABLE IF NOT EXISTS `task_step_hazards` (
  `id` int(11) NOT NULL AUTO_INCREMENT,
  `task_step_id` int(11) DEFAULT NULL,
  `details` varchar(256) NOT NULL,
  `modified` timestamp NOT NULL DEFAULT CURRENT_TIMESTAMP ON UPDATE CURRENT_TIMESTAMP,
  `status` tinyint(4) NOT NULL DEFAULT '1',
  `reported_by` varchar(32) NOT NULL,
  `current_user` int(11) DEFAULT NULL,
  `current_user_id` int(11) DEFAULT NULL,
  PRIMARY KEY (`id`),
  KEY `task_step_id` (`task_step_id`)
) ENGINE=InnoDB  DEFAULT CHARSET=latin1 AUTO_INCREMENT=19 ;

--
-- Dumping data for table `task_step_hazards`
--

INSERT INTO `task_step_hazards` (`id`, `task_step_id`, `details`, `modified`, `status`, `reported_by`, `current_user`, `current_user_id`) VALUES
(1, 2, 'Improperly disposed nails.', '2015-08-20 08:44:13', 1, 'admin', NULL, NULL),
(2, 2, 'Removed wooden lids.', '2015-08-20 08:44:30', 1, 'admin', NULL, NULL),
(3, 3, 'Tools falling.', '2015-08-20 09:08:10', 1, 'admin', NULL, NULL),
(4, 4, 'Cables breaking', '2015-08-20 09:09:40', 1, 'admin', NULL, NULL),
(5, 4, 'Cables breaking', '2015-08-20 09:09:53', 1, 'admin', NULL, NULL),
(6, 4, 'Staff falling during installation.', '2015-08-20 09:10:07', 1, 'admin', NULL, NULL),
(7, 4, 'Tools falling', '2015-08-20 09:10:20', 1, 'admin', NULL, NULL),
(8, 5, 'Security loosened', '2015-11-03 12:56:52', 1, 'admin', NULL, NULL),
(9, 5, 'Damage on door frame', '2015-11-03 13:02:05', 1, 'admin', NULL, NULL),
(10, 8, 'Made necessary adjustments to wall', '2016-07-11 11:11:08', 1, 'admin', NULL, NULL),
(11, 9, 'hazard1', '2016-07-19 13:37:46', 1, 'admin', NULL, NULL),
(12, 11, 'Cutting the radio cables', '2016-10-11 04:55:08', 1, 'admin', NULL, NULL),
(13, 11, 'Cutting the radio cables', '2016-10-11 04:58:42', 1, 'admin', NULL, NULL),
(14, 11, 'Cutting the radio cables', '2016-10-11 05:02:44', 1, 'admin', NULL, NULL),
(15, 13, 'Cutting the radio cables', '2016-10-11 05:04:37', 1, 'admin', NULL, NULL),
(16, 11, 'abc', '2016-12-05 10:55:52', 1, 'admin', NULL, NULL),
(17, 12, 'abc', '2016-12-05 10:56:19', 1, 'admin', NULL, NULL),
(18, 15, 'Hazard', '2016-12-30 03:55:39', 1, 'admin', NULL, NULL);

-- --------------------------------------------------------

--
-- Table structure for table `task_step_hazard_controls`
--

CREATE TABLE IF NOT EXISTS `task_step_hazard_controls` (
  `id` int(11) NOT NULL AUTO_INCREMENT,
  `task_step_id` int(11) DEFAULT NULL,
  `details` varchar(256) NOT NULL,
  `modified` timestamp NOT NULL DEFAULT CURRENT_TIMESTAMP ON UPDATE CURRENT_TIMESTAMP,
  `status` tinyint(4) NOT NULL DEFAULT '1',
  `reported_by` varchar(32) NOT NULL,
  `current_user` int(11) DEFAULT NULL,
  `current_user_id` int(11) DEFAULT NULL,
  PRIMARY KEY (`id`),
  KEY `task_step_id` (`task_step_id`)
) ENGINE=InnoDB  DEFAULT CHARSET=latin1 AUTO_INCREMENT=20 ;

--
-- Dumping data for table `task_step_hazard_controls`
--

INSERT INTO `task_step_hazard_controls` (`id`, `task_step_id`, `details`, `modified`, `status`, `reported_by`, `current_user`, `current_user_id`) VALUES
(1, 2, 'Use of appropriate tools for unpacking.', '2015-08-20 08:53:00', 1, 'admin', NULL, NULL),
(2, 2, 'Proper disposal of removed nails and boards.', '2015-08-20 08:53:12', 1, 'admin', NULL, NULL),
(3, 2, 'Nails properly stored.', '2015-08-20 08:53:24', 1, 'admin', NULL, NULL),
(4, 2, 'Wooden lid will be collected together and handed to PDU for disposal.', '2015-08-20 08:53:36', 1, 'admin', NULL, NULL),
(5, 3, 'Careful use of tools and proper body earthing and discharge techniques.', '2015-08-20 09:08:24', 1, 'admin', NULL, NULL),
(6, 3, 'Tools used by competent engineers.', '2015-08-20 09:08:35', 1, 'admin', NULL, NULL),
(7, 3, 'Wearing protective gears during installation exercise.', '2015-08-20 09:08:44', 1, 'admin', NULL, NULL),
(8, 4, 'Cables to be tightened with tie wraps.', '2015-08-20 09:10:48', 1, 'admin', NULL, NULL),
(9, 4, 'Engineers should be trained on how to use and handle tools were necessary.', '2015-08-20 09:11:00', 1, 'admin', NULL, NULL),
(10, 4, 'Wearing protective gears during installation.', '2015-08-20 09:11:10', 1, 'admin', NULL, NULL),
(11, 4, 'Installation of cable led and supervised by Thales engineers', '2015-08-20 09:11:26', 1, 'admin', NULL, NULL),
(12, 5, 'improve security at gate', '2015-11-03 12:57:14', 1, 'admin', NULL, NULL),
(13, 8, 'hazard control', '2016-07-11 11:11:13', 1, 'admin', NULL, NULL),
(14, 9, 'control1', '2016-07-19 13:37:55', 1, 'admin', NULL, NULL),
(15, 11, 'cutting the radio cables', '2016-10-11 04:54:05', 1, 'admin', NULL, NULL),
(16, 11, 'cutting the radio cables', '2016-10-11 05:03:24', 1, 'admin', NULL, NULL),
(17, 11, 'efg', '2016-12-05 10:55:52', 1, 'admin', NULL, NULL),
(18, 12, 'efg', '2016-12-05 10:56:19', 1, 'admin', NULL, NULL),
(19, 15, 'Hazard Control', '2016-12-30 03:55:39', 1, 'admin', NULL, NULL);

-- --------------------------------------------------------

--
-- Table structure for table `types_of_controls_main`
--

CREATE TABLE IF NOT EXISTS `types_of_controls_main` (
  `id` int(11) NOT NULL AUTO_INCREMENT,
  `name` varchar(256) NOT NULL,
  `status` tinyint(4) NOT NULL DEFAULT '1',
  PRIMARY KEY (`id`)
) ENGINE=InnoDB  DEFAULT CHARSET=latin1 AUTO_INCREMENT=3 ;

--
-- Dumping data for table `types_of_controls_main`
--

INSERT INTO `types_of_controls_main` (`id`, `name`, `status`) VALUES
(1, 'Main cat', 1),
(2, 'Other ', 1);

-- --------------------------------------------------------

--
-- Table structure for table `types_of_controls_sub`
--

CREATE TABLE IF NOT EXISTS `types_of_controls_sub` (
  `id` int(11) NOT NULL AUTO_INCREMENT,
  `main_id` int(11) DEFAULT NULL,
  `name` varchar(256) NOT NULL,
  `status` tinyint(4) NOT NULL DEFAULT '1',
  PRIMARY KEY (`id`),
  KEY `main_id` (`main_id`)
) ENGINE=InnoDB  DEFAULT CHARSET=latin1 AUTO_INCREMENT=2 ;

--
-- Dumping data for table `types_of_controls_sub`
--

INSERT INTO `types_of_controls_sub` (`id`, `main_id`, `name`, `status`) VALUES
(1, NULL, 'Sub category 1', 1);

-- --------------------------------------------------------

--
-- Table structure for table `users`
--

CREATE TABLE IF NOT EXISTS `users` (
  `id` int(11) NOT NULL AUTO_INCREMENT,
  `name` varchar(256) NOT NULL,
  `department` varchar(128) NOT NULL,
  `email` varchar(64) NOT NULL,
  `phone_number` varchar(32) NOT NULL,
  `position` varchar(128) NOT NULL,
  `category` varchar(128) NOT NULL,
  `modified` timestamp NOT NULL DEFAULT CURRENT_TIMESTAMP ON UPDATE CURRENT_TIMESTAMP,
  `status` tinyint(4) NOT NULL DEFAULT '1',
  `username` varchar(128) NOT NULL,
  `password` varchar(256) NOT NULL,
  `role` varchar(25) NOT NULL,
  `user_group_id` int(11) DEFAULT NULL,
  `user_department_id` int(11) DEFAULT NULL,
  `user_division_id` int(11) DEFAULT NULL,
  PRIMARY KEY (`id`)
) ENGINE=InnoDB  DEFAULT CHARSET=latin1 AUTO_INCREMENT=15 ;

--
-- Dumping data for table `users`
--

INSERT INTO `users` (`id`, `name`, `department`, `email`, `phone_number`, `position`, `category`, `modified`, `status`, `username`, `password`, `role`, `user_group_id`, `user_department_id`, `user_division_id`) VALUES
(1, 'andrew', 'SMS', 'mwesigea@gmail.com', '', 'PTO/SMS', 'admin', '2016-07-19 11:32:59', 1, 'andrew', '0cc175b9c0f1b6a831c399e269772661', 'SMS Admin', 4, 1, 1),
(2, 'admin', 'SMS', 'info@caauganda.com', '', 'DUTY OFFICER', 'admin', '2016-05-11 03:37:22', 1, 'admin', '21232f297a57a5a743894a0e4a801fc3', 'System Admin', 4, 1, 1),
(3, 'guest', 'NONE', 'info@caauganda.com', '', 'GUEST', 'officer', '2016-01-20 06:40:38', 1, 'guest', '084e0343a0486ff05530df6c705c8bb4', 'guest', NULL, 1, NULL),
(4, 'kasirye', 'SMS', 'mitchmichael@hotmail.com', '+256702953774', 'SMS', 'admin', '2016-07-19 11:33:10', 1, 'kasirye', '023f938b2fc2c5dd3a67104847e1ac22', 'SMS Admin', 4, 1, NULL),
(5, 'bwire', 'IT', 'bwire@programmer.net', '+256701198000', 'Programmer', 'admin', '2016-07-19 11:33:14', 1, 'bwire', '92eb5ffee6ae2fec3ad71c777531578f', 'System Admin', NULL, 1, NULL),
(6, 'rogers', 'SMS', 'rwanzunula@gmail.com', '', 'PAIMO-SMS/QA', 'admin', '2016-07-19 11:33:17', 1, 'rogers', '012d7ca0ce1d7acc274b3c005a58188a', 'SMS Admin', NULL, 1, NULL),
(7, 'Kraiba Semakula', 'Strep', 'krabz01@gmail.com', '2556702432543', 'Admin', 'sitrep', '2016-07-19 11:33:21', 1, 'kraiba', 'c88447365689eb85c79fcf0c4987713d', 'STREP Admin', NULL, 1, NULL),
(8, 'guest', '', '', '', '', '', '2016-02-08 10:53:25', 1, 'guest', '084e0343a0486ff05530df6c705c8bb4', '', NULL, NULL, NULL),
(9, 'matovu', 'sms', 'davimato@yahoo.com', '', 'SMS Officer', 'admin', '2016-07-19 11:33:31', 1, 'matovu', '6f8f57715090da2632453988d9a1501b', 'SMS Admin', NULL, 1, NULL),
(10, 'kakama', 'sms', 'kakamaedmond@gmail.com', '', 'sms', 'admin', '2016-07-19 11:33:35', 1, 'kakama', '916c050842a38aa7d35ded2606fc4d58', 'SMS Admin', NULL, 4, NULL),
(11, 'sitrep', 'sms', 'davimato@yahoo.com', '', 'sms', 'admin', '2016-07-19 11:33:39', 1, 'sitrep', '03c7c0ace395d80182db07ae2c30f034', 'SMS Admin', NULL, 1, NULL),
(12, 'wabomba', 'sms', 'mwabomba@caa.co.ug', '', 'sms', 'admin', '2016-07-19 11:33:42', 1, 'wabomba', 'f1290186a5d0b1ceab27f4e77c0c5d68', 'SMS Admin', NULL, 1, NULL),
(13, 'ronald', 'Admin', 'twesigyeronaldkarakire@gmail.com', '', 'Admin', 'admin', '2016-07-11 11:27:57', 1, 'ronald', '5af0a0feb2094f43bebb50c518c1ebfe', 'SMS Admin', 3, 1, NULL),
(14, 'angela', '', 'angela@gmail.com', '', 'none', '', '2016-12-06 10:06:30', 1, 'angela', '36388794be2cf5f298978498ff3c64a2', '', 1, 1, 1);

-- --------------------------------------------------------

--
-- Table structure for table `users_categories`
--

CREATE TABLE IF NOT EXISTS `users_categories` (
  `id` int(11) NOT NULL AUTO_INCREMENT,
  `user_id` int(11) DEFAULT NULL,
  `category_id` int(11) DEFAULT NULL,
  `status` tinyint(4) NOT NULL DEFAULT '1',
  PRIMARY KEY (`id`)
) ENGINE=InnoDB  DEFAULT CHARSET=latin1 AUTO_INCREMENT=38 ;

--
-- Dumping data for table `users_categories`
--

INSERT INTO `users_categories` (`id`, `user_id`, `category_id`, `status`) VALUES
(1, 2, 1, 0),
(2, 2, 2, 0),
(3, 14, 1, 0),
(4, 14, 2, 0),
(5, 2, 1, 0),
(6, 2, 2, 0),
(7, 2, 3, 0),
(8, 2, 4, 0),
(9, 2, 5, 0),
(10, 2, 1, 0),
(11, 2, 1, 0),
(12, 2, 2, 0),
(13, 10, 1, 0),
(14, 3, 4, 1),
(15, 10, 5, 0),
(16, 10, 3, 0),
(17, 10, 5, 0),
(18, 6, 2, 1),
(19, 4, 4, 0),
(20, 10, 4, 1),
(21, 1, 1, 0),
(22, 4, 1, 1),
(23, 4, 4, 1),
(24, 2, 1, 0),
(25, 2, 2, 0),
(26, 1, 1, 0),
(27, 1, 1, 0),
(28, 1, 1, 0),
(29, 1, 1, 1),
(30, 1, 2, 1),
(31, 2, 1, 1),
(32, 2, 2, 1),
(33, 2, 3, 1),
(34, 2, 4, 1),
(35, 2, 5, 1),
(36, 14, 1, 1),
(37, 14, 2, 1);

-- --------------------------------------------------------

--
-- Table structure for table `user_categories`
--

CREATE TABLE IF NOT EXISTS `user_categories` (
  `id` int(11) NOT NULL AUTO_INCREMENT,
  `name` varchar(128) NOT NULL,
  `status` tinyint(4) NOT NULL DEFAULT '1',
  PRIMARY KEY (`id`)
) ENGINE=InnoDB  DEFAULT CHARSET=latin1 AUTO_INCREMENT=6 ;

--
-- Dumping data for table `user_categories`
--

INSERT INTO `user_categories` (`id`, `name`, `status`) VALUES
(1, 'Admin', 1),
(2, 'Auditor', 1),
(3, 'Auditor Representative', 1),
(4, 'Investigator', 1),
(5, 'Implementer', 1);

-- --------------------------------------------------------

--
-- Table structure for table `user_departments`
--

CREATE TABLE IF NOT EXISTS `user_departments` (
  `id` int(11) NOT NULL AUTO_INCREMENT,
  `name` varchar(128) NOT NULL,
  `description` varchar(256) NOT NULL,
  `status` tinyint(4) NOT NULL DEFAULT '1',
  PRIMARY KEY (`id`)
) ENGINE=InnoDB  DEFAULT CHARSET=latin1 AUTO_INCREMENT=5 ;

--
-- Dumping data for table `user_departments`
--

INSERT INTO `user_departments` (`id`, `name`, `description`, `status`) VALUES
(1, 'SMS', 'SMS', 1),
(2, 'AIM', 'AIM', 1),
(3, 'ATM', 'ATM', 1),
(4, 'CNS', 'CNS', 1);

-- --------------------------------------------------------

--
-- Table structure for table `user_divisions`
--

CREATE TABLE IF NOT EXISTS `user_divisions` (
  `id` int(11) NOT NULL AUTO_INCREMENT,
  `name` varchar(128) NOT NULL,
  `status` tinyint(4) NOT NULL DEFAULT '1',
  PRIMARY KEY (`id`)
) ENGINE=InnoDB  DEFAULT CHARSET=latin1 AUTO_INCREMENT=3 ;

--
-- Dumping data for table `user_divisions`
--

INSERT INTO `user_divisions` (`id`, `name`, `status`) VALUES
(1, 'DIVISION A', 1),
(2, 'DIVISION B', 1);

-- --------------------------------------------------------

--
-- Table structure for table `user_groups`
--

CREATE TABLE IF NOT EXISTS `user_groups` (
  `id` int(11) NOT NULL AUTO_INCREMENT,
  `name` varchar(20) NOT NULL,
  `data` timestamp NOT NULL DEFAULT CURRENT_TIMESTAMP,
  PRIMARY KEY (`id`)
) ENGINE=MyISAM  DEFAULT CHARSET=latin1 AUTO_INCREMENT=6 ;

--
-- Dumping data for table `user_groups`
--

INSERT INTO `user_groups` (`id`, `name`, `data`) VALUES
(1, 'Other DANS staff', '2016-01-17 11:30:44'),
(2, 'System Admin', '2016-01-17 11:30:44'),
(3, 'SMS Admin', '2016-01-17 11:30:44'),
(4, 'SMS Officer', '2016-01-17 11:30:44'),
(5, 'STREP Admin', '2016-02-01 05:18:59');

-- --------------------------------------------------------

--
-- Table structure for table `verifications`
--

CREATE TABLE IF NOT EXISTS `verifications` (
  `id` int(11) NOT NULL AUTO_INCREMENT,
  `verified_by` varchar(256) NOT NULL,
  `note` text,
  `modified` timestamp NOT NULL DEFAULT CURRENT_TIMESTAMP ON UPDATE CURRENT_TIMESTAMP,
  `status` tinyint(4) NOT NULL DEFAULT '1',
  `incident_id` int(11) DEFAULT NULL,
  `current_user` int(11) DEFAULT NULL,
  `current_user_id` int(11) DEFAULT NULL,
  PRIMARY KEY (`id`),
  KEY `incident_id` (`incident_id`)
) ENGINE=InnoDB  DEFAULT CHARSET=latin1 AUTO_INCREMENT=12 ;

--
-- Dumping data for table `verifications`
--

INSERT INTO `verifications` (`id`, `verified_by`, `note`, `modified`, `status`, `incident_id`, `current_user`, `current_user_id`) VALUES
(1, 'Bwire Samuel', 'Use of trolleys has been stopped according to the action to be taken.', '2015-07-25 09:40:24', 1, 11, NULL, NULL),
(2, 'Bwire Samuel', 'All work done by the electrician was done well according to standards.', '2015-07-25 11:45:31', 1, 10, NULL, NULL),
(3, 'Bwire Samuel', '', '2015-07-25 17:41:38', 1, 1, NULL, NULL),
(4, 'Bwire Samuel', 'Verification done', '2016-06-25 05:39:17', 1, 126, NULL, NULL),
(5, 'Samuel Bwire', '', '2016-06-30 07:20:52', 1, 39, NULL, NULL),
(6, 'Wabomba', 'PATMO/SMS', '2016-08-03 08:42:07', 1, 215, NULL, NULL),
(7, 'moses', 'done', '2016-08-23 10:57:24', 1, 185, NULL, NULL),
(8, 'Wanzu', 'To work with Engineering', '2016-08-23 11:16:18', 1, 222, NULL, NULL),
(9, 'moses', 'were', '2016-08-25 12:48:31', 1, 224, NULL, NULL),
(10, 'Wanzunula', 'Satisfactory', '2016-09-14 12:28:36', 1, 201, NULL, NULL),
(11, 'MOSES WABOMBA', 'WELL DONE', '2016-09-14 12:29:52', 1, 233, NULL, NULL);

-- --------------------------------------------------------

--
-- Table structure for table `workshops`
--

CREATE TABLE IF NOT EXISTS `workshops` (
  `id` int(11) NOT NULL AUTO_INCREMENT,
  `subject` varchar(256) NOT NULL,
  `hours` varchar(32) NOT NULL,
  `from_date` date NOT NULL,
  `to_date` date NOT NULL,
  `venue` varchar(128) NOT NULL,
  `modified` timestamp NOT NULL DEFAULT CURRENT_TIMESTAMP ON UPDATE CURRENT_TIMESTAMP,
  `status` tinyint(4) NOT NULL DEFAULT '1',
  `reported_by` varchar(32) NOT NULL,
  `current_user` int(11) DEFAULT NULL,
  `current_user_id` int(11) DEFAULT NULL,
  PRIMARY KEY (`id`)
) ENGINE=InnoDB  DEFAULT CHARSET=latin1 AUTO_INCREMENT=4 ;

--
-- Dumping data for table `workshops`
--

INSERT INTO `workshops` (`id`, `subject`, `hours`, `from_date`, `to_date`, `venue`, `modified`, `status`, `reported_by`, `current_user`, `current_user_id`) VALUES
(1, 'SMS Training', '12:00 - 15:00', '2015-09-18', '2015-09-19', 'Kampala International Hotel', '0000-00-00 00:00:00', 1, 'admin', NULL, NULL),
(2, 'safety promotion', '5', '2016-06-28', '2016-06-28', 'serena', '2016-06-28 06:37:26', 1, 'kakama', NULL, NULL),
(3, 'SUBJECT', 'HOURS', '2016-07-11', '2016-07-11', 'VENUE', '2016-07-11 11:44:19', 1, 'admin', NULL, NULL);

-- --------------------------------------------------------

--
-- Table structure for table `workshop_attendance`
--

CREATE TABLE IF NOT EXISTS `workshop_attendance` (
  `id` int(11) NOT NULL AUTO_INCREMENT,
  `workshop_id` int(11) DEFAULT NULL,
  `employee_no` varchar(32) NOT NULL,
  `name` varchar(128) NOT NULL,
  `position` varchar(128) NOT NULL,
  `email` varchar(32) NOT NULL,
  `phone` varchar(32) NOT NULL,
  `signature` varchar(128) NOT NULL,
  `status` tinyint(4) NOT NULL DEFAULT '1',
  `reported_by` varchar(32) NOT NULL,
  `modified` timestamp NOT NULL DEFAULT CURRENT_TIMESTAMP ON UPDATE CURRENT_TIMESTAMP,
  `current_user` int(11) DEFAULT NULL,
  `current_user_id` int(11) DEFAULT NULL,
  PRIMARY KEY (`id`),
  KEY `workshop_id` (`workshop_id`)
) ENGINE=InnoDB  DEFAULT CHARSET=latin1 AUTO_INCREMENT=3 ;

--
-- Dumping data for table `workshop_attendance`
--

INSERT INTO `workshop_attendance` (`id`, `workshop_id`, `employee_no`, `name`, `position`, `email`, `phone`, `signature`, `status`, `reported_by`, `modified`, `current_user`, `current_user_id`) VALUES
(1, 1, '723', 'Twesigy Ronald', 'SMS Department', 'rkarakire@caa.co.ug', '', '', 1, 'admin', '0000-00-00 00:00:00', NULL, NULL),
(2, 1, 'EMP NO.', 'NAME', 'POSITION', '', '', '', 1, 'admin', '2016-07-11 11:50:17', NULL, NULL);

-- --------------------------------------------------------

--
-- Table structure for table `workshop_facilitators`
--

CREATE TABLE IF NOT EXISTS `workshop_facilitators` (
  `id` int(11) NOT NULL AUTO_INCREMENT,
  `workshop_id` int(11) DEFAULT NULL,
  `print_name` varchar(128) NOT NULL,
  `organization` varchar(128) NOT NULL,
  `status` tinyint(4) NOT NULL DEFAULT '1',
  `reported_by` varchar(32) NOT NULL,
  `modified` timestamp NOT NULL DEFAULT CURRENT_TIMESTAMP ON UPDATE CURRENT_TIMESTAMP,
  `current_user` int(11) DEFAULT NULL,
  `current_user_id` int(11) DEFAULT NULL,
  PRIMARY KEY (`id`),
  KEY `workshop_id` (`workshop_id`)
) ENGINE=InnoDB  DEFAULT CHARSET=latin1 AUTO_INCREMENT=3 ;

--
-- Dumping data for table `workshop_facilitators`
--

INSERT INTO `workshop_facilitators` (`id`, `workshop_id`, `print_name`, `organization`, `status`, `reported_by`, `modified`, `current_user`, `current_user_id`) VALUES
(1, 1, 'CAA', 'Civil Aviation Authority', 1, 'admin', '0000-00-00 00:00:00', NULL, NULL),
(2, 3, 'NAME', 'ORGANIZATION', 1, 'admin', '2016-07-11 11:50:45', NULL, NULL);

--
-- Constraints for dumped tables
--

--
-- Constraints for table `actions`
--
ALTER TABLE `actions`
  ADD CONSTRAINT `fk_actions_1` FOREIGN KEY (`incident_id`) REFERENCES `incidents` (`id`);

--
-- Constraints for table `audit_form`
--
ALTER TABLE `audit_form`
  ADD CONSTRAINT `audit_form_ibfk_1` FOREIGN KEY (`user_id`) REFERENCES `users` (`id`);

--
-- Constraints for table `audit_plan_fields`
--
ALTER TABLE `audit_plan_fields`
  ADD CONSTRAINT `fk_audit_plan_fields_1` FOREIGN KEY (`audit_plan_id`) REFERENCES `audit_plan` (`id`);

--
-- Constraints for table `audit_report`
--
ALTER TABLE `audit_report`
  ADD CONSTRAINT `fk_audit_report_1` FOREIGN KEY (`user`) REFERENCES `users` (`id`),
  ADD CONSTRAINT `fk_audit_report_2` FOREIGN KEY (`audit_plan_id`) REFERENCES `audit_plan` (`id`);

--
-- Constraints for table `audit_report_fields`
--
ALTER TABLE `audit_report_fields`
  ADD CONSTRAINT `fk_audit_report_fields_1` FOREIGN KEY (`report_id`) REFERENCES `audit_report` (`id`);

--
-- Constraints for table `causes`
--
ALTER TABLE `causes`
  ADD CONSTRAINT `fk_causes_1` FOREIGN KEY (`incident_id`) REFERENCES `incidents` (`id`);

--
-- Constraints for table `cm_affected_areas`
--
ALTER TABLE `cm_affected_areas`
  ADD CONSTRAINT `fk_cm_affected_areas_1` FOREIGN KEY (`change_management_id`) REFERENCES `change_management` (`id`);

--
-- Constraints for table `cm_costs`
--
ALTER TABLE `cm_costs`
  ADD CONSTRAINT `fk_cm_costs_1` FOREIGN KEY (`change_management_id`) REFERENCES `change_management` (`id`);

--
-- Constraints for table `consequences`
--
ALTER TABLE `consequences`
  ADD CONSTRAINT `fk_consequences_1` FOREIGN KEY (`incident_id`) REFERENCES `incidents` (`id`);

--
-- Constraints for table `critical_asset_vulnerability`
--
ALTER TABLE `critical_asset_vulnerability`
  ADD CONSTRAINT `critical_fk1_asset_vulnerability` FOREIGN KEY (`critical_asset_id`) REFERENCES `critical_assets` (`id`);

--
-- Constraints for table `duty_controllers`
--
ALTER TABLE `duty_controllers`
  ADD CONSTRAINT `fk_duty_controllers_1` FOREIGN KEY (`sod_id`) REFERENCES `safety_occurrence_data` (`id`),
  ADD CONSTRAINT `fk_duty_controllers_2` FOREIGN KEY (`incident_id`) REFERENCES `incidents` (`id`);

--
-- Constraints for table `effects`
--
ALTER TABLE `effects`
  ADD CONSTRAINT `fk_effects_1` FOREIGN KEY (`hazard_id`) REFERENCES `incidents` (`id`);

--
-- Constraints for table `effect_risk_management`
--
ALTER TABLE `effect_risk_management`
  ADD CONSTRAINT `fk_effect_risk_management_1` FOREIGN KEY (`effects_id`) REFERENCES `effects` (`id`);

--
-- Constraints for table `evidences`
--
ALTER TABLE `evidences`
  ADD CONSTRAINT `fk_evidences_1` FOREIGN KEY (`incident_id`) REFERENCES `incidents` (`id`);

--
-- Constraints for table `existing_defenses`
--
ALTER TABLE `existing_defenses`
  ADD CONSTRAINT `fk_existing_defenses_1` FOREIGN KEY (`incident_id`) REFERENCES `incidents` (`id`);

--
-- Constraints for table `feedback`
--
ALTER TABLE `feedback`
  ADD CONSTRAINT `fk_feedback_1` FOREIGN KEY (`incident_id`) REFERENCES `incidents` (`id`);

--
-- Constraints for table `further_actions`
--
ALTER TABLE `further_actions`
  ADD CONSTRAINT `fk_further_actions_1` FOREIGN KEY (`incident_id`) REFERENCES `incidents` (`id`);

--
-- Constraints for table `hazard_risk_management_register`
--
ALTER TABLE `hazard_risk_management_register`
  ADD CONSTRAINT `fk_hazard_register_1` FOREIGN KEY (`task_step_hazard_id`) REFERENCES `task_step_hazards` (`id`);

--
-- Constraints for table `incidents`
--
ALTER TABLE `incidents`
  ADD CONSTRAINT `fk_incidents_1` FOREIGN KEY (`status`) REFERENCES `status` (`id`),
  ADD CONSTRAINT `fk_incidents_2` FOREIGN KEY (`cause_id`) REFERENCES `incident_cause` (`id`),
  ADD CONSTRAINT `fk_incidents_3` FOREIGN KEY (`category_id`) REFERENCES `incident_category` (`id`);

--
-- Constraints for table `incidents_causes`
--
ALTER TABLE `incidents_causes`
  ADD CONSTRAINT `fk_incidents_causes_1` FOREIGN KEY (`incident_id`) REFERENCES `incidents` (`id`),
  ADD CONSTRAINT `fk_incidents_causes_2` FOREIGN KEY (`cause_id`) REFERENCES `incident_causes_sub` (`id`);

--
-- Constraints for table `incidents_consequences`
--
ALTER TABLE `incidents_consequences`
  ADD CONSTRAINT `fk_incidents_consequences_1` FOREIGN KEY (`incident_id`) REFERENCES `incidents` (`id`),
  ADD CONSTRAINT `fk_incidents_consequences_2` FOREIGN KEY (`consequence_id`) REFERENCES `incident_consequences_sub` (`id`);

--
-- Constraints for table `incident_causes_sub`
--
ALTER TABLE `incident_causes_sub`
  ADD CONSTRAINT `fk_incident_causes_sub_1` FOREIGN KEY (`main_id`) REFERENCES `incident_causes_main` (`id`);

--
-- Constraints for table `incident_consequences_sub`
--
ALTER TABLE `incident_consequences_sub`
  ADD CONSTRAINT `fk_inc_conc_sub_1` FOREIGN KEY (`main_id`) REFERENCES `incident_consequences_main` (`id`);

--
-- Constraints for table `investigators`
--
ALTER TABLE `investigators`
  ADD CONSTRAINT `fk_investigators_1` FOREIGN KEY (`incident_id`) REFERENCES `incidents` (`id`);

--
-- Constraints for table `monitoring_activities`
--
ALTER TABLE `monitoring_activities`
  ADD CONSTRAINT `fk_monitoring_activities_1` FOREIGN KEY (`incident_id`) REFERENCES `incidents` (`id`);

--
-- Constraints for table `monitoring_performance`
--
ALTER TABLE `monitoring_performance`
  ADD CONSTRAINT `fk_mp_1` FOREIGN KEY (`incident_id`) REFERENCES `incidents` (`id`);

--
-- Constraints for table `notifications`
--
ALTER TABLE `notifications`
  ADD CONSTRAINT `notifications_ibfk_1` FOREIGN KEY (`user`) REFERENCES `users` (`id`);

--
-- Constraints for table `performance_targets`
--
ALTER TABLE `performance_targets`
  ADD CONSTRAINT `fk_performance_targets_1` FOREIGN KEY (`incident_id`) REFERENCES `incidents` (`id`);

--
-- Constraints for table `post`
--
ALTER TABLE `post`
  ADD CONSTRAINT `FK_post_cat` FOREIGN KEY (`category_id`) REFERENCES `category` (`ID`);

--
-- Constraints for table `questionnaire_question_answers`
--
ALTER TABLE `questionnaire_question_answers`
  ADD CONSTRAINT `fk_questionnaire_question_answers_1` FOREIGN KEY (`questionnaire_id`) REFERENCES `questionnaire` (`questionnaire_id`),
  ADD CONSTRAINT `fk_questionnaire_question_answers_2` FOREIGN KEY (`question_id`) REFERENCES `questionnaire_questions` (`question_id`);

--
-- Constraints for table `recommended_solutions`
--
ALTER TABLE `recommended_solutions`
  ADD CONSTRAINT `fk_recommened_solutions_1` FOREIGN KEY (`incident_id`) REFERENCES `incidents` (`id`);

--
-- Constraints for table `remarks`
--
ALTER TABLE `remarks`
  ADD CONSTRAINT `fk_remarks_1` FOREIGN KEY (`incident_id`) REFERENCES `incidents` (`id`);

--
-- Constraints for table `rm_consequences`
--
ALTER TABLE `rm_consequences`
  ADD CONSTRAINT `fk_rm_consequences_1` FOREIGN KEY (`risk_management_id`) REFERENCES `risk_management` (`id`);

--
-- Constraints for table `rm_current_defences`
--
ALTER TABLE `rm_current_defences`
  ADD CONSTRAINT `fk_rm_current_defences_1` FOREIGN KEY (`risk_management_id`) REFERENCES `risk_management` (`id`);

--
-- Constraints for table `rm_technical_defences`
--
ALTER TABLE `rm_technical_defences`
  ADD CONSTRAINT `fk_rm_technical_defences_1` FOREIGN KEY (`risk_management_id`) REFERENCES `risk_management` (`id`);

--
-- Constraints for table `safety_occurrence_data`
--
ALTER TABLE `safety_occurrence_data`
  ADD CONSTRAINT `fk_safety_occurrence_data_1` FOREIGN KEY (`incident_id`) REFERENCES `incidents` (`id`);

--
-- Constraints for table `safety_requirements`
--
ALTER TABLE `safety_requirements`
  ADD CONSTRAINT `fk_safety_requirements_1` FOREIGN KEY (`incident_id`) REFERENCES `incidents` (`id`);

--
-- Constraints for table `safety_requirements_next_review_dates`
--
ALTER TABLE `safety_requirements_next_review_dates`
  ADD CONSTRAINT `fk_sr_next_review_dates_1` FOREIGN KEY (`safety_requirement_id`) REFERENCES `safety_recommendations` (`id`);

--
-- Constraints for table `safety_requirements_review_dates`
--
ALTER TABLE `safety_requirements_review_dates`
  ADD CONSTRAINT `fk_sr_review_dates_1` FOREIGN KEY (`safety_requirement_id`) REFERENCES `safety_recommendations` (`id`);

--
-- Constraints for table `severity`
--
ALTER TABLE `severity`
  ADD CONSTRAINT `fk_severity_1` FOREIGN KEY (`incident_id`) REFERENCES `incidents` (`id`);

--
-- Constraints for table `sms_form_124_comments`
--
ALTER TABLE `sms_form_124_comments`
  ADD CONSTRAINT `fk_sms_form_124_comments_1` FOREIGN KEY (`incident_id`) REFERENCES `incidents` (`id`);

--
-- Constraints for table `sms_form_124_contributing_factors`
--
ALTER TABLE `sms_form_124_contributing_factors`
  ADD CONSTRAINT `fk_sms_form_124_contributing_factors_2` FOREIGN KEY (`incident_id`) REFERENCES `incidents` (`id`);

--
-- Constraints for table `sms_form_124_corrective_actions`
--
ALTER TABLE `sms_form_124_corrective_actions`
  ADD CONSTRAINT `fk_sms_form_124_corrective_actions_1` FOREIGN KEY (`incident_id`) REFERENCES `incidents` (`id`);

--
-- Constraints for table `sms_form_124_data`
--
ALTER TABLE `sms_form_124_data`
  ADD CONSTRAINT `fk_sms_form_124_data_1` FOREIGN KEY (`incident_id`) REFERENCES `incidents` (`id`);

--
-- Constraints for table `sms_form_124_data_analysis_checklist`
--
ALTER TABLE `sms_form_124_data_analysis_checklist`
  ADD CONSTRAINT `fk_sms_form_124_data_analysis_checklist_1` FOREIGN KEY (`incident_id`) REFERENCES `incidents` (`id`);

--
-- Constraints for table `system_states`
--
ALTER TABLE `system_states`
  ADD CONSTRAINT `fk_system_states_1` FOREIGN KEY (`incident_id`) REFERENCES `incidents` (`id`);

--
-- Constraints for table `task_steps`
--
ALTER TABLE `task_steps`
  ADD CONSTRAINT `fk_task_steps_1` FOREIGN KEY (`task_id`) REFERENCES `tasks` (`id`);

--
-- Constraints for table `task_step_comments`
--
ALTER TABLE `task_step_comments`
  ADD CONSTRAINT `fk_task_step_comments` FOREIGN KEY (`task_step_id`) REFERENCES `task_steps` (`id`);

--
-- Constraints for table `task_step_hazards`
--
ALTER TABLE `task_step_hazards`
  ADD CONSTRAINT `fk_task_step_hazards_1` FOREIGN KEY (`task_step_id`) REFERENCES `task_steps` (`id`);

--
-- Constraints for table `task_step_hazard_controls`
--
ALTER TABLE `task_step_hazard_controls`
  ADD CONSTRAINT `fk_task_step_hazard_controls_1` FOREIGN KEY (`task_step_id`) REFERENCES `task_steps` (`id`);

--
-- Constraints for table `types_of_controls_sub`
--
ALTER TABLE `types_of_controls_sub`
  ADD CONSTRAINT `fk_types_of_controls_sub_1` FOREIGN KEY (`main_id`) REFERENCES `types_of_controls_main` (`id`);

--
-- Constraints for table `verifications`
--
ALTER TABLE `verifications`
  ADD CONSTRAINT `fk_verifications_1` FOREIGN KEY (`incident_id`) REFERENCES `incidents` (`id`);

--
-- Constraints for table `workshop_attendance`
--
ALTER TABLE `workshop_attendance`
  ADD CONSTRAINT `fk_workshop_attendance_1` FOREIGN KEY (`workshop_id`) REFERENCES `workshops` (`id`);

--
-- Constraints for table `workshop_facilitators`
--
ALTER TABLE `workshop_facilitators`
  ADD CONSTRAINT `fk_workshop_facilitators_1` FOREIGN KEY (`workshop_id`) REFERENCES `workshops` (`id`);

/*!40101 SET CHARACTER_SET_CLIENT=@OLD_CHARACTER_SET_CLIENT */;
/*!40101 SET CHARACTER_SET_RESULTS=@OLD_CHARACTER_SET_RESULTS */;
/*!40101 SET COLLATION_CONNECTION=@OLD_COLLATION_CONNECTION */;
